[0m22:14:50.844787 [debug] [MainThread]: Sending event: {'category': 'dbt', 'action': 'invocation', 'label': 'start', 'context': [<snowplow_tracker.self_describing_json.SelfDescribingJson object at 0x1069add30>, <snowplow_tracker.self_describing_json.SelfDescribingJson object at 0x1101b5910>, <snowplow_tracker.self_describing_json.SelfDescribingJson object at 0x1101b5670>]}


============================== 22:14:50.846645 | 8df1b9c4-302b-438a-9046-d5255a24f34b ==============================
[0m22:14:50.846645 [info ] [MainThread]: Running with dbt=1.11.8
[0m22:14:50.846928 [debug] [MainThread]: running dbt with arguments {'profiles_dir': '/Users/ogdata-mpb16/Documents/DataScienceProjects/student-dropout-retention-predictor/dbt', 'target_path': 'None', 'log_path': '/Users/ogdata-mpb16/Documents/DataScienceProjects/student-dropout-retention-predictor/dbt/logs', 'use_colors': 'True', 'use_experimental_parser': 'False', 'empty': 'None', 'debug': 'False', 'quiet': 'False', 'warn_error_options': 'WarnErrorOptionsV2(error=[], warn=[], silence=[])', 'static_parser': 'True', 'invocation_command': 'dbt debug', 'version_check': 'True', 'introspect': 'True', 'write_json': 'True', 'fail_fast': 'False', 'indirect_selection': 'eager', 'log_cache_events': 'False', 'partial_parse': 'True', 'printer_width': '80', 'cache_selected_only': 'False', 'send_anonymous_usage_stats': 'True', 'log_format': 'default', 'no_print': 'None', 'warn_error': 'None'}
[0m22:14:50.851331 [info ] [MainThread]: dbt version: 1.11.8
[0m22:14:50.851498 [info ] [MainThread]: python version: 3.12.7
[0m22:14:50.851625 [info ] [MainThread]: python path: /Users/ogdata-mpb16/Documents/DataScienceProjects/student-dropout-retention-predictor/venv/bin/python
[0m22:14:50.851749 [info ] [MainThread]: os info: macOS-15.6-arm64-arm-64bit
[0m22:14:51.168076 [info ] [MainThread]: Using profiles dir at /Users/ogdata-mpb16/Documents/DataScienceProjects/student-dropout-retention-predictor/dbt
[0m22:14:51.168345 [info ] [MainThread]: Using profiles.yml file at /Users/ogdata-mpb16/Documents/DataScienceProjects/student-dropout-retention-predictor/dbt/profiles.yml
[0m22:14:51.168498 [info ] [MainThread]: Using dbt_project.yml file at /Users/ogdata-mpb16/Documents/DataScienceProjects/student-dropout-retention-predictor/dbt/dbt_project.yml
[0m22:14:51.169215 [info ] [MainThread]: adapter type: duckdb
[0m22:14:51.169356 [info ] [MainThread]: adapter version: 1.10.1
[0m22:14:51.206425 [info ] [MainThread]: Configuration:
[0m22:14:51.206674 [info ] [MainThread]:   profiles.yml file [[32mOK found and valid[0m]
[0m22:14:51.206803 [info ] [MainThread]:   dbt_project.yml file [[32mOK found and valid[0m]
[0m22:14:51.206912 [info ] [MainThread]: Required dependencies:
[0m22:14:51.207079 [debug] [MainThread]: Executing "git --help"
[0m22:14:51.227476 [debug] [MainThread]: STDOUT: "b"usage: git [-v | --version] [-h | --help] [-C <path>] [-c <name>=<value>]\n           [--exec-path[=<path>]] [--html-path] [--man-path] [--info-path]\n           [-p | --paginate | -P | --no-pager] [--no-replace-objects] [--no-lazy-fetch]\n           [--no-optional-locks] [--no-advice] [--bare] [--git-dir=<path>]\n           [--work-tree=<path>] [--namespace=<name>] [--config-env=<name>=<envvar>]\n           <command> [<args>]\n\nThese are common Git commands used in various situations:\n\nstart a working area (see also: git help tutorial)\n   clone      Clone a repository into a new directory\n   init       Create an empty Git repository or reinitialize an existing one\n\nwork on the current change (see also: git help everyday)\n   add        Add file contents to the index\n   mv         Move or rename a file, a directory, or a symlink\n   restore    Restore working tree files\n   rm         Remove files from the working tree and from the index\n\nexamine the history and state (see also: git help revisions)\n   bisect     Use binary search to find the commit that introduced a bug\n   diff       Show changes between commits, commit and working tree, etc\n   grep       Print lines matching a pattern\n   log        Show commit logs\n   show       Show various types of objects\n   status     Show the working tree status\n\ngrow, mark and tweak your common history\n   backfill   Download missing objects in a partial clone\n   branch     List, create, or delete branches\n   commit     Record changes to the repository\n   merge      Join two or more development histories together\n   rebase     Reapply commits on top of another base tip\n   reset      Reset current HEAD to the specified state\n   switch     Switch branches\n   tag        Create, list, delete or verify a tag object signed with GPG\n\ncollaborate (see also: git help workflows)\n   fetch      Download objects and refs from another repository\n   pull       Fetch from and integrate with another repository or a local branch\n   push       Update remote refs along with associated objects\n\n'git help -a' and 'git help -g' list available subcommands and some\nconcept guides. See 'git help <command>' or 'git help <concept>'\nto read about a specific subcommand or concept.\nSee 'git help git' for an overview of the system.\n""
[0m22:14:51.227893 [debug] [MainThread]: STDERR: "b''"
[0m22:14:51.228046 [info ] [MainThread]:  - git [[32mOK found[0m]

[0m22:14:51.228178 [info ] [MainThread]: Connection:
[0m22:14:51.228302 [info ] [MainThread]:   database: student_dropout
[0m22:14:51.228406 [info ] [MainThread]:   schema: main
[0m22:14:51.228500 [info ] [MainThread]:   path: ../data/student_dropout.duckdb
[0m22:14:51.228595 [info ] [MainThread]:   config_options: None
[0m22:14:51.228687 [info ] [MainThread]:   extensions: None
[0m22:14:51.228779 [info ] [MainThread]:   settings: {}
[0m22:14:51.228873 [info ] [MainThread]:   external_root: .
[0m22:14:51.228963 [info ] [MainThread]:   use_credential_provider: None
[0m22:14:51.229057 [info ] [MainThread]:   attach: None
[0m22:14:51.229147 [info ] [MainThread]:   filesystems: None
[0m22:14:51.229233 [info ] [MainThread]:   remote: None
[0m22:14:51.229323 [info ] [MainThread]:   plugins: None
[0m22:14:51.229410 [info ] [MainThread]:   disable_transactions: False
[0m22:14:51.229664 [info ] [MainThread]: Registered adapter: duckdb=1.10.1
[0m22:14:51.360431 [debug] [MainThread]: Acquiring new duckdb connection 'debug'
[0m22:14:51.375876 [debug] [MainThread]: Using duckdb connection "debug"
[0m22:14:51.376048 [debug] [MainThread]: On debug: select 1 as id
[0m22:14:51.376164 [debug] [MainThread]: Opening a new connection, currently in state init
[0m22:14:51.382594 [debug] [MainThread]: SQL status: OK in 0.006 seconds
[0m22:14:51.382922 [debug] [MainThread]: On debug: Close
[0m22:14:51.383053 [info ] [MainThread]:   Connection test: [[32mOK connection ok[0m]

[0m22:14:51.383183 [info ] [MainThread]: [32mAll checks passed![0m
[0m22:14:51.458824 [debug] [MainThread]: Resource report: {"command_name": "debug", "command_success": true, "command_wall_clock_time": 0.6466609, "process_in_blocks": "0", "process_kernel_time": 0.154869, "process_mem_max_rss": "144752640", "process_out_blocks": "0", "process_user_time": 0.757138}
[0m22:14:51.459218 [debug] [MainThread]: Command `dbt debug` succeeded at 22:14:51.459151 after 0.65 seconds
[0m22:14:51.459420 [debug] [MainThread]: Connection 'debug' was properly closed.
[0m22:14:51.459632 [debug] [MainThread]: Sending event: {'category': 'dbt', 'action': 'invocation', 'label': 'end', 'context': [<snowplow_tracker.self_describing_json.SelfDescribingJson object at 0x1102ecb60>, <snowplow_tracker.self_describing_json.SelfDescribingJson object at 0x106de0380>, <snowplow_tracker.self_describing_json.SelfDescribingJson object at 0x106781e50>]}
[0m22:14:51.459868 [debug] [MainThread]: Flushing usage events
[0m22:14:51.861763 [debug] [MainThread]: An error was encountered while trying to flush usage events
[0m22:14:57.311290 [debug] [MainThread]: Sending event: {'category': 'dbt', 'action': 'invocation', 'label': 'start', 'context': [<snowplow_tracker.self_describing_json.SelfDescribingJson object at 0x101bbc7d0>, <snowplow_tracker.self_describing_json.SelfDescribingJson object at 0x108119700>, <snowplow_tracker.self_describing_json.SelfDescribingJson object at 0x108118e00>]}


============================== 22:14:57.312824 | 3dbf6f0f-60ba-43bf-ade8-72f117450ea8 ==============================
[0m22:14:57.312824 [info ] [MainThread]: Running with dbt=1.11.8
[0m22:14:57.313070 [debug] [MainThread]: running dbt with arguments {'debug': 'False', 'introspect': 'True', 'profiles_dir': '/Users/ogdata-mpb16/Documents/DataScienceProjects/student-dropout-retention-predictor/dbt', 'use_experimental_parser': 'False', 'quiet': 'False', 'use_colors': 'True', 'target_path': 'None', 'log_path': '/Users/ogdata-mpb16/Documents/DataScienceProjects/student-dropout-retention-predictor/dbt/logs', 'static_parser': 'True', 'no_print': 'None', 'version_check': 'True', 'warn_error': 'None', 'log_cache_events': 'False', 'warn_error_options': 'WarnErrorOptionsV2(error=[], warn=[], silence=[])', 'indirect_selection': 'eager', 'invocation_command': 'dbt run', 'log_format': 'default', 'write_json': 'True', 'fail_fast': 'False', 'partial_parse': 'True', 'cache_selected_only': 'False', 'send_anonymous_usage_stats': 'True', 'empty': 'False', 'printer_width': '80'}
[0m22:14:57.385536 [debug] [MainThread]: Sending event: {'category': 'dbt', 'action': 'project_id', 'label': '3dbf6f0f-60ba-43bf-ade8-72f117450ea8', 'context': [<snowplow_tracker.self_describing_json.SelfDescribingJson object at 0x10811bd10>]}
[0m22:14:57.405316 [debug] [MainThread]: Sending event: {'category': 'dbt', 'action': 'adapter_info', 'label': '3dbf6f0f-60ba-43bf-ade8-72f117450ea8', 'context': [<snowplow_tracker.self_describing_json.SelfDescribingJson object at 0x1081bd490>]}
[0m22:14:57.405995 [info ] [MainThread]: Registered adapter: duckdb=1.10.1
[0m22:14:57.448120 [debug] [MainThread]: checksum: 7d524ac048c2100769df89d592e662e060a73ca564e31bd9c2a37efdfe8d8ab6, vars: {}, profile: , target: , version: 1.11.8
[0m22:14:57.448440 [info ] [MainThread]: Unable to do partial parsing because saved manifest not found. Starting full parse.
[0m22:14:57.448599 [debug] [MainThread]: Sending event: {'category': 'dbt', 'action': 'partial_parser', 'label': '3dbf6f0f-60ba-43bf-ade8-72f117450ea8', 'context': [<snowplow_tracker.self_describing_json.SelfDescribingJson object at 0x108594b30>]}
[0m22:14:57.839794 [warn ] [MainThread]: [[33mWARNING[0m][MissingArgumentsPropertyInGenericTestDeprecation]: Deprecated
functionality
Found top-level arguments to test `accepted_values` defined on 'stg_students' in
package 'student_dropout' (models/schema.yml). Arguments to generic tests should
be nested under the `arguments` property.
[0m22:14:57.840050 [debug] [MainThread]: Sending event: {'category': 'dbt', 'action': 'deprecation', 'label': '3dbf6f0f-60ba-43bf-ade8-72f117450ea8', 'property_': 'warn', 'context': [<snowplow_tracker.self_describing_json.SelfDescribingJson object at 0x1087f2c00>]}
[0m22:14:57.916686 [debug] [MainThread]: Sending event: {'category': 'dbt', 'action': 'load_project', 'label': '3dbf6f0f-60ba-43bf-ade8-72f117450ea8', 'context': [<snowplow_tracker.self_describing_json.SelfDescribingJson object at 0x10b530440>]}
[0m22:14:57.949535 [debug] [MainThread]: Wrote artifact WritableManifest to /Users/ogdata-mpb16/Documents/DataScienceProjects/student-dropout-retention-predictor/dbt/target/manifest.json
[0m22:14:57.950338 [debug] [MainThread]: Wrote artifact SemanticManifest to /Users/ogdata-mpb16/Documents/DataScienceProjects/student-dropout-retention-predictor/dbt/target/semantic_manifest.json
[0m22:14:57.954054 [debug] [MainThread]: Sending event: {'category': 'dbt', 'action': 'resource_counts', 'label': '3dbf6f0f-60ba-43bf-ade8-72f117450ea8', 'context': [<snowplow_tracker.self_describing_json.SelfDescribingJson object at 0x10dc85760>]}
[0m22:14:57.954250 [info ] [MainThread]: Found 5 models, 12 data tests, 1 source, 475 macros
[0m22:14:57.954387 [debug] [MainThread]: Sending event: {'category': 'dbt', 'action': 'runnable_timing', 'label': '3dbf6f0f-60ba-43bf-ade8-72f117450ea8', 'context': [<snowplow_tracker.self_describing_json.SelfDescribingJson object at 0x10dc4a0c0>]}
[0m22:14:57.955148 [info ] [MainThread]: 
[0m22:14:57.955281 [info ] [MainThread]: Concurrency: 4 threads (target='dev')
[0m22:14:57.955382 [info ] [MainThread]: 
[0m22:14:57.955555 [debug] [MainThread]: Acquiring new duckdb connection 'master'
[0m22:14:57.957172 [debug] [ThreadPool]: Acquiring new duckdb connection 'list_student_dropout'
[0m22:14:57.957370 [debug] [ThreadPool]: Acquiring new duckdb connection 'list_student_dropout'
[0m22:14:57.961649 [debug] [ThreadPool]: Acquiring new duckdb connection 'list_student_dropout'
[0m22:14:57.974447 [debug] [ThreadPool]: Using duckdb connection "list_student_dropout"
[0m22:14:57.974634 [debug] [ThreadPool]: Using duckdb connection "list_student_dropout"
[0m22:14:57.974761 [debug] [ThreadPool]: On list_student_dropout: /* {"app": "dbt", "dbt_version": "1.11.8", "profile_name": "student_dropout", "target_name": "dev", "connection_name": "list_student_dropout"} */

    
    select schema_name
    from system.information_schema.schemata
    
    where lower(catalog_name) = '"student_dropout"'
    
  
  
[0m22:14:57.974881 [debug] [ThreadPool]: Using duckdb connection "list_student_dropout"
[0m22:14:57.975003 [debug] [ThreadPool]: On list_student_dropout: /* {"app": "dbt", "dbt_version": "1.11.8", "profile_name": "student_dropout", "target_name": "dev", "connection_name": "list_student_dropout"} */

    
    select schema_name
    from system.information_schema.schemata
    
    where lower(catalog_name) = '"student_dropout"'
    
  
  
[0m22:14:57.975131 [debug] [ThreadPool]: Opening a new connection, currently in state init
[0m22:14:57.975227 [debug] [ThreadPool]: On list_student_dropout: /* {"app": "dbt", "dbt_version": "1.11.8", "profile_name": "student_dropout", "target_name": "dev", "connection_name": "list_student_dropout"} */

    
    select schema_name
    from system.information_schema.schemata
    
    where lower(catalog_name) = '"student_dropout"'
    
  
  
[0m22:14:57.975316 [debug] [ThreadPool]: Opening a new connection, currently in state init
[0m22:14:57.975470 [debug] [ThreadPool]: Opening a new connection, currently in state init
[0m22:14:57.981092 [debug] [ThreadPool]: SQL status: OK in 0.006 seconds
[0m22:14:57.981488 [debug] [ThreadPool]: SQL status: OK in 0.006 seconds
[0m22:14:57.981948 [debug] [ThreadPool]: On list_student_dropout: Close
[0m22:14:57.982075 [debug] [ThreadPool]: SQL status: OK in 0.007 seconds
[0m22:14:57.982471 [debug] [ThreadPool]: On list_student_dropout: Close
[0m22:14:57.982924 [debug] [ThreadPool]: On list_student_dropout: Close
[0m22:14:57.983238 [debug] [ThreadPool]: Re-using an available connection from the pool (formerly list_student_dropout, now create_student_dropout_main_staging)
[0m22:14:57.983386 [debug] [ThreadPool]: Re-using an available connection from the pool (formerly list_student_dropout, now create_student_dropout_main_intermediate)
[0m22:14:57.983515 [debug] [ThreadPool]: Re-using an available connection from the pool (formerly list_student_dropout, now create_student_dropout_main_marts)
[0m22:14:57.983658 [debug] [ThreadPool]: Creating schema "database: "student_dropout"
schema: "main_staging"
"
[0m22:14:57.983784 [debug] [ThreadPool]: Creating schema "database: "student_dropout"
schema: "main_intermediate"
"
[0m22:14:57.983903 [debug] [ThreadPool]: Creating schema "database: "student_dropout"
schema: "main_marts"
"
[0m22:14:57.986181 [debug] [ThreadPool]: Using duckdb connection "create_student_dropout_main_staging"
[0m22:14:57.986836 [debug] [ThreadPool]: Using duckdb connection "create_student_dropout_main_intermediate"
[0m22:14:57.987484 [debug] [ThreadPool]: Using duckdb connection "create_student_dropout_main_marts"
[0m22:14:57.987586 [debug] [ThreadPool]: On create_student_dropout_main_staging: /* {"app": "dbt", "dbt_version": "1.11.8", "profile_name": "student_dropout", "target_name": "dev", "connection_name": "create_student_dropout_main_staging"} */

    
        select type from duckdb_databases()
        where lower(database_name)='student_dropout'
        and type='sqlite'
    
  
[0m22:14:57.987690 [debug] [ThreadPool]: On create_student_dropout_main_intermediate: /* {"app": "dbt", "dbt_version": "1.11.8", "profile_name": "student_dropout", "target_name": "dev", "connection_name": "create_student_dropout_main_intermediate"} */

    
        select type from duckdb_databases()
        where lower(database_name)='student_dropout'
        and type='sqlite'
    
  
[0m22:14:57.987792 [debug] [ThreadPool]: On create_student_dropout_main_marts: /* {"app": "dbt", "dbt_version": "1.11.8", "profile_name": "student_dropout", "target_name": "dev", "connection_name": "create_student_dropout_main_marts"} */

    
        select type from duckdb_databases()
        where lower(database_name)='student_dropout'
        and type='sqlite'
    
  
[0m22:14:57.987896 [debug] [ThreadPool]: Opening a new connection, currently in state closed
[0m22:14:57.987979 [debug] [ThreadPool]: Opening a new connection, currently in state closed
[0m22:14:57.988063 [debug] [ThreadPool]: Opening a new connection, currently in state closed
[0m22:14:57.988416 [debug] [ThreadPool]: SQL status: OK in 0.000 seconds
[0m22:14:57.988601 [debug] [ThreadPool]: SQL status: OK in 0.001 seconds
[0m22:14:57.988707 [debug] [ThreadPool]: SQL status: OK in 0.001 seconds
[0m22:14:57.989143 [debug] [ThreadPool]: Using duckdb connection "create_student_dropout_main_staging"
[0m22:14:57.989513 [debug] [ThreadPool]: Using duckdb connection "create_student_dropout_main_marts"
[0m22:14:57.989637 [debug] [ThreadPool]: On create_student_dropout_main_staging: BEGIN
[0m22:14:57.989980 [debug] [ThreadPool]: Using duckdb connection "create_student_dropout_main_intermediate"
[0m22:14:57.990076 [debug] [ThreadPool]: On create_student_dropout_main_marts: BEGIN
[0m22:14:57.990203 [debug] [ThreadPool]: On create_student_dropout_main_intermediate: BEGIN
[0m22:14:57.990376 [debug] [ThreadPool]: SQL status: OK in 0.000 seconds
[0m22:14:57.990493 [debug] [ThreadPool]: Using duckdb connection "create_student_dropout_main_staging"
[0m22:14:57.990589 [debug] [ThreadPool]: On create_student_dropout_main_staging: /* {"app": "dbt", "dbt_version": "1.11.8", "profile_name": "student_dropout", "target_name": "dev", "connection_name": "create_student_dropout_main_staging"} */

    
    
        create schema if not exists "student_dropout"."main_staging"
    
[0m22:14:57.990682 [debug] [ThreadPool]: SQL status: OK in 0.000 seconds
[0m22:14:57.990801 [debug] [ThreadPool]: SQL status: OK in 0.000 seconds
[0m22:14:57.990933 [debug] [ThreadPool]: Using duckdb connection "create_student_dropout_main_marts"
[0m22:14:57.991032 [debug] [ThreadPool]: SQL status: OK in 0.000 seconds
[0m22:14:57.991121 [debug] [ThreadPool]: Using duckdb connection "create_student_dropout_main_intermediate"
[0m22:14:57.991216 [debug] [ThreadPool]: On create_student_dropout_main_marts: /* {"app": "dbt", "dbt_version": "1.11.8", "profile_name": "student_dropout", "target_name": "dev", "connection_name": "create_student_dropout_main_marts"} */

    
    
        create schema if not exists "student_dropout"."main_marts"
    
[0m22:14:57.991469 [debug] [ThreadPool]: On create_student_dropout_main_staging: COMMIT
[0m22:14:57.991570 [debug] [ThreadPool]: On create_student_dropout_main_intermediate: /* {"app": "dbt", "dbt_version": "1.11.8", "profile_name": "student_dropout", "target_name": "dev", "connection_name": "create_student_dropout_main_intermediate"} */

    
    
        create schema if not exists "student_dropout"."main_intermediate"
    
[0m22:14:57.991704 [debug] [ThreadPool]: Using duckdb connection "create_student_dropout_main_staging"
[0m22:14:57.991843 [debug] [ThreadPool]: On create_student_dropout_main_staging: COMMIT
[0m22:14:57.991971 [debug] [ThreadPool]: SQL status: OK in 0.000 seconds
[0m22:14:57.992263 [debug] [ThreadPool]: On create_student_dropout_main_marts: COMMIT
[0m22:14:57.992359 [debug] [ThreadPool]: Using duckdb connection "create_student_dropout_main_marts"
[0m22:14:57.992455 [debug] [ThreadPool]: SQL status: OK in 0.001 seconds
[0m22:14:57.992563 [debug] [ThreadPool]: On create_student_dropout_main_marts: COMMIT
[0m22:14:57.992656 [debug] [ThreadPool]: SQL status: OK in 0.001 seconds
[0m22:14:57.992919 [debug] [ThreadPool]: On create_student_dropout_main_intermediate: COMMIT
[0m22:14:57.993064 [debug] [ThreadPool]: On create_student_dropout_main_staging: Close
[0m22:14:57.993193 [debug] [ThreadPool]: Using duckdb connection "create_student_dropout_main_intermediate"
[0m22:14:57.993301 [debug] [ThreadPool]: SQL status: OK in 0.000 seconds
[0m22:14:57.993484 [debug] [ThreadPool]: On create_student_dropout_main_intermediate: COMMIT
[0m22:14:57.993596 [debug] [ThreadPool]: On create_student_dropout_main_marts: Close
[0m22:14:57.993827 [debug] [ThreadPool]: SQL status: OK in 0.000 seconds
[0m22:14:57.993939 [debug] [ThreadPool]: On create_student_dropout_main_intermediate: Close
[0m22:14:57.994412 [debug] [ThreadPool]: Re-using an available connection from the pool (formerly create_student_dropout_main_staging, now list_student_dropout_main_staging)
[0m22:14:57.994579 [debug] [ThreadPool]: Re-using an available connection from the pool (formerly create_student_dropout_main_marts, now list_student_dropout_main_intermediate)
[0m22:14:57.994733 [debug] [ThreadPool]: Re-using an available connection from the pool (formerly create_student_dropout_main_intermediate, now list_student_dropout_main_marts)
[0m22:14:57.997236 [debug] [ThreadPool]: Using duckdb connection "list_student_dropout_main_staging"
[0m22:14:57.997918 [debug] [ThreadPool]: Using duckdb connection "list_student_dropout_main_intermediate"
[0m22:14:57.998553 [debug] [ThreadPool]: Using duckdb connection "list_student_dropout_main_marts"
[0m22:14:57.998656 [debug] [ThreadPool]: On list_student_dropout_main_staging: BEGIN
[0m22:14:57.998766 [debug] [ThreadPool]: On list_student_dropout_main_intermediate: BEGIN
[0m22:14:57.998875 [debug] [ThreadPool]: On list_student_dropout_main_marts: BEGIN
[0m22:14:57.998974 [debug] [ThreadPool]: Opening a new connection, currently in state closed
[0m22:14:57.999077 [debug] [ThreadPool]: Opening a new connection, currently in state closed
[0m22:14:57.999175 [debug] [ThreadPool]: Opening a new connection, currently in state closed
[0m22:14:57.999384 [debug] [ThreadPool]: SQL status: OK in 0.000 seconds
[0m22:14:57.999485 [debug] [ThreadPool]: Using duckdb connection "list_student_dropout_main_staging"
[0m22:14:57.999581 [debug] [ThreadPool]: SQL status: OK in 0.000 seconds
[0m22:14:57.999685 [debug] [ThreadPool]: On list_student_dropout_main_staging: /* {"app": "dbt", "dbt_version": "1.11.8", "profile_name": "student_dropout", "target_name": "dev", "connection_name": "list_student_dropout_main_staging"} */
select
      'student_dropout' as database,
      table_name as name,
      table_schema as schema,
      CASE table_type
        WHEN 'BASE TABLE' THEN 'table'
        WHEN 'VIEW' THEN 'view'
        WHEN 'LOCAL TEMPORARY' THEN 'table'
        END as type
    from system.information_schema.tables
    where lower(table_schema) = 'main_staging'
    and lower(table_catalog) = 'student_dropout'
  
[0m22:14:57.999792 [debug] [ThreadPool]: SQL status: OK in 0.001 seconds
[0m22:14:57.999883 [debug] [ThreadPool]: Using duckdb connection "list_student_dropout_main_marts"
[0m22:14:58.000022 [debug] [ThreadPool]: Using duckdb connection "list_student_dropout_main_intermediate"
[0m22:14:58.000132 [debug] [ThreadPool]: On list_student_dropout_main_marts: /* {"app": "dbt", "dbt_version": "1.11.8", "profile_name": "student_dropout", "target_name": "dev", "connection_name": "list_student_dropout_main_marts"} */
select
      'student_dropout' as database,
      table_name as name,
      table_schema as schema,
      CASE table_type
        WHEN 'BASE TABLE' THEN 'table'
        WHEN 'VIEW' THEN 'view'
        WHEN 'LOCAL TEMPORARY' THEN 'table'
        END as type
    from system.information_schema.tables
    where lower(table_schema) = 'main_marts'
    and lower(table_catalog) = 'student_dropout'
  
[0m22:14:58.000247 [debug] [ThreadPool]: On list_student_dropout_main_intermediate: /* {"app": "dbt", "dbt_version": "1.11.8", "profile_name": "student_dropout", "target_name": "dev", "connection_name": "list_student_dropout_main_intermediate"} */
select
      'student_dropout' as database,
      table_name as name,
      table_schema as schema,
      CASE table_type
        WHEN 'BASE TABLE' THEN 'table'
        WHEN 'VIEW' THEN 'view'
        WHEN 'LOCAL TEMPORARY' THEN 'table'
        END as type
    from system.information_schema.tables
    where lower(table_schema) = 'main_intermediate'
    and lower(table_catalog) = 'student_dropout'
  
[0m22:14:58.001329 [debug] [ThreadPool]: SQL status: OK in 0.001 seconds
[0m22:14:58.001530 [debug] [ThreadPool]: SQL status: OK in 0.001 seconds
[0m22:14:58.001942 [debug] [ThreadPool]: On list_student_dropout_main_staging: ROLLBACK
[0m22:14:58.002072 [debug] [ThreadPool]: SQL status: OK in 0.002 seconds
[0m22:14:58.002458 [debug] [ThreadPool]: On list_student_dropout_main_intermediate: ROLLBACK
[0m22:14:58.002851 [debug] [ThreadPool]: On list_student_dropout_main_marts: ROLLBACK
[0m22:14:58.003287 [debug] [ThreadPool]: Failed to rollback 'list_student_dropout_main_staging'
[0m22:14:58.003399 [debug] [ThreadPool]: On list_student_dropout_main_staging: Close
[0m22:14:58.003779 [debug] [ThreadPool]: Failed to rollback 'list_student_dropout_main_marts'
[0m22:14:58.003921 [debug] [ThreadPool]: On list_student_dropout_main_marts: Close
[0m22:14:58.004209 [debug] [ThreadPool]: Failed to rollback 'list_student_dropout_main_intermediate'
[0m22:14:58.004352 [debug] [ThreadPool]: On list_student_dropout_main_intermediate: Close
[0m22:14:58.004571 [debug] [MainThread]: Sending event: {'category': 'dbt', 'action': 'runnable_timing', 'label': '3dbf6f0f-60ba-43bf-ade8-72f117450ea8', 'context': [<snowplow_tracker.self_describing_json.SelfDescribingJson object at 0x1081f57c0>]}
[0m22:14:58.004721 [debug] [MainThread]: Using duckdb connection "master"
[0m22:14:58.004808 [debug] [MainThread]: On master: BEGIN
[0m22:14:58.004890 [debug] [MainThread]: Opening a new connection, currently in state init
[0m22:14:58.005047 [debug] [MainThread]: SQL status: OK in 0.000 seconds
[0m22:14:58.005137 [debug] [MainThread]: On master: COMMIT
[0m22:14:58.005219 [debug] [MainThread]: Using duckdb connection "master"
[0m22:14:58.005298 [debug] [MainThread]: On master: COMMIT
[0m22:14:58.005422 [debug] [MainThread]: SQL status: OK in 0.000 seconds
[0m22:14:58.005512 [debug] [MainThread]: On master: Close
[0m22:14:58.006648 [debug] [Thread-1 (]: Began running node model.student_dropout.stg_students
[0m22:14:58.006835 [info ] [Thread-1 (]: 1 of 5 START sql view model main_staging.stg_students .......................... [RUN]
[0m22:14:58.006993 [debug] [Thread-1 (]: Re-using an available connection from the pool (formerly list_student_dropout_main_staging, now model.student_dropout.stg_students)
[0m22:14:58.007111 [debug] [Thread-1 (]: Began compiling node model.student_dropout.stg_students
[0m22:14:58.009905 [debug] [Thread-1 (]: Writing injected SQL for node "model.student_dropout.stg_students"
[0m22:14:58.010291 [debug] [Thread-1 (]: Began executing node model.student_dropout.stg_students
[0m22:14:58.020651 [debug] [Thread-1 (]: Writing runtime sql for node "model.student_dropout.stg_students"
[0m22:14:58.021110 [debug] [Thread-1 (]: Using duckdb connection "model.student_dropout.stg_students"
[0m22:14:58.021225 [debug] [Thread-1 (]: On model.student_dropout.stg_students: BEGIN
[0m22:14:58.021326 [debug] [Thread-1 (]: Opening a new connection, currently in state closed
[0m22:14:58.021541 [debug] [Thread-1 (]: SQL status: OK in 0.000 seconds
[0m22:14:58.021652 [debug] [Thread-1 (]: Using duckdb connection "model.student_dropout.stg_students"
[0m22:14:58.021818 [debug] [Thread-1 (]: On model.student_dropout.stg_students: /* {"app": "dbt", "dbt_version": "1.11.8", "profile_name": "student_dropout", "target_name": "dev", "node_id": "model.student_dropout.stg_students"} */

  
  create view "student_dropout"."main_staging"."stg_students__dbt_tmp" as (
    -- stg_students.sql
-- Staging layer: rename columns to snake_case, cast types, no business logic.
-- Source: UCI flat file loaded via DuckDB read_csv
-- Notes:
--   - UTF-8 BOM on first column handled via encoding='utf-8-bom' in sources.yml
--   - DuckDB uses double-quotes for column identifiers (not backticks)

with source as (
    select * from "student_dropout"."main"."read_csv('../data/raw/data.csv', header=true, encoding='utf-8-bom', delim=';')"
),

renamed as (
    select
        -- enrollment & program
        "Marital status"                                    as marital_status,
        "Application mode"                                  as application_mode,
        "Application order"                                 as application_order,
        "Course"                                            as course_id,
        "Daytime/evening attendance"                        as attendance_type,

        -- prior academic background
        "Previous qualification"                            as previous_qualification,
        "Previous qualification (grade)"                    as previous_qualification_grade,
        "Admission grade"                                   as admission_grade,

        -- student demographics
        "Nacionality"                                       as nationality,
        "Gender"                                            as gender,
        "Age at enrollment"                                 as age_at_enrollment,
        "International"                                     as is_international,
        "Displaced"                                         as is_displaced,

        -- household background
        "Mother's qualification"                            as mothers_qualification,
        "Father's qualification"                            as fathers_qualification,
        "Mother's occupation"                               as mothers_occupation,
        "Father's occupation"                               as fathers_occupation,

        -- financial & support
        "Scholarship holder"                                as is_scholarship_holder,
        "Tuition fees up to date"                           as tuition_fees_up_to_date,
        "Debtor"                                            as is_debtor,
        "Educational special needs"                         as has_special_needs,

        -- semester 1 academic performance
        "Curricular units 1st sem (credited)"               as sem1_units_credited,
        "Curricular units 1st sem (enrolled)"               as sem1_units_enrolled,
        "Curricular units 1st sem (evaluations)"            as sem1_evaluations,
        "Curricular units 1st sem (approved)"               as sem1_units_approved,
        "Curricular units 1st sem (grade)"                  as sem1_grade,
        "Curricular units 1st sem (without evaluations)"    as sem1_units_no_eval,

        -- semester 2 academic performance
        "Curricular units 2nd sem (credited)"               as sem2_units_credited,
        "Curricular units 2nd sem (enrolled)"               as sem2_units_enrolled,
        "Curricular units 2nd sem (evaluations)"            as sem2_evaluations,
        "Curricular units 2nd sem (approved)"               as sem2_units_approved,
        "Curricular units 2nd sem (grade)"                  as sem2_grade,
        "Curricular units 2nd sem (without evaluations)"    as sem2_units_no_eval,

        -- macroeconomic context (period-level, not student-level)
        "Unemployment rate"                                 as unemployment_rate,
        "Inflation rate"                                    as inflation_rate,
        "GDP"                                               as gdp,

        -- target
        "Target"                                            as outcome

    from source
)

select * from renamed
  );

[0m22:14:58.022595 [debug] [Thread-1 (]: DuckDB adapter: duckdb error: Catalog Error: Table with name read_csv('../data/raw/data.csv', header=true, encoding='utf-8-bom', delim=';') does not exist!
Did you mean "information_schema.character_sets"?

LINE 13:     select * from "student_dropout"."main"."read_csv('../data/raw/data.csv...
                           ^
[0m22:14:58.022785 [debug] [Thread-1 (]: DuckDB adapter: Error running SQL: /* {"app": "dbt", "dbt_version": "1.11.8", "profile_name": "student_dropout", "target_name": "dev", "node_id": "model.student_dropout.stg_students"} */

  
  create view "student_dropout"."main_staging"."stg_students__dbt_tmp" as (
    -- stg_students.sql
-- Staging layer: rename columns to snake_case, cast types, no business logic.
-- Source: UCI flat file loaded via DuckDB read_csv
-- Notes:
--   - UTF-8 BOM on first column handled via encoding='utf-8-bom' in sources.yml
--   - DuckDB uses double-quotes for column identifiers (not backticks)

with source as (
    select * from "student_dropout"."main"."read_csv('../data/raw/data.csv', header=true, encoding='utf-8-bom', delim=';')"
),

renamed as (
    select
        -- enrollment & program
        "Marital status"                                    as marital_status,
        "Application mode"                                  as application_mode,
        "Application order"                                 as application_order,
        "Course"                                            as course_id,
        "Daytime/evening attendance"                        as attendance_type,

        -- prior academic background
        "Previous qualification"                            as previous_qualification,
        "Previous qualification (grade)"                    as previous_qualification_grade,
        "Admission grade"                                   as admission_grade,

        -- student demographics
        "Nacionality"                                       as nationality,
        "Gender"                                            as gender,
        "Age at enrollment"                                 as age_at_enrollment,
        "International"                                     as is_international,
        "Displaced"                                         as is_displaced,

        -- household background
        "Mother's qualification"                            as mothers_qualification,
        "Father's qualification"                            as fathers_qualification,
        "Mother's occupation"                               as mothers_occupation,
        "Father's occupation"                               as fathers_occupation,

        -- financial & support
        "Scholarship holder"                                as is_scholarship_holder,
        "Tuition fees up to date"                           as tuition_fees_up_to_date,
        "Debtor"                                            as is_debtor,
        "Educational special needs"                         as has_special_needs,

        -- semester 1 academic performance
        "Curricular units 1st sem (credited)"               as sem1_units_credited,
        "Curricular units 1st sem (enrolled)"               as sem1_units_enrolled,
        "Curricular units 1st sem (evaluations)"            as sem1_evaluations,
        "Curricular units 1st sem (approved)"               as sem1_units_approved,
        "Curricular units 1st sem (grade)"                  as sem1_grade,
        "Curricular units 1st sem (without evaluations)"    as sem1_units_no_eval,

        -- semester 2 academic performance
        "Curricular units 2nd sem (credited)"               as sem2_units_credited,
        "Curricular units 2nd sem (enrolled)"               as sem2_units_enrolled,
        "Curricular units 2nd sem (evaluations)"            as sem2_evaluations,
        "Curricular units 2nd sem (approved)"               as sem2_units_approved,
        "Curricular units 2nd sem (grade)"                  as sem2_grade,
        "Curricular units 2nd sem (without evaluations)"    as sem2_units_no_eval,

        -- macroeconomic context (period-level, not student-level)
        "Unemployment rate"                                 as unemployment_rate,
        "Inflation rate"                                    as inflation_rate,
        "GDP"                                               as gdp,

        -- target
        "Target"                                            as outcome

    from source
)

select * from renamed
  );

[0m22:14:58.022939 [debug] [Thread-1 (]: DuckDB adapter: Rolling back transaction.
[0m22:14:58.023035 [debug] [Thread-1 (]: On model.student_dropout.stg_students: ROLLBACK
[0m22:14:58.023549 [debug] [Thread-1 (]: Failed to rollback 'model.student_dropout.stg_students'
[0m22:14:58.023698 [debug] [Thread-1 (]: On model.student_dropout.stg_students: Close
[0m22:14:58.025346 [debug] [Thread-1 (]: Runtime Error in model stg_students (models/staging/stg_students.sql)
  Catalog Error: Table with name read_csv('../data/raw/data.csv', header=true, encoding='utf-8-bom', delim=';') does not exist!
  Did you mean "information_schema.character_sets"?
  
  LINE 13:     select * from "student_dropout"."main"."read_csv('../data/raw/data.csv...
                             ^
[0m22:14:58.025938 [debug] [Thread-1 (]: Sending event: {'category': 'dbt', 'action': 'run_model', 'label': '3dbf6f0f-60ba-43bf-ade8-72f117450ea8', 'context': [<snowplow_tracker.self_describing_json.SelfDescribingJson object at 0x10dd0b230>]}
[0m22:14:58.026150 [error] [Thread-1 (]: 1 of 5 ERROR creating sql view model main_staging.stg_students ................. [[31mERROR[0m in 0.02s]
[0m22:14:58.026364 [debug] [Thread-1 (]: Finished running node model.student_dropout.stg_students
[0m22:14:58.026570 [debug] [Thread-7 (]: Marking all children of 'model.student_dropout.stg_students' to be skipped because of status 'error'.  Reason: Runtime Error in model stg_students (models/staging/stg_students.sql)
  Catalog Error: Table with name read_csv('../data/raw/data.csv', header=true, encoding='utf-8-bom', delim=';') does not exist!
  Did you mean "information_schema.character_sets"?
  
  LINE 13:     select * from "student_dropout"."main"."read_csv('../data/raw/data.csv...
                             ^.
[0m22:14:58.027076 [debug] [Thread-3 (]: Began running node model.student_dropout.int_economic_context
[0m22:14:58.027234 [debug] [Thread-4 (]: Began running node model.student_dropout.int_program_context
[0m22:14:58.027491 [debug] [Thread-2 (]: Began running node model.student_dropout.int_student_demographics
[0m22:14:58.027382 [info ] [Thread-3 (]: 2 of 5 SKIP relation main_intermediate.int_economic_context .................... [[33mSKIP[0m]
[0m22:14:58.027642 [info ] [Thread-4 (]: 3 of 5 SKIP relation main_intermediate.int_program_context ..................... [[33mSKIP[0m]
[0m22:14:58.027943 [debug] [Thread-3 (]: Finished running node model.student_dropout.int_economic_context
[0m22:14:58.027794 [info ] [Thread-2 (]: 4 of 5 SKIP relation main_intermediate.int_student_demographics ................ [[33mSKIP[0m]
[0m22:14:58.028105 [debug] [Thread-4 (]: Finished running node model.student_dropout.int_program_context
[0m22:14:58.028280 [debug] [Thread-2 (]: Finished running node model.student_dropout.int_student_demographics
[0m22:14:58.028467 [debug] [Thread-1 (]: Began running node model.student_dropout.fct_enrollment_outcomes
[0m22:14:58.028595 [info ] [Thread-1 (]: 5 of 5 SKIP relation main_marts.fct_enrollment_outcomes ........................ [[33mSKIP[0m]
[0m22:14:58.028727 [debug] [Thread-1 (]: Finished running node model.student_dropout.fct_enrollment_outcomes
[0m22:14:58.029130 [debug] [MainThread]: Using duckdb connection "master"
[0m22:14:58.029240 [debug] [MainThread]: On master: BEGIN
[0m22:14:58.029335 [debug] [MainThread]: Opening a new connection, currently in state closed
[0m22:14:58.029498 [debug] [MainThread]: SQL status: OK in 0.000 seconds
[0m22:14:58.029595 [debug] [MainThread]: On master: COMMIT
[0m22:14:58.029696 [debug] [MainThread]: Using duckdb connection "master"
[0m22:14:58.029789 [debug] [MainThread]: On master: COMMIT
[0m22:14:58.029923 [debug] [MainThread]: SQL status: OK in 0.000 seconds
[0m22:14:58.030019 [debug] [MainThread]: On master: Close
[0m22:14:58.030151 [debug] [MainThread]: Connection 'master' was properly closed.
[0m22:14:58.030246 [debug] [MainThread]: Connection 'model.student_dropout.stg_students' was properly closed.
[0m22:14:58.030333 [debug] [MainThread]: Connection 'list_student_dropout_main_intermediate' was properly closed.
[0m22:14:58.030418 [debug] [MainThread]: Connection 'list_student_dropout_main_marts' was properly closed.
[0m22:14:58.030544 [info ] [MainThread]: 
[0m22:14:58.030659 [info ] [MainThread]: Finished running 1 table model, 4 view models in 0 hours 0 minutes and 0.08 seconds (0.08s).
[0m22:14:58.030924 [debug] [MainThread]: Command end result
[0m22:14:58.063598 [debug] [MainThread]: Wrote artifact WritableManifest to /Users/ogdata-mpb16/Documents/DataScienceProjects/student-dropout-retention-predictor/dbt/target/manifest.json
[0m22:14:58.064299 [debug] [MainThread]: Wrote artifact SemanticManifest to /Users/ogdata-mpb16/Documents/DataScienceProjects/student-dropout-retention-predictor/dbt/target/semantic_manifest.json
[0m22:14:58.066350 [debug] [MainThread]: Wrote artifact RunExecutionResult to /Users/ogdata-mpb16/Documents/DataScienceProjects/student-dropout-retention-predictor/dbt/target/run_results.json
[0m22:14:58.066463 [info ] [MainThread]: 
[0m22:14:58.066595 [info ] [MainThread]: [31mCompleted with 1 error, 0 partial successes, and 0 warnings:[0m
[0m22:14:58.066699 [info ] [MainThread]: 
[0m22:14:58.066832 [error] [MainThread]: [31mFailure in model stg_students (models/staging/stg_students.sql)[0m
[0m22:14:58.066956 [error] [MainThread]:   Runtime Error in model stg_students (models/staging/stg_students.sql)
  Catalog Error: Table with name read_csv('../data/raw/data.csv', header=true, encoding='utf-8-bom', delim=';') does not exist!
  Did you mean "information_schema.character_sets"?
  
  LINE 13:     select * from "student_dropout"."main"."read_csv('../data/raw/data.csv...
                             ^
[0m22:14:58.067057 [info ] [MainThread]: 
[0m22:14:58.067171 [info ] [MainThread]:   compiled code at target/compiled/student_dropout/models/staging/stg_students.sql
[0m22:14:58.067265 [info ] [MainThread]: 
[0m22:14:58.067378 [info ] [MainThread]: Done. PASS=0 WARN=0 ERROR=1 SKIP=4 NO-OP=0 TOTAL=5
[0m22:14:58.067567 [warn ] [MainThread]: [[33mWARNING[0m][DeprecationsSummary]: Deprecated functionality
Summary of encountered deprecations:
- MissingArgumentsPropertyInGenericTestDeprecation: 2 occurrences
To see all deprecation instances instead of just the first occurrence of each,
run command again with the `--show-all-deprecations` flag. You may also need to
run with `--no-partial-parse` as some deprecations are only encountered during
parsing.
[0m22:14:58.068689 [debug] [MainThread]: Resource report: {"command_name": "run", "command_success": false, "command_wall_clock_time": 0.78244984, "process_in_blocks": "0", "process_kernel_time": 0.119663, "process_mem_max_rss": "164724736", "process_out_blocks": "0", "process_user_time": 1.194379}
[0m22:14:58.068845 [debug] [MainThread]: Command `dbt run` failed at 22:14:58.068818 after 0.78 seconds
[0m22:14:58.068967 [debug] [MainThread]: Sending event: {'category': 'dbt', 'action': 'invocation', 'label': 'end', 'context': [<snowplow_tracker.self_describing_json.SelfDescribingJson object at 0x107302d20>, <snowplow_tracker.self_describing_json.SelfDescribingJson object at 0x1074715e0>, <snowplow_tracker.self_describing_json.SelfDescribingJson object at 0x10e9abcb0>]}
[0m22:14:58.069083 [debug] [MainThread]: Flushing usage events
[0m22:14:58.422611 [debug] [MainThread]: An error was encountered while trying to flush usage events
[0m22:19:54.640601 [debug] [MainThread]: Sending event: {'category': 'dbt', 'action': 'invocation', 'label': 'start', 'context': [<snowplow_tracker.self_describing_json.SelfDescribingJson object at 0x101ee5850>, <snowplow_tracker.self_describing_json.SelfDescribingJson object at 0x10611d460>, <snowplow_tracker.self_describing_json.SelfDescribingJson object at 0x10611d1c0>]}


============================== 22:19:54.642088 | 8547caa1-d5bb-452a-bc97-24a6bce67e4d ==============================
[0m22:19:54.642088 [info ] [MainThread]: Running with dbt=1.11.8
[0m22:19:54.642346 [debug] [MainThread]: running dbt with arguments {'warn_error': 'None', 'cache_selected_only': 'False', 'static_parser': 'True', 'version_check': 'True', 'send_anonymous_usage_stats': 'True', 'indirect_selection': 'eager', 'log_path': '/Users/ogdata-mpb16/Documents/DataScienceProjects/student-dropout-retention-predictor/dbt/logs', 'warn_error_options': 'WarnErrorOptionsV2(error=[], warn=[], silence=[])', 'partial_parse': 'True', 'debug': 'False', 'log_cache_events': 'False', 'target_path': 'None', 'no_print': 'None', 'quiet': 'False', 'log_format': 'default', 'write_json': 'True', 'profiles_dir': '/Users/ogdata-mpb16/Documents/DataScienceProjects/student-dropout-retention-predictor/dbt', 'printer_width': '80', 'use_experimental_parser': 'False', 'use_colors': 'True', 'fail_fast': 'False', 'invocation_command': 'dbt run', 'empty': 'False', 'introspect': 'True'}
[0m22:19:54.715866 [debug] [MainThread]: Sending event: {'category': 'dbt', 'action': 'project_id', 'label': '8547caa1-d5bb-452a-bc97-24a6bce67e4d', 'context': [<snowplow_tracker.self_describing_json.SelfDescribingJson object at 0x1050a1d60>]}
[0m22:19:54.735653 [debug] [MainThread]: Sending event: {'category': 'dbt', 'action': 'adapter_info', 'label': '8547caa1-d5bb-452a-bc97-24a6bce67e4d', 'context': [<snowplow_tracker.self_describing_json.SelfDescribingJson object at 0x105878530>]}
[0m22:19:54.736316 [info ] [MainThread]: Registered adapter: duckdb=1.10.1
[0m22:19:54.778311 [debug] [MainThread]: checksum: 7d524ac048c2100769df89d592e662e060a73ca564e31bd9c2a37efdfe8d8ab6, vars: {}, profile: , target: , version: 1.11.8
[0m22:19:54.819634 [debug] [MainThread]: Partial parsing enabled: 0 files deleted, 0 files added, 1 files changed.
[0m22:19:54.819892 [debug] [MainThread]: Partial parsing: updated file: student_dropout://models/staging/stg_students.sql
[0m22:19:54.929840 [warn ] [MainThread]: [[33mWARNING[0m][MissingArgumentsPropertyInGenericTestDeprecation]: Deprecated
functionality
Found top-level arguments to test `accepted_values` defined on 'stg_students' in
package 'student_dropout' (models/schema.yml). Arguments to generic tests should
be nested under the `arguments` property.
[0m22:19:54.930087 [debug] [MainThread]: Sending event: {'category': 'dbt', 'action': 'deprecation', 'label': '8547caa1-d5bb-452a-bc97-24a6bce67e4d', 'property_': 'warn', 'context': [<snowplow_tracker.self_describing_json.SelfDescribingJson object at 0x1072e8080>]}
[0m22:19:54.958128 [debug] [MainThread]: Sending event: {'category': 'dbt', 'action': 'load_project', 'label': '8547caa1-d5bb-452a-bc97-24a6bce67e4d', 'context': [<snowplow_tracker.self_describing_json.SelfDescribingJson object at 0x1078522d0>]}
[0m22:19:55.009543 [debug] [MainThread]: Wrote artifact WritableManifest to /Users/ogdata-mpb16/Documents/DataScienceProjects/student-dropout-retention-predictor/dbt/target/manifest.json
[0m22:19:55.010288 [debug] [MainThread]: Wrote artifact SemanticManifest to /Users/ogdata-mpb16/Documents/DataScienceProjects/student-dropout-retention-predictor/dbt/target/semantic_manifest.json
[0m22:19:55.013461 [debug] [MainThread]: Sending event: {'category': 'dbt', 'action': 'resource_counts', 'label': '8547caa1-d5bb-452a-bc97-24a6bce67e4d', 'context': [<snowplow_tracker.self_describing_json.SelfDescribingJson object at 0x107364a40>]}
[0m22:19:55.013631 [info ] [MainThread]: Found 5 models, 12 data tests, 1 source, 475 macros
[0m22:19:55.013760 [debug] [MainThread]: Sending event: {'category': 'dbt', 'action': 'runnable_timing', 'label': '8547caa1-d5bb-452a-bc97-24a6bce67e4d', 'context': [<snowplow_tracker.self_describing_json.SelfDescribingJson object at 0x10737cf50>]}
[0m22:19:55.014477 [info ] [MainThread]: 
[0m22:19:55.014605 [info ] [MainThread]: Concurrency: 4 threads (target='dev')
[0m22:19:55.014705 [info ] [MainThread]: 
[0m22:19:55.014875 [debug] [MainThread]: Acquiring new duckdb connection 'master'
[0m22:19:55.016591 [debug] [ThreadPool]: Acquiring new duckdb connection 'list_student_dropout'
[0m22:19:55.020756 [debug] [ThreadPool]: Acquiring new duckdb connection 'list_student_dropout'
[0m22:19:55.021692 [debug] [ThreadPool]: Acquiring new duckdb connection 'list_student_dropout'
[0m22:19:55.036718 [debug] [ThreadPool]: Using duckdb connection "list_student_dropout"
[0m22:19:55.036898 [debug] [ThreadPool]: Using duckdb connection "list_student_dropout"
[0m22:19:55.037010 [debug] [ThreadPool]: Using duckdb connection "list_student_dropout"
[0m22:19:55.037116 [debug] [ThreadPool]: On list_student_dropout: /* {"app": "dbt", "dbt_version": "1.11.8", "profile_name": "student_dropout", "target_name": "dev", "connection_name": "list_student_dropout"} */

    
    select schema_name
    from system.information_schema.schemata
    
    where lower(catalog_name) = '"student_dropout"'
    
  
  
[0m22:19:55.037230 [debug] [ThreadPool]: On list_student_dropout: /* {"app": "dbt", "dbt_version": "1.11.8", "profile_name": "student_dropout", "target_name": "dev", "connection_name": "list_student_dropout"} */

    
    select schema_name
    from system.information_schema.schemata
    
    where lower(catalog_name) = '"student_dropout"'
    
  
  
[0m22:19:55.037328 [debug] [ThreadPool]: On list_student_dropout: /* {"app": "dbt", "dbt_version": "1.11.8", "profile_name": "student_dropout", "target_name": "dev", "connection_name": "list_student_dropout"} */

    
    select schema_name
    from system.information_schema.schemata
    
    where lower(catalog_name) = '"student_dropout"'
    
  
  
[0m22:19:55.037423 [debug] [ThreadPool]: Opening a new connection, currently in state init
[0m22:19:55.037512 [debug] [ThreadPool]: Opening a new connection, currently in state init
[0m22:19:55.037598 [debug] [ThreadPool]: Opening a new connection, currently in state init
[0m22:19:55.043091 [debug] [ThreadPool]: SQL status: OK in 0.005 seconds
[0m22:19:55.043232 [debug] [ThreadPool]: SQL status: OK in 0.006 seconds
[0m22:19:55.043609 [debug] [ThreadPool]: SQL status: OK in 0.006 seconds
[0m22:19:55.044050 [debug] [ThreadPool]: On list_student_dropout: Close
[0m22:19:55.044410 [debug] [ThreadPool]: On list_student_dropout: Close
[0m22:19:55.044753 [debug] [ThreadPool]: On list_student_dropout: Close
[0m22:19:55.045146 [debug] [ThreadPool]: Re-using an available connection from the pool (formerly list_student_dropout, now create_student_dropout_main_marts)
[0m22:19:55.045280 [debug] [ThreadPool]: Re-using an available connection from the pool (formerly list_student_dropout, now create_student_dropout_main_intermediate)
[0m22:19:55.045399 [debug] [ThreadPool]: Re-using an available connection from the pool (formerly list_student_dropout, now create_student_dropout_main_staging)
[0m22:19:55.045541 [debug] [ThreadPool]: Creating schema "database: "student_dropout"
schema: "main_marts"
"
[0m22:19:55.045674 [debug] [ThreadPool]: Creating schema "database: "student_dropout"
schema: "main_intermediate"
"
[0m22:19:55.045798 [debug] [ThreadPool]: Creating schema "database: "student_dropout"
schema: "main_staging"
"
[0m22:19:55.048216 [debug] [ThreadPool]: Using duckdb connection "create_student_dropout_main_marts"
[0m22:19:55.048929 [debug] [ThreadPool]: Using duckdb connection "create_student_dropout_main_intermediate"
[0m22:19:55.049576 [debug] [ThreadPool]: Using duckdb connection "create_student_dropout_main_staging"
[0m22:19:55.049692 [debug] [ThreadPool]: On create_student_dropout_main_marts: /* {"app": "dbt", "dbt_version": "1.11.8", "profile_name": "student_dropout", "target_name": "dev", "connection_name": "create_student_dropout_main_marts"} */

    
        select type from duckdb_databases()
        where lower(database_name)='student_dropout'
        and type='sqlite'
    
  
[0m22:19:55.049810 [debug] [ThreadPool]: On create_student_dropout_main_intermediate: /* {"app": "dbt", "dbt_version": "1.11.8", "profile_name": "student_dropout", "target_name": "dev", "connection_name": "create_student_dropout_main_intermediate"} */

    
        select type from duckdb_databases()
        where lower(database_name)='student_dropout'
        and type='sqlite'
    
  
[0m22:19:55.049910 [debug] [ThreadPool]: On create_student_dropout_main_staging: /* {"app": "dbt", "dbt_version": "1.11.8", "profile_name": "student_dropout", "target_name": "dev", "connection_name": "create_student_dropout_main_staging"} */

    
        select type from duckdb_databases()
        where lower(database_name)='student_dropout'
        and type='sqlite'
    
  
[0m22:19:55.050011 [debug] [ThreadPool]: Opening a new connection, currently in state closed
[0m22:19:55.050117 [debug] [ThreadPool]: Opening a new connection, currently in state closed
[0m22:19:55.050204 [debug] [ThreadPool]: Opening a new connection, currently in state closed
[0m22:19:55.050553 [debug] [ThreadPool]: SQL status: OK in 0.001 seconds
[0m22:19:55.050704 [debug] [ThreadPool]: SQL status: OK in 0.001 seconds
[0m22:19:55.050824 [debug] [ThreadPool]: SQL status: OK in 0.001 seconds
[0m22:19:55.051216 [debug] [ThreadPool]: Using duckdb connection "create_student_dropout_main_marts"
[0m22:19:55.051545 [debug] [ThreadPool]: Using duckdb connection "create_student_dropout_main_intermediate"
[0m22:19:55.051672 [debug] [ThreadPool]: On create_student_dropout_main_marts: BEGIN
[0m22:19:55.052067 [debug] [ThreadPool]: Using duckdb connection "create_student_dropout_main_staging"
[0m22:19:55.052177 [debug] [ThreadPool]: On create_student_dropout_main_intermediate: BEGIN
[0m22:19:55.052312 [debug] [ThreadPool]: On create_student_dropout_main_staging: BEGIN
[0m22:19:55.052506 [debug] [ThreadPool]: SQL status: OK in 0.000 seconds
[0m22:19:55.052658 [debug] [ThreadPool]: Using duckdb connection "create_student_dropout_main_marts"
[0m22:19:55.052773 [debug] [ThreadPool]: On create_student_dropout_main_marts: /* {"app": "dbt", "dbt_version": "1.11.8", "profile_name": "student_dropout", "target_name": "dev", "connection_name": "create_student_dropout_main_marts"} */

    
    
        create schema if not exists "student_dropout"."main_marts"
    
[0m22:19:55.052872 [debug] [ThreadPool]: SQL status: OK in 0.000 seconds
[0m22:19:55.052992 [debug] [ThreadPool]: SQL status: OK in 0.001 seconds
[0m22:19:55.053116 [debug] [ThreadPool]: Using duckdb connection "create_student_dropout_main_staging"
[0m22:19:55.053219 [debug] [ThreadPool]: SQL status: OK in 0.000 seconds
[0m22:19:55.053306 [debug] [ThreadPool]: Using duckdb connection "create_student_dropout_main_intermediate"
[0m22:19:55.053401 [debug] [ThreadPool]: On create_student_dropout_main_staging: /* {"app": "dbt", "dbt_version": "1.11.8", "profile_name": "student_dropout", "target_name": "dev", "connection_name": "create_student_dropout_main_staging"} */

    
    
        create schema if not exists "student_dropout"."main_staging"
    
[0m22:19:55.053655 [debug] [ThreadPool]: On create_student_dropout_main_marts: COMMIT
[0m22:19:55.053756 [debug] [ThreadPool]: On create_student_dropout_main_intermediate: /* {"app": "dbt", "dbt_version": "1.11.8", "profile_name": "student_dropout", "target_name": "dev", "connection_name": "create_student_dropout_main_intermediate"} */

    
    
        create schema if not exists "student_dropout"."main_intermediate"
    
[0m22:19:55.053891 [debug] [ThreadPool]: Using duckdb connection "create_student_dropout_main_marts"
[0m22:19:55.054038 [debug] [ThreadPool]: On create_student_dropout_main_marts: COMMIT
[0m22:19:55.054144 [debug] [ThreadPool]: SQL status: OK in 0.000 seconds
[0m22:19:55.054475 [debug] [ThreadPool]: On create_student_dropout_main_staging: COMMIT
[0m22:19:55.054576 [debug] [ThreadPool]: SQL status: OK in 0.001 seconds
[0m22:19:55.054665 [debug] [ThreadPool]: Using duckdb connection "create_student_dropout_main_staging"
[0m22:19:55.054752 [debug] [ThreadPool]: SQL status: OK in 0.001 seconds
[0m22:19:55.054985 [debug] [ThreadPool]: On create_student_dropout_main_intermediate: COMMIT
[0m22:19:55.055078 [debug] [ThreadPool]: On create_student_dropout_main_staging: COMMIT
[0m22:19:55.055167 [debug] [ThreadPool]: On create_student_dropout_main_marts: Close
[0m22:19:55.055254 [debug] [ThreadPool]: Using duckdb connection "create_student_dropout_main_intermediate"
[0m22:19:55.055405 [debug] [ThreadPool]: On create_student_dropout_main_intermediate: COMMIT
[0m22:19:55.055592 [debug] [ThreadPool]: SQL status: OK in 0.000 seconds
[0m22:19:55.055703 [debug] [ThreadPool]: On create_student_dropout_main_staging: Close
[0m22:19:55.055890 [debug] [ThreadPool]: SQL status: OK in 0.000 seconds
[0m22:19:55.055986 [debug] [ThreadPool]: On create_student_dropout_main_intermediate: Close
[0m22:19:55.056433 [debug] [ThreadPool]: Re-using an available connection from the pool (formerly create_student_dropout_main_staging, now list_student_dropout_main_marts)
[0m22:19:55.058257 [debug] [ThreadPool]: Using duckdb connection "list_student_dropout_main_marts"
[0m22:19:55.058390 [debug] [ThreadPool]: Re-using an available connection from the pool (formerly create_student_dropout_main_intermediate, now list_student_dropout_main_intermediate)
[0m22:19:55.058541 [debug] [ThreadPool]: Re-using an available connection from the pool (formerly create_student_dropout_main_marts, now list_student_dropout_main_staging)
[0m22:19:55.058647 [debug] [ThreadPool]: On list_student_dropout_main_marts: BEGIN
[0m22:19:55.059336 [debug] [ThreadPool]: Using duckdb connection "list_student_dropout_main_intermediate"
[0m22:19:55.059946 [debug] [ThreadPool]: Using duckdb connection "list_student_dropout_main_staging"
[0m22:19:55.060058 [debug] [ThreadPool]: Opening a new connection, currently in state closed
[0m22:19:55.060149 [debug] [ThreadPool]: On list_student_dropout_main_intermediate: BEGIN
[0m22:19:55.060234 [debug] [ThreadPool]: On list_student_dropout_main_staging: BEGIN
[0m22:19:55.060367 [debug] [ThreadPool]: Opening a new connection, currently in state closed
[0m22:19:55.060477 [debug] [ThreadPool]: Opening a new connection, currently in state closed
[0m22:19:55.060581 [debug] [ThreadPool]: SQL status: OK in 0.001 seconds
[0m22:19:55.060756 [debug] [ThreadPool]: Using duckdb connection "list_student_dropout_main_marts"
[0m22:19:55.060860 [debug] [ThreadPool]: On list_student_dropout_main_marts: /* {"app": "dbt", "dbt_version": "1.11.8", "profile_name": "student_dropout", "target_name": "dev", "connection_name": "list_student_dropout_main_marts"} */
select
      'student_dropout' as database,
      table_name as name,
      table_schema as schema,
      CASE table_type
        WHEN 'BASE TABLE' THEN 'table'
        WHEN 'VIEW' THEN 'view'
        WHEN 'LOCAL TEMPORARY' THEN 'table'
        END as type
    from system.information_schema.tables
    where lower(table_schema) = 'main_marts'
    and lower(table_catalog) = 'student_dropout'
  
[0m22:19:55.061006 [debug] [ThreadPool]: SQL status: OK in 0.001 seconds
[0m22:19:55.061107 [debug] [ThreadPool]: SQL status: OK in 0.001 seconds
[0m22:19:55.061204 [debug] [ThreadPool]: Using duckdb connection "list_student_dropout_main_intermediate"
[0m22:19:55.061304 [debug] [ThreadPool]: Using duckdb connection "list_student_dropout_main_staging"
[0m22:19:55.061412 [debug] [ThreadPool]: On list_student_dropout_main_intermediate: /* {"app": "dbt", "dbt_version": "1.11.8", "profile_name": "student_dropout", "target_name": "dev", "connection_name": "list_student_dropout_main_intermediate"} */
select
      'student_dropout' as database,
      table_name as name,
      table_schema as schema,
      CASE table_type
        WHEN 'BASE TABLE' THEN 'table'
        WHEN 'VIEW' THEN 'view'
        WHEN 'LOCAL TEMPORARY' THEN 'table'
        END as type
    from system.information_schema.tables
    where lower(table_schema) = 'main_intermediate'
    and lower(table_catalog) = 'student_dropout'
  
[0m22:19:55.061525 [debug] [ThreadPool]: On list_student_dropout_main_staging: /* {"app": "dbt", "dbt_version": "1.11.8", "profile_name": "student_dropout", "target_name": "dev", "connection_name": "list_student_dropout_main_staging"} */
select
      'student_dropout' as database,
      table_name as name,
      table_schema as schema,
      CASE table_type
        WHEN 'BASE TABLE' THEN 'table'
        WHEN 'VIEW' THEN 'view'
        WHEN 'LOCAL TEMPORARY' THEN 'table'
        END as type
    from system.information_schema.tables
    where lower(table_schema) = 'main_staging'
    and lower(table_catalog) = 'student_dropout'
  
[0m22:19:55.062214 [debug] [ThreadPool]: SQL status: OK in 0.001 seconds
[0m22:19:55.062354 [debug] [ThreadPool]: SQL status: OK in 0.001 seconds
[0m22:19:55.062459 [debug] [ThreadPool]: SQL status: OK in 0.001 seconds
[0m22:19:55.062840 [debug] [ThreadPool]: On list_student_dropout_main_intermediate: ROLLBACK
[0m22:19:55.063180 [debug] [ThreadPool]: On list_student_dropout_main_marts: ROLLBACK
[0m22:19:55.063563 [debug] [ThreadPool]: On list_student_dropout_main_staging: ROLLBACK
[0m22:19:55.064068 [debug] [ThreadPool]: Failed to rollback 'list_student_dropout_main_marts'
[0m22:19:55.064346 [debug] [ThreadPool]: Failed to rollback 'list_student_dropout_main_intermediate'
[0m22:19:55.064443 [debug] [ThreadPool]: On list_student_dropout_main_marts: Close
[0m22:19:55.064579 [debug] [ThreadPool]: On list_student_dropout_main_intermediate: Close
[0m22:19:55.064850 [debug] [ThreadPool]: Failed to rollback 'list_student_dropout_main_staging'
[0m22:19:55.065067 [debug] [ThreadPool]: On list_student_dropout_main_staging: Close
[0m22:19:55.065299 [debug] [MainThread]: Sending event: {'category': 'dbt', 'action': 'runnable_timing', 'label': '8547caa1-d5bb-452a-bc97-24a6bce67e4d', 'context': [<snowplow_tracker.self_describing_json.SelfDescribingJson object at 0x10238d460>]}
[0m22:19:55.065451 [debug] [MainThread]: Using duckdb connection "master"
[0m22:19:55.065541 [debug] [MainThread]: On master: BEGIN
[0m22:19:55.065623 [debug] [MainThread]: Opening a new connection, currently in state init
[0m22:19:55.065775 [debug] [MainThread]: SQL status: OK in 0.000 seconds
[0m22:19:55.065864 [debug] [MainThread]: On master: COMMIT
[0m22:19:55.065948 [debug] [MainThread]: Using duckdb connection "master"
[0m22:19:55.066028 [debug] [MainThread]: On master: COMMIT
[0m22:19:55.066151 [debug] [MainThread]: SQL status: OK in 0.000 seconds
[0m22:19:55.066243 [debug] [MainThread]: On master: Close
[0m22:19:55.067008 [debug] [Thread-1 (]: Began running node model.student_dropout.stg_students
[0m22:19:55.067179 [info ] [Thread-1 (]: 1 of 5 START sql view model main_staging.stg_students .......................... [RUN]
[0m22:19:55.067349 [debug] [Thread-1 (]: Re-using an available connection from the pool (formerly list_student_dropout_main_marts, now model.student_dropout.stg_students)
[0m22:19:55.067468 [debug] [Thread-1 (]: Began compiling node model.student_dropout.stg_students
[0m22:19:55.070166 [debug] [Thread-1 (]: Writing injected SQL for node "model.student_dropout.stg_students"
[0m22:19:55.070433 [debug] [Thread-1 (]: Began executing node model.student_dropout.stg_students
[0m22:19:55.081724 [debug] [Thread-1 (]: Writing runtime sql for node "model.student_dropout.stg_students"
[0m22:19:55.082088 [debug] [Thread-1 (]: Using duckdb connection "model.student_dropout.stg_students"
[0m22:19:55.082207 [debug] [Thread-1 (]: On model.student_dropout.stg_students: BEGIN
[0m22:19:55.082317 [debug] [Thread-1 (]: Opening a new connection, currently in state closed
[0m22:19:55.082590 [debug] [Thread-1 (]: SQL status: OK in 0.000 seconds
[0m22:19:55.082707 [debug] [Thread-1 (]: Using duckdb connection "model.student_dropout.stg_students"
[0m22:19:55.082865 [debug] [Thread-1 (]: On model.student_dropout.stg_students: /* {"app": "dbt", "dbt_version": "1.11.8", "profile_name": "student_dropout", "target_name": "dev", "node_id": "model.student_dropout.stg_students"} */

  
  create view "student_dropout"."main_staging"."stg_students__dbt_tmp" as (
    -- stg_students.sql
-- Staging layer: rename columns to snake_case, cast types, no business logic.
-- Source: UCI flat file loaded via DuckDB read_csv
-- Notes:
--   - UTF-8 BOM on first column handled via encoding='utf-8-bom' in sources.yml
--   - DuckDB uses double-quotes for column identifiers (not backticks)

with source as (
    select * from read_csv(
    '../data/raw/data.csv',
    header = true,
    encoding = 'utf-8-bom',
    delim = ';'
),

renamed as (
    select
        -- enrollment & program
        "Marital status"                                    as marital_status,
        "Application mode"                                  as application_mode,
        "Application order"                                 as application_order,
        "Course"                                            as course_id,
        "Daytime/evening attendance"                        as attendance_type,

        -- prior academic background
        "Previous qualification"                            as previous_qualification,
        "Previous qualification (grade)"                    as previous_qualification_grade,
        "Admission grade"                                   as admission_grade,

        -- student demographics
        "Nacionality"                                       as nationality,
        "Gender"                                            as gender,
        "Age at enrollment"                                 as age_at_enrollment,
        "International"                                     as is_international,
        "Displaced"                                         as is_displaced,

        -- household background
        "Mother's qualification"                            as mothers_qualification,
        "Father's qualification"                            as fathers_qualification,
        "Mother's occupation"                               as mothers_occupation,
        "Father's occupation"                               as fathers_occupation,

        -- financial & support
        "Scholarship holder"                                as is_scholarship_holder,
        "Tuition fees up to date"                           as tuition_fees_up_to_date,
        "Debtor"                                            as is_debtor,
        "Educational special needs"                         as has_special_needs,

        -- semester 1 academic performance
        "Curricular units 1st sem (credited)"               as sem1_units_credited,
        "Curricular units 1st sem (enrolled)"               as sem1_units_enrolled,
        "Curricular units 1st sem (evaluations)"            as sem1_evaluations,
        "Curricular units 1st sem (approved)"               as sem1_units_approved,
        "Curricular units 1st sem (grade)"                  as sem1_grade,
        "Curricular units 1st sem (without evaluations)"    as sem1_units_no_eval,

        -- semester 2 academic performance
        "Curricular units 2nd sem (credited)"               as sem2_units_credited,
        "Curricular units 2nd sem (enrolled)"               as sem2_units_enrolled,
        "Curricular units 2nd sem (evaluations)"            as sem2_evaluations,
        "Curricular units 2nd sem (approved)"               as sem2_units_approved,
        "Curricular units 2nd sem (grade)"                  as sem2_grade,
        "Curricular units 2nd sem (without evaluations)"    as sem2_units_no_eval,

        -- macroeconomic context (period-level, not student-level)
        "Unemployment rate"                                 as unemployment_rate,
        "Inflation rate"                                    as inflation_rate,
        "GDP"                                               as gdp,

        -- target
        "Target"                                            as outcome

    from source
)

select * from renamed
  );

[0m22:19:55.083277 [debug] [Thread-1 (]: DuckDB adapter: duckdb error: Parser Error: syntax error at or near "("

LINE 20: renamed as (
                    ^
[0m22:19:55.083440 [debug] [Thread-1 (]: DuckDB adapter: Error running SQL: /* {"app": "dbt", "dbt_version": "1.11.8", "profile_name": "student_dropout", "target_name": "dev", "node_id": "model.student_dropout.stg_students"} */

  
  create view "student_dropout"."main_staging"."stg_students__dbt_tmp" as (
    -- stg_students.sql
-- Staging layer: rename columns to snake_case, cast types, no business logic.
-- Source: UCI flat file loaded via DuckDB read_csv
-- Notes:
--   - UTF-8 BOM on first column handled via encoding='utf-8-bom' in sources.yml
--   - DuckDB uses double-quotes for column identifiers (not backticks)

with source as (
    select * from read_csv(
    '../data/raw/data.csv',
    header = true,
    encoding = 'utf-8-bom',
    delim = ';'
),

renamed as (
    select
        -- enrollment & program
        "Marital status"                                    as marital_status,
        "Application mode"                                  as application_mode,
        "Application order"                                 as application_order,
        "Course"                                            as course_id,
        "Daytime/evening attendance"                        as attendance_type,

        -- prior academic background
        "Previous qualification"                            as previous_qualification,
        "Previous qualification (grade)"                    as previous_qualification_grade,
        "Admission grade"                                   as admission_grade,

        -- student demographics
        "Nacionality"                                       as nationality,
        "Gender"                                            as gender,
        "Age at enrollment"                                 as age_at_enrollment,
        "International"                                     as is_international,
        "Displaced"                                         as is_displaced,

        -- household background
        "Mother's qualification"                            as mothers_qualification,
        "Father's qualification"                            as fathers_qualification,
        "Mother's occupation"                               as mothers_occupation,
        "Father's occupation"                               as fathers_occupation,

        -- financial & support
        "Scholarship holder"                                as is_scholarship_holder,
        "Tuition fees up to date"                           as tuition_fees_up_to_date,
        "Debtor"                                            as is_debtor,
        "Educational special needs"                         as has_special_needs,

        -- semester 1 academic performance
        "Curricular units 1st sem (credited)"               as sem1_units_credited,
        "Curricular units 1st sem (enrolled)"               as sem1_units_enrolled,
        "Curricular units 1st sem (evaluations)"            as sem1_evaluations,
        "Curricular units 1st sem (approved)"               as sem1_units_approved,
        "Curricular units 1st sem (grade)"                  as sem1_grade,
        "Curricular units 1st sem (without evaluations)"    as sem1_units_no_eval,

        -- semester 2 academic performance
        "Curricular units 2nd sem (credited)"               as sem2_units_credited,
        "Curricular units 2nd sem (enrolled)"               as sem2_units_enrolled,
        "Curricular units 2nd sem (evaluations)"            as sem2_evaluations,
        "Curricular units 2nd sem (approved)"               as sem2_units_approved,
        "Curricular units 2nd sem (grade)"                  as sem2_grade,
        "Curricular units 2nd sem (without evaluations)"    as sem2_units_no_eval,

        -- macroeconomic context (period-level, not student-level)
        "Unemployment rate"                                 as unemployment_rate,
        "Inflation rate"                                    as inflation_rate,
        "GDP"                                               as gdp,

        -- target
        "Target"                                            as outcome

    from source
)

select * from renamed
  );

[0m22:19:55.083611 [debug] [Thread-1 (]: DuckDB adapter: Rolling back transaction.
[0m22:19:55.083710 [debug] [Thread-1 (]: On model.student_dropout.stg_students: ROLLBACK
[0m22:19:55.084289 [debug] [Thread-1 (]: Failed to rollback 'model.student_dropout.stg_students'
[0m22:19:55.084448 [debug] [Thread-1 (]: On model.student_dropout.stg_students: Close
[0m22:19:55.085692 [debug] [Thread-1 (]: Runtime Error in model stg_students (models/staging/stg_students.sql)
  Parser Error: syntax error at or near "("
  
  LINE 20: renamed as (
                      ^
[0m22:19:55.086287 [debug] [Thread-1 (]: Sending event: {'category': 'dbt', 'action': 'run_model', 'label': '8547caa1-d5bb-452a-bc97-24a6bce67e4d', 'context': [<snowplow_tracker.self_describing_json.SelfDescribingJson object at 0x106667ce0>]}
[0m22:19:55.086510 [error] [Thread-1 (]: 1 of 5 ERROR creating sql view model main_staging.stg_students ................. [[31mERROR[0m in 0.02s]
[0m22:19:55.086719 [debug] [Thread-1 (]: Finished running node model.student_dropout.stg_students
[0m22:19:55.086934 [debug] [Thread-7 (]: Marking all children of 'model.student_dropout.stg_students' to be skipped because of status 'error'.  Reason: Runtime Error in model stg_students (models/staging/stg_students.sql)
  Parser Error: syntax error at or near "("
  
  LINE 20: renamed as (
                      ^.
[0m22:19:55.087497 [debug] [Thread-3 (]: Began running node model.student_dropout.int_economic_context
[0m22:19:55.087660 [debug] [Thread-4 (]: Began running node model.student_dropout.int_program_context
[0m22:19:55.087960 [debug] [Thread-2 (]: Began running node model.student_dropout.int_student_demographics
[0m22:19:55.087825 [info ] [Thread-3 (]: 2 of 5 SKIP relation main_intermediate.int_economic_context .................... [[33mSKIP[0m]
[0m22:19:55.088162 [info ] [Thread-4 (]: 3 of 5 SKIP relation main_intermediate.int_program_context ..................... [[33mSKIP[0m]
[0m22:19:55.088332 [info ] [Thread-2 (]: 4 of 5 SKIP relation main_intermediate.int_student_demographics ................ [[33mSKIP[0m]
[0m22:19:55.088499 [debug] [Thread-3 (]: Finished running node model.student_dropout.int_economic_context
[0m22:19:55.088647 [debug] [Thread-4 (]: Finished running node model.student_dropout.int_program_context
[0m22:19:55.088783 [debug] [Thread-2 (]: Finished running node model.student_dropout.int_student_demographics
[0m22:19:55.088995 [debug] [Thread-1 (]: Began running node model.student_dropout.fct_enrollment_outcomes
[0m22:19:55.089156 [info ] [Thread-1 (]: 5 of 5 SKIP relation main_marts.fct_enrollment_outcomes ........................ [[33mSKIP[0m]
[0m22:19:55.089296 [debug] [Thread-1 (]: Finished running node model.student_dropout.fct_enrollment_outcomes
[0m22:19:55.089742 [debug] [MainThread]: Using duckdb connection "master"
[0m22:19:55.089852 [debug] [MainThread]: On master: BEGIN
[0m22:19:55.089943 [debug] [MainThread]: Opening a new connection, currently in state closed
[0m22:19:55.090146 [debug] [MainThread]: SQL status: OK in 0.000 seconds
[0m22:19:55.090245 [debug] [MainThread]: On master: COMMIT
[0m22:19:55.090340 [debug] [MainThread]: Using duckdb connection "master"
[0m22:19:55.090424 [debug] [MainThread]: On master: COMMIT
[0m22:19:55.090558 [debug] [MainThread]: SQL status: OK in 0.000 seconds
[0m22:19:55.090655 [debug] [MainThread]: On master: Close
[0m22:19:55.090783 [debug] [MainThread]: Connection 'master' was properly closed.
[0m22:19:55.090867 [debug] [MainThread]: Connection 'model.student_dropout.stg_students' was properly closed.
[0m22:19:55.090945 [debug] [MainThread]: Connection 'list_student_dropout_main_intermediate' was properly closed.
[0m22:19:55.091022 [debug] [MainThread]: Connection 'list_student_dropout_main_staging' was properly closed.
[0m22:19:55.091137 [info ] [MainThread]: 
[0m22:19:55.091249 [info ] [MainThread]: Finished running 1 table model, 4 view models in 0 hours 0 minutes and 0.08 seconds (0.08s).
[0m22:19:55.091520 [debug] [MainThread]: Command end result
[0m22:19:55.102651 [debug] [MainThread]: Wrote artifact WritableManifest to /Users/ogdata-mpb16/Documents/DataScienceProjects/student-dropout-retention-predictor/dbt/target/manifest.json
[0m22:19:55.103358 [debug] [MainThread]: Wrote artifact SemanticManifest to /Users/ogdata-mpb16/Documents/DataScienceProjects/student-dropout-retention-predictor/dbt/target/semantic_manifest.json
[0m22:19:55.105364 [debug] [MainThread]: Wrote artifact RunExecutionResult to /Users/ogdata-mpb16/Documents/DataScienceProjects/student-dropout-retention-predictor/dbt/target/run_results.json
[0m22:19:55.105510 [info ] [MainThread]: 
[0m22:19:55.105657 [info ] [MainThread]: [31mCompleted with 1 error, 0 partial successes, and 0 warnings:[0m
[0m22:19:55.105772 [info ] [MainThread]: 
[0m22:19:55.105906 [error] [MainThread]: [31mFailure in model stg_students (models/staging/stg_students.sql)[0m
[0m22:19:55.106032 [error] [MainThread]:   Runtime Error in model stg_students (models/staging/stg_students.sql)
  Parser Error: syntax error at or near "("
  
  LINE 20: renamed as (
                      ^
[0m22:19:55.106127 [info ] [MainThread]: 
[0m22:19:55.106244 [info ] [MainThread]:   compiled code at target/compiled/student_dropout/models/staging/stg_students.sql
[0m22:19:55.106343 [info ] [MainThread]: 
[0m22:19:55.106454 [info ] [MainThread]: Done. PASS=0 WARN=0 ERROR=1 SKIP=4 NO-OP=0 TOTAL=5
[0m22:19:55.106645 [warn ] [MainThread]: [[33mWARNING[0m][DeprecationsSummary]: Deprecated functionality
Summary of encountered deprecations:
- MissingArgumentsPropertyInGenericTestDeprecation: 1 occurrence
To see all deprecation instances instead of just the first occurrence of each,
run command again with the `--show-all-deprecations` flag. You may also need to
run with `--no-partial-parse` as some deprecations are only encountered during
parsing.
[0m22:19:55.107810 [debug] [MainThread]: Resource report: {"command_name": "run", "command_success": false, "command_wall_clock_time": 0.49190414, "process_in_blocks": "0", "process_kernel_time": 0.123093, "process_mem_max_rss": "163741696", "process_out_blocks": "0", "process_user_time": 0.905054}
[0m22:19:55.107976 [debug] [MainThread]: Command `dbt run` failed at 22:19:55.107946 after 0.49 seconds
[0m22:19:55.108111 [debug] [MainThread]: Sending event: {'category': 'dbt', 'action': 'invocation', 'label': 'end', 'context': [<snowplow_tracker.self_describing_json.SelfDescribingJson object at 0x101ee5850>, <snowplow_tracker.self_describing_json.SelfDescribingJson object at 0x1058a6060>, <snowplow_tracker.self_describing_json.SelfDescribingJson object at 0x1073b6900>]}
[0m22:19:55.108251 [debug] [MainThread]: Flushing usage events
[0m22:19:55.491589 [debug] [MainThread]: An error was encountered while trying to flush usage events
[0m22:20:26.674620 [debug] [MainThread]: Sending event: {'category': 'dbt', 'action': 'invocation', 'label': 'start', 'context': [<snowplow_tracker.self_describing_json.SelfDescribingJson object at 0x1078cec00>, <snowplow_tracker.self_describing_json.SelfDescribingJson object at 0x1113195b0>, <snowplow_tracker.self_describing_json.SelfDescribingJson object at 0x111319310>]}


============================== 22:20:26.676181 | 9ee6a208-caa0-464d-bee5-82d7182316cf ==============================
[0m22:20:26.676181 [info ] [MainThread]: Running with dbt=1.11.8
[0m22:20:26.676437 [debug] [MainThread]: running dbt with arguments {'version_check': 'True', 'send_anonymous_usage_stats': 'True', 'empty': 'False', 'log_cache_events': 'False', 'fail_fast': 'False', 'log_path': '/Users/ogdata-mpb16/Documents/DataScienceProjects/student-dropout-retention-predictor/dbt/logs', 'invocation_command': 'dbt run', 'no_print': 'None', 'use_colors': 'True', 'debug': 'False', 'warn_error': 'None', 'use_experimental_parser': 'False', 'printer_width': '80', 'log_format': 'default', 'introspect': 'True', 'indirect_selection': 'eager', 'warn_error_options': 'WarnErrorOptionsV2(error=[], warn=[], silence=[])', 'static_parser': 'True', 'cache_selected_only': 'False', 'write_json': 'True', 'quiet': 'False', 'profiles_dir': '/Users/ogdata-mpb16/Documents/DataScienceProjects/student-dropout-retention-predictor/dbt', 'target_path': 'None', 'partial_parse': 'True'}
[0m22:20:26.748492 [debug] [MainThread]: Sending event: {'category': 'dbt', 'action': 'project_id', 'label': '9ee6a208-caa0-464d-bee5-82d7182316cf', 'context': [<snowplow_tracker.self_describing_json.SelfDescribingJson object at 0x10457f200>]}
[0m22:20:26.768323 [debug] [MainThread]: Sending event: {'category': 'dbt', 'action': 'adapter_info', 'label': '9ee6a208-caa0-464d-bee5-82d7182316cf', 'context': [<snowplow_tracker.self_describing_json.SelfDescribingJson object at 0x11131b3b0>]}
[0m22:20:26.769024 [info ] [MainThread]: Registered adapter: duckdb=1.10.1
[0m22:20:26.810474 [debug] [MainThread]: checksum: 7d524ac048c2100769df89d592e662e060a73ca564e31bd9c2a37efdfe8d8ab6, vars: {}, profile: , target: , version: 1.11.8
[0m22:20:26.851032 [debug] [MainThread]: Partial parsing enabled: 0 files deleted, 0 files added, 1 files changed.
[0m22:20:26.851302 [debug] [MainThread]: Partial parsing: updated file: student_dropout://models/staging/stg_students.sql
[0m22:20:26.965424 [warn ] [MainThread]: [[33mWARNING[0m][MissingArgumentsPropertyInGenericTestDeprecation]: Deprecated
functionality
Found top-level arguments to test `accepted_values` defined on 'stg_students' in
package 'student_dropout' (models/schema.yml). Arguments to generic tests should
be nested under the `arguments` property.
[0m22:20:26.965684 [debug] [MainThread]: Sending event: {'category': 'dbt', 'action': 'deprecation', 'label': '9ee6a208-caa0-464d-bee5-82d7182316cf', 'property_': 'warn', 'context': [<snowplow_tracker.self_describing_json.SelfDescribingJson object at 0x11248bbf0>]}
[0m22:20:26.993690 [debug] [MainThread]: Sending event: {'category': 'dbt', 'action': 'load_project', 'label': '9ee6a208-caa0-464d-bee5-82d7182316cf', 'context': [<snowplow_tracker.self_describing_json.SelfDescribingJson object at 0x1124cfcb0>]}
[0m22:20:27.045079 [debug] [MainThread]: Wrote artifact WritableManifest to /Users/ogdata-mpb16/Documents/DataScienceProjects/student-dropout-retention-predictor/dbt/target/manifest.json
[0m22:20:27.045851 [debug] [MainThread]: Wrote artifact SemanticManifest to /Users/ogdata-mpb16/Documents/DataScienceProjects/student-dropout-retention-predictor/dbt/target/semantic_manifest.json
[0m22:20:27.049031 [debug] [MainThread]: Sending event: {'category': 'dbt', 'action': 'resource_counts', 'label': '9ee6a208-caa0-464d-bee5-82d7182316cf', 'context': [<snowplow_tracker.self_describing_json.SelfDescribingJson object at 0x112a6bfb0>]}
[0m22:20:27.049212 [info ] [MainThread]: Found 5 models, 12 data tests, 1 source, 475 macros
[0m22:20:27.049341 [debug] [MainThread]: Sending event: {'category': 'dbt', 'action': 'runnable_timing', 'label': '9ee6a208-caa0-464d-bee5-82d7182316cf', 'context': [<snowplow_tracker.self_describing_json.SelfDescribingJson object at 0x112a32f90>]}
[0m22:20:27.050064 [info ] [MainThread]: 
[0m22:20:27.050194 [info ] [MainThread]: Concurrency: 4 threads (target='dev')
[0m22:20:27.050300 [info ] [MainThread]: 
[0m22:20:27.050473 [debug] [MainThread]: Acquiring new duckdb connection 'master'
[0m22:20:27.052131 [debug] [ThreadPool]: Acquiring new duckdb connection 'list_student_dropout'
[0m22:20:27.056305 [debug] [ThreadPool]: Acquiring new duckdb connection 'list_student_dropout'
[0m22:20:27.056592 [debug] [ThreadPool]: Acquiring new duckdb connection 'list_student_dropout'
[0m22:20:27.071862 [debug] [ThreadPool]: Using duckdb connection "list_student_dropout"
[0m22:20:27.072027 [debug] [ThreadPool]: Using duckdb connection "list_student_dropout"
[0m22:20:27.072148 [debug] [ThreadPool]: Using duckdb connection "list_student_dropout"
[0m22:20:27.072255 [debug] [ThreadPool]: On list_student_dropout: /* {"app": "dbt", "dbt_version": "1.11.8", "profile_name": "student_dropout", "target_name": "dev", "connection_name": "list_student_dropout"} */

    
    select schema_name
    from system.information_schema.schemata
    
    where lower(catalog_name) = '"student_dropout"'
    
  
  
[0m22:20:27.072365 [debug] [ThreadPool]: On list_student_dropout: /* {"app": "dbt", "dbt_version": "1.11.8", "profile_name": "student_dropout", "target_name": "dev", "connection_name": "list_student_dropout"} */

    
    select schema_name
    from system.information_schema.schemata
    
    where lower(catalog_name) = '"student_dropout"'
    
  
  
[0m22:20:27.072464 [debug] [ThreadPool]: On list_student_dropout: /* {"app": "dbt", "dbt_version": "1.11.8", "profile_name": "student_dropout", "target_name": "dev", "connection_name": "list_student_dropout"} */

    
    select schema_name
    from system.information_schema.schemata
    
    where lower(catalog_name) = '"student_dropout"'
    
  
  
[0m22:20:27.072559 [debug] [ThreadPool]: Opening a new connection, currently in state init
[0m22:20:27.072650 [debug] [ThreadPool]: Opening a new connection, currently in state init
[0m22:20:27.072733 [debug] [ThreadPool]: Opening a new connection, currently in state init
[0m22:20:27.078112 [debug] [ThreadPool]: SQL status: OK in 0.005 seconds
[0m22:20:27.078240 [debug] [ThreadPool]: SQL status: OK in 0.006 seconds
[0m22:20:27.078361 [debug] [ThreadPool]: SQL status: OK in 0.006 seconds
[0m22:20:27.078837 [debug] [ThreadPool]: On list_student_dropout: Close
[0m22:20:27.079219 [debug] [ThreadPool]: On list_student_dropout: Close
[0m22:20:27.079602 [debug] [ThreadPool]: On list_student_dropout: Close
[0m22:20:27.080009 [debug] [ThreadPool]: Re-using an available connection from the pool (formerly list_student_dropout, now create_student_dropout_main_intermediate)
[0m22:20:27.080162 [debug] [ThreadPool]: Re-using an available connection from the pool (formerly list_student_dropout, now create_student_dropout_main_marts)
[0m22:20:27.080284 [debug] [ThreadPool]: Re-using an available connection from the pool (formerly list_student_dropout, now create_student_dropout_main_staging)
[0m22:20:27.080439 [debug] [ThreadPool]: Creating schema "database: "student_dropout"
schema: "main_intermediate"
"
[0m22:20:27.080573 [debug] [ThreadPool]: Creating schema "database: "student_dropout"
schema: "main_marts"
"
[0m22:20:27.080698 [debug] [ThreadPool]: Creating schema "database: "student_dropout"
schema: "main_staging"
"
[0m22:20:27.083025 [debug] [ThreadPool]: Using duckdb connection "create_student_dropout_main_intermediate"
[0m22:20:27.083733 [debug] [ThreadPool]: Using duckdb connection "create_student_dropout_main_marts"
[0m22:20:27.084358 [debug] [ThreadPool]: Using duckdb connection "create_student_dropout_main_staging"
[0m22:20:27.084470 [debug] [ThreadPool]: On create_student_dropout_main_intermediate: /* {"app": "dbt", "dbt_version": "1.11.8", "profile_name": "student_dropout", "target_name": "dev", "connection_name": "create_student_dropout_main_intermediate"} */

    
        select type from duckdb_databases()
        where lower(database_name)='student_dropout'
        and type='sqlite'
    
  
[0m22:20:27.084575 [debug] [ThreadPool]: On create_student_dropout_main_marts: /* {"app": "dbt", "dbt_version": "1.11.8", "profile_name": "student_dropout", "target_name": "dev", "connection_name": "create_student_dropout_main_marts"} */

    
        select type from duckdb_databases()
        where lower(database_name)='student_dropout'
        and type='sqlite'
    
  
[0m22:20:27.084677 [debug] [ThreadPool]: On create_student_dropout_main_staging: /* {"app": "dbt", "dbt_version": "1.11.8", "profile_name": "student_dropout", "target_name": "dev", "connection_name": "create_student_dropout_main_staging"} */

    
        select type from duckdb_databases()
        where lower(database_name)='student_dropout'
        and type='sqlite'
    
  
[0m22:20:27.084777 [debug] [ThreadPool]: Opening a new connection, currently in state closed
[0m22:20:27.084867 [debug] [ThreadPool]: Opening a new connection, currently in state closed
[0m22:20:27.084965 [debug] [ThreadPool]: Opening a new connection, currently in state closed
[0m22:20:27.085291 [debug] [ThreadPool]: SQL status: OK in 0.001 seconds
[0m22:20:27.085450 [debug] [ThreadPool]: SQL status: OK in 0.001 seconds
[0m22:20:27.085888 [debug] [ThreadPool]: Using duckdb connection "create_student_dropout_main_intermediate"
[0m22:20:27.086002 [debug] [ThreadPool]: SQL status: OK in 0.001 seconds
[0m22:20:27.086137 [debug] [ThreadPool]: On create_student_dropout_main_intermediate: BEGIN
[0m22:20:27.086545 [debug] [ThreadPool]: Using duckdb connection "create_student_dropout_main_marts"
[0m22:20:27.086935 [debug] [ThreadPool]: Using duckdb connection "create_student_dropout_main_staging"
[0m22:20:27.087068 [debug] [ThreadPool]: On create_student_dropout_main_marts: BEGIN
[0m22:20:27.087177 [debug] [ThreadPool]: On create_student_dropout_main_staging: BEGIN
[0m22:20:27.087270 [debug] [ThreadPool]: SQL status: OK in 0.000 seconds
[0m22:20:27.087424 [debug] [ThreadPool]: Using duckdb connection "create_student_dropout_main_intermediate"
[0m22:20:27.087536 [debug] [ThreadPool]: On create_student_dropout_main_intermediate: /* {"app": "dbt", "dbt_version": "1.11.8", "profile_name": "student_dropout", "target_name": "dev", "connection_name": "create_student_dropout_main_intermediate"} */

    
    
        create schema if not exists "student_dropout"."main_intermediate"
    
[0m22:20:27.087631 [debug] [ThreadPool]: SQL status: OK in 0.000 seconds
[0m22:20:27.087756 [debug] [ThreadPool]: SQL status: OK in 0.000 seconds
[0m22:20:27.087884 [debug] [ThreadPool]: Using duckdb connection "create_student_dropout_main_marts"
[0m22:20:27.087987 [debug] [ThreadPool]: SQL status: OK in 0.000 seconds
[0m22:20:27.088077 [debug] [ThreadPool]: Using duckdb connection "create_student_dropout_main_staging"
[0m22:20:27.088170 [debug] [ThreadPool]: On create_student_dropout_main_marts: /* {"app": "dbt", "dbt_version": "1.11.8", "profile_name": "student_dropout", "target_name": "dev", "connection_name": "create_student_dropout_main_marts"} */

    
    
        create schema if not exists "student_dropout"."main_marts"
    
[0m22:20:27.088419 [debug] [ThreadPool]: On create_student_dropout_main_intermediate: COMMIT
[0m22:20:27.088522 [debug] [ThreadPool]: On create_student_dropout_main_staging: /* {"app": "dbt", "dbt_version": "1.11.8", "profile_name": "student_dropout", "target_name": "dev", "connection_name": "create_student_dropout_main_staging"} */

    
    
        create schema if not exists "student_dropout"."main_staging"
    
[0m22:20:27.088654 [debug] [ThreadPool]: Using duckdb connection "create_student_dropout_main_intermediate"
[0m22:20:27.088795 [debug] [ThreadPool]: On create_student_dropout_main_intermediate: COMMIT
[0m22:20:27.088898 [debug] [ThreadPool]: SQL status: OK in 0.000 seconds
[0m22:20:27.089189 [debug] [ThreadPool]: On create_student_dropout_main_marts: COMMIT
[0m22:20:27.089285 [debug] [ThreadPool]: SQL status: OK in 0.001 seconds
[0m22:20:27.089378 [debug] [ThreadPool]: Using duckdb connection "create_student_dropout_main_marts"
[0m22:20:27.089472 [debug] [ThreadPool]: SQL status: OK in 0.000 seconds
[0m22:20:27.089711 [debug] [ThreadPool]: On create_student_dropout_main_staging: COMMIT
[0m22:20:27.089812 [debug] [ThreadPool]: On create_student_dropout_main_marts: COMMIT
[0m22:20:27.089909 [debug] [ThreadPool]: On create_student_dropout_main_intermediate: Close
[0m22:20:27.090001 [debug] [ThreadPool]: Using duckdb connection "create_student_dropout_main_staging"
[0m22:20:27.090208 [debug] [ThreadPool]: On create_student_dropout_main_staging: COMMIT
[0m22:20:27.090324 [debug] [ThreadPool]: SQL status: OK in 0.000 seconds
[0m22:20:27.090436 [debug] [ThreadPool]: On create_student_dropout_main_marts: Close
[0m22:20:27.090531 [debug] [ThreadPool]: SQL status: OK in 0.000 seconds
[0m22:20:27.090693 [debug] [ThreadPool]: On create_student_dropout_main_staging: Close
[0m22:20:27.091137 [debug] [ThreadPool]: Re-using an available connection from the pool (formerly create_student_dropout_main_staging, now list_student_dropout_main_intermediate)
[0m22:20:27.093067 [debug] [ThreadPool]: Using duckdb connection "list_student_dropout_main_intermediate"
[0m22:20:27.093204 [debug] [ThreadPool]: Re-using an available connection from the pool (formerly create_student_dropout_main_marts, now list_student_dropout_main_marts)
[0m22:20:27.093358 [debug] [ThreadPool]: Re-using an available connection from the pool (formerly create_student_dropout_main_intermediate, now list_student_dropout_main_staging)
[0m22:20:27.093474 [debug] [ThreadPool]: On list_student_dropout_main_intermediate: BEGIN
[0m22:20:27.094084 [debug] [ThreadPool]: Using duckdb connection "list_student_dropout_main_marts"
[0m22:20:27.094656 [debug] [ThreadPool]: Using duckdb connection "list_student_dropout_main_staging"
[0m22:20:27.094747 [debug] [ThreadPool]: Opening a new connection, currently in state closed
[0m22:20:27.094834 [debug] [ThreadPool]: On list_student_dropout_main_marts: BEGIN
[0m22:20:27.094917 [debug] [ThreadPool]: On list_student_dropout_main_staging: BEGIN
[0m22:20:27.095047 [debug] [ThreadPool]: Opening a new connection, currently in state closed
[0m22:20:27.095148 [debug] [ThreadPool]: Opening a new connection, currently in state closed
[0m22:20:27.095247 [debug] [ThreadPool]: SQL status: OK in 0.000 seconds
[0m22:20:27.095427 [debug] [ThreadPool]: Using duckdb connection "list_student_dropout_main_intermediate"
[0m22:20:27.095535 [debug] [ThreadPool]: On list_student_dropout_main_intermediate: /* {"app": "dbt", "dbt_version": "1.11.8", "profile_name": "student_dropout", "target_name": "dev", "connection_name": "list_student_dropout_main_intermediate"} */
select
      'student_dropout' as database,
      table_name as name,
      table_schema as schema,
      CASE table_type
        WHEN 'BASE TABLE' THEN 'table'
        WHEN 'VIEW' THEN 'view'
        WHEN 'LOCAL TEMPORARY' THEN 'table'
        END as type
    from system.information_schema.tables
    where lower(table_schema) = 'main_intermediate'
    and lower(table_catalog) = 'student_dropout'
  
[0m22:20:27.095677 [debug] [ThreadPool]: SQL status: OK in 0.001 seconds
[0m22:20:27.095776 [debug] [ThreadPool]: SQL status: OK in 0.001 seconds
[0m22:20:27.095872 [debug] [ThreadPool]: Using duckdb connection "list_student_dropout_main_marts"
[0m22:20:27.095972 [debug] [ThreadPool]: Using duckdb connection "list_student_dropout_main_staging"
[0m22:20:27.096081 [debug] [ThreadPool]: On list_student_dropout_main_marts: /* {"app": "dbt", "dbt_version": "1.11.8", "profile_name": "student_dropout", "target_name": "dev", "connection_name": "list_student_dropout_main_marts"} */
select
      'student_dropout' as database,
      table_name as name,
      table_schema as schema,
      CASE table_type
        WHEN 'BASE TABLE' THEN 'table'
        WHEN 'VIEW' THEN 'view'
        WHEN 'LOCAL TEMPORARY' THEN 'table'
        END as type
    from system.information_schema.tables
    where lower(table_schema) = 'main_marts'
    and lower(table_catalog) = 'student_dropout'
  
[0m22:20:27.096190 [debug] [ThreadPool]: On list_student_dropout_main_staging: /* {"app": "dbt", "dbt_version": "1.11.8", "profile_name": "student_dropout", "target_name": "dev", "connection_name": "list_student_dropout_main_staging"} */
select
      'student_dropout' as database,
      table_name as name,
      table_schema as schema,
      CASE table_type
        WHEN 'BASE TABLE' THEN 'table'
        WHEN 'VIEW' THEN 'view'
        WHEN 'LOCAL TEMPORARY' THEN 'table'
        END as type
    from system.information_schema.tables
    where lower(table_schema) = 'main_staging'
    and lower(table_catalog) = 'student_dropout'
  
[0m22:20:27.096891 [debug] [ThreadPool]: SQL status: OK in 0.001 seconds
[0m22:20:27.097032 [debug] [ThreadPool]: SQL status: OK in 0.001 seconds
[0m22:20:27.097142 [debug] [ThreadPool]: SQL status: OK in 0.001 seconds
[0m22:20:27.097553 [debug] [ThreadPool]: On list_student_dropout_main_intermediate: ROLLBACK
[0m22:20:27.097885 [debug] [ThreadPool]: On list_student_dropout_main_marts: ROLLBACK
[0m22:20:27.098228 [debug] [ThreadPool]: On list_student_dropout_main_staging: ROLLBACK
[0m22:20:27.098748 [debug] [ThreadPool]: Failed to rollback 'list_student_dropout_main_intermediate'
[0m22:20:27.099065 [debug] [ThreadPool]: Failed to rollback 'list_student_dropout_main_marts'
[0m22:20:27.099162 [debug] [ThreadPool]: On list_student_dropout_main_intermediate: Close
[0m22:20:27.099469 [debug] [ThreadPool]: Failed to rollback 'list_student_dropout_main_staging'
[0m22:20:27.099564 [debug] [ThreadPool]: On list_student_dropout_main_marts: Close
[0m22:20:27.099737 [debug] [ThreadPool]: On list_student_dropout_main_staging: Close
[0m22:20:27.100026 [debug] [MainThread]: Sending event: {'category': 'dbt', 'action': 'runnable_timing', 'label': '9ee6a208-caa0-464d-bee5-82d7182316cf', 'context': [<snowplow_tracker.self_describing_json.SelfDescribingJson object at 0x112aa5d30>]}
[0m22:20:27.100189 [debug] [MainThread]: Using duckdb connection "master"
[0m22:20:27.100278 [debug] [MainThread]: On master: BEGIN
[0m22:20:27.100361 [debug] [MainThread]: Opening a new connection, currently in state init
[0m22:20:27.100506 [debug] [MainThread]: SQL status: OK in 0.000 seconds
[0m22:20:27.100599 [debug] [MainThread]: On master: COMMIT
[0m22:20:27.100683 [debug] [MainThread]: Using duckdb connection "master"
[0m22:20:27.100763 [debug] [MainThread]: On master: COMMIT
[0m22:20:27.100888 [debug] [MainThread]: SQL status: OK in 0.000 seconds
[0m22:20:27.100980 [debug] [MainThread]: On master: Close
[0m22:20:27.101740 [debug] [Thread-1 (]: Began running node model.student_dropout.stg_students
[0m22:20:27.101900 [info ] [Thread-1 (]: 1 of 5 START sql view model main_staging.stg_students .......................... [RUN]
[0m22:20:27.102055 [debug] [Thread-1 (]: Re-using an available connection from the pool (formerly list_student_dropout_main_intermediate, now model.student_dropout.stg_students)
[0m22:20:27.102167 [debug] [Thread-1 (]: Began compiling node model.student_dropout.stg_students
[0m22:20:27.104823 [debug] [Thread-1 (]: Writing injected SQL for node "model.student_dropout.stg_students"
[0m22:20:27.105084 [debug] [Thread-1 (]: Began executing node model.student_dropout.stg_students
[0m22:20:27.115713 [debug] [Thread-1 (]: Writing runtime sql for node "model.student_dropout.stg_students"
[0m22:20:27.116021 [debug] [Thread-1 (]: Using duckdb connection "model.student_dropout.stg_students"
[0m22:20:27.116137 [debug] [Thread-1 (]: On model.student_dropout.stg_students: BEGIN
[0m22:20:27.116240 [debug] [Thread-1 (]: Opening a new connection, currently in state closed
[0m22:20:27.116466 [debug] [Thread-1 (]: SQL status: OK in 0.000 seconds
[0m22:20:27.116601 [debug] [Thread-1 (]: Using duckdb connection "model.student_dropout.stg_students"
[0m22:20:27.116795 [debug] [Thread-1 (]: On model.student_dropout.stg_students: /* {"app": "dbt", "dbt_version": "1.11.8", "profile_name": "student_dropout", "target_name": "dev", "node_id": "model.student_dropout.stg_students"} */

  
  create view "student_dropout"."main_staging"."stg_students__dbt_tmp" as (
    -- stg_students.sql
-- Staging layer: rename columns to snake_case, cast types, no business logic.
-- Source: UCI flat file loaded via DuckDB read_csv
-- Notes:
--   - UTF-8 BOM on first column handled via encoding='utf-8-bom' in sources.yml
--   - DuckDB uses double-quotes for column identifiers (not backticks)

with source as (
    select * from read_csv(
    '../data/raw/data.csv',
    header = true,
    encoding = 'utf-8-bom',
    delim = ';'
    )
),

renamed as (
    select
        -- enrollment & program
        "Marital status"                                    as marital_status,
        "Application mode"                                  as application_mode,
        "Application order"                                 as application_order,
        "Course"                                            as course_id,
        "Daytime/evening attendance"                        as attendance_type,

        -- prior academic background
        "Previous qualification"                            as previous_qualification,
        "Previous qualification (grade)"                    as previous_qualification_grade,
        "Admission grade"                                   as admission_grade,

        -- student demographics
        "Nacionality"                                       as nationality,
        "Gender"                                            as gender,
        "Age at enrollment"                                 as age_at_enrollment,
        "International"                                     as is_international,
        "Displaced"                                         as is_displaced,

        -- household background
        "Mother's qualification"                            as mothers_qualification,
        "Father's qualification"                            as fathers_qualification,
        "Mother's occupation"                               as mothers_occupation,
        "Father's occupation"                               as fathers_occupation,

        -- financial & support
        "Scholarship holder"                                as is_scholarship_holder,
        "Tuition fees up to date"                           as tuition_fees_up_to_date,
        "Debtor"                                            as is_debtor,
        "Educational special needs"                         as has_special_needs,

        -- semester 1 academic performance
        "Curricular units 1st sem (credited)"               as sem1_units_credited,
        "Curricular units 1st sem (enrolled)"               as sem1_units_enrolled,
        "Curricular units 1st sem (evaluations)"            as sem1_evaluations,
        "Curricular units 1st sem (approved)"               as sem1_units_approved,
        "Curricular units 1st sem (grade)"                  as sem1_grade,
        "Curricular units 1st sem (without evaluations)"    as sem1_units_no_eval,

        -- semester 2 academic performance
        "Curricular units 2nd sem (credited)"               as sem2_units_credited,
        "Curricular units 2nd sem (enrolled)"               as sem2_units_enrolled,
        "Curricular units 2nd sem (evaluations)"            as sem2_evaluations,
        "Curricular units 2nd sem (approved)"               as sem2_units_approved,
        "Curricular units 2nd sem (grade)"                  as sem2_grade,
        "Curricular units 2nd sem (without evaluations)"    as sem2_units_no_eval,

        -- macroeconomic context (period-level, not student-level)
        "Unemployment rate"                                 as unemployment_rate,
        "Inflation rate"                                    as inflation_rate,
        "GDP"                                               as gdp,

        -- target
        "Target"                                            as outcome

    from source
)

select * from renamed
  );

[0m22:20:29.258468 [debug] [Thread-1 (]: DuckDB adapter: duckdb error: Invalid Input Error: The CSV Reader does not support the encoding: "utf-8-bom"
The currently supported encodings are: 
*  CWI
*  ibm-1252_P100-2000
*  java-MS949-1.3_P
*  IBM_1252
*  ibm-1375_P100-2007
*  ibm-1100_P100-2003
*  CP1257
*  ibm-1385_P100-2005
*  ISO8859_9
*  IBM_udcJP_GR
*  glibc-EUC_JP_MS-2.3.3
*  ibm-951_X100-1995
*  ibm-5471_P100-2007
*  windows-20290-2000
*  zh_TW_cp937
*  solaris-zh_HK.hkscs-5.9
*  glibc-ARMSCII_8-2.3.3
*  ibm-293_X100-1995
*  windows-28594-2000
*  windows-28595-2000
*  ibm-1145_P100-1997
*  macos-37_2-10.2
*  hpux-cp1141-11.11
*  java-Cp037-1.3_P
*  ibm-1153_P100-1999
*  glibc-IBM1132-2.3.3
*  java-Cp850-1.3_P
*  JISX0208.1983_0
*  glibc-IBM1164-2.3.3
*  ibm-5142_P100-1995
*  glibc-PT-2.3.3
*  windows-21025-2000
*  ibm-256_P100-1995
*  java-EUC_CN-1.3_P
*  java-Cp942C-1.3_P
*  ibm-1015_P100-1995
*  glibc-RK1048-2.3.3
*  ISO_IR_197
*  ibm-8612_X110-1995
*  EBCDIC_FI_SE_A
*  windows-500-2000
*  ibm-1363_P11A-1999
*  ibm-1131_P100-1997
*  INIS_CYRILLIC
*  ibm-1020_P100-2003
*  ibm-1126_P100-1997
*  ibm-5048_P100-1995
*  macos-36_1-10.2
*  ibm-4957_P101-2000
*  ibm-54191_P100-2006
*  ibm-808_P100-1999
*  ibm-5471_P100-2006
*  ibm-903_P100-1995
*  ISO_8859_3
*  windows-950_hkscs-2001
*  ibm-932_P12A-1999
*  windows-1361-2000
*  ibm-914_P100-1995
*  shift_jis
*  java-Cp865-1.3_P
*  glibc-ISO_6937-2.3.3
*  ibm-13121_P100-1995
*  hpux-eucTW-11.11
*  IBM_856
*  java-Cp937-1.3_P
*  windows-1047-2000
*  ISO_5427_EXT
*  ibm-4899_P100-1998
*  ibm-918_X100-1995
*  IBM905
*  macos-29-10.2
*  macos-2563-10.2
*  macos-2562-10.2
*  ibm-834_P100-1995
*  macos-35-10.2
*  ibm-949_X110-1999
*  ibm-904_P100-1995
*  ibm-13124_P10A-1995
*  BALTIC
*  windows-20004-2000
*  ibm-4933_P100-2002
*  KOI_8
*  windows-20880-2000
*  ibm-1125_P100-1997
*  ibm-9145_X110-1997
*  ibm-259_X100-1995
*  ibm-5123_P100-1999
*  ibm-5035_P120-1999
*  glibc-ISO_IR_209-2.3.3
*  hpux-roc15-11.11
*  cp869
*  macos-37_3-10.2
*  windows-861-2000
*  8859_8
*  hpux-hkbig5-11.11
*  ibm-1370_X100-1999
*  ibm-1114_P100-2001
*  ibm-1012_P100-1995
*  glibc-IBM864-2.3.3
*  ibm-4954_P101-2000
*  ibm-1137_P100-1999
*  CP1251
*  ibm-1375_P100-2004
*  ibm-5346_P100-1998
*  windows-20924-2000
*  ibm-869_P100-1995
*  macos-1287-10.2
*  macos-1286-10.2
*  IBM420
*  ibm-5026_P120-1999
*  hpux-cp850-11.11
*  JISX0201.1976_0
*  ibm-5470_P100_P100-2005_MS
*  JISX0208.1983_GR
*  ibm-963_P100-1995
*  java-Cp863-1.3_P
*  ibm-5050_P12A-1999
*  IBM256
*  IBM851
*  ibm-1374_P100_P100-2005_MS
*  hpux-cp1254-11.11
*  iso-8859_14-1998
*  windows-20269-2000
*  ibm-300_X110-1997
*  java-Cp1097-1.3_P
*  macos-0_2-10.2
*  iso87
*  java-Cp871-1.3_P
*  IBM903
*  EBCDIC_DK_NO_A
*  IBM_850
*  windows-20107-2000
*  ibm-9048_P100-1998
*  windows-1026-2000
*  ibm-935_P110-1999
*  ibm-1154_P100-1999
*  ibm-17221_P100-2001
*  IBM_1129
*  cp864
*  glibc-IBM1162-2.3.3
*  java-Cp856-1.3_P
*  ibm-837_P100-1995
*  windows-20424-2000
*  ibm-16684_P100-1999
*  windows-10000-2000
*  glibc-NC_NC00_10-2.3.3
*  iso-8859_15-1999
*  ibm-737_P100-1997
*  ibm-1285_P100-1996
*  ISO_8859_10
*  ibm-4952_P100-1995
*  windows-20002-2000
*  cp863
*  EUC_JP
*  ibm-1383_X110-1999
*  ibm-274_P100-2000
*  ibm-1025_P100-1995
*  hpux-cp857-11.11
*  ibm-5352_P100-1998
*  ibm-880_P100-1995
*  ISO8859_8
*  IBM_eucJP
*  windows-858-2000
*  ibm-5495_P100-1999
*  ibm-9448_X100-2005
*  macos-518-10.2
*  glibc-EUC_CN-2.3.3
*  java-ISO8859_1-1.3_P
*  ibm-9580_P110-1999
*  ibm-25546_P100-1997
*  windows-1145-2000
*  cp857
*  ibm-941_P13A-2001
*  EUC_TW
*  java-MS874-1.3_P
*  glibc-SEN_850200_B-2.3.3
*  ibm-848_P100-1999
*  ibm-947_P100-1995
*  ibm-870_P100-1999
*  glibc-IBM874-2.3.3
*  ibm-933_X110-1999
*  java-Cp420-1.3_P
*  ibm-1380_X100-1995
*  ibm-939_P120_P12A-2005_U2
*  ibm-5478_P100-1995
*  ibm-9030_P100-1995
*  macos-7_2-10.2
*  ibm-947_X100-1995
*  glibc-IBM1133-2.3.3
*  windows-862-2000
*  macos-38_2-10.2
*  ibm-33722_P120-1999
*  macos-1281-10.2
*  glibc-IBM856-2.3.3
*  ibm-835_X100-1995
*  java-Cp869-1.3_P
*  8859_10
*  EBCDIC_ES
*  java-Cp930-1.3_P
*  ibm-1253_P100-1995
*  glibc-ISO_5428-2.3.3
*  java-Johab-1.3_P
*  glibc-SJIS-2.3.3
*  ibm-420_X110-1999
*  hpux-eucKR-11.11
*  ibm-13143_P101-2000
*  IBM275
*  ibm-275_P100-1995
*  iso-8859_3-1999
*  ibm-5486_P100-1999
*  ibm-33722_P12A_P12A-2009_U2
*  IBM_943
*  ibm-284_P100-1999
*  EUC_CN
*  java-Cp277-1.3_P
*  java-Cp870-1.3_P
*  windows-20423-2000
*  ibm-1043_P100-1995
*  ibm-931_X120-1999
*  ibm-4951_P100-1995
*  ibm-1275_X100-1995
*  ibm-1370_P100-1999
*  ibm-280_P100-1999
*  ibm-937_X110-1999
*  ibm-9447_P100-2002
*  hpux-cp1253-11.11
*  ibm-5035_P120_P12A-2005_U2
*  windows-10007-2000
*  windows-10006-2000
*  windows-28599-2000
*  ibm-420_X120-1999
*  KSC5601.1987_0
*  ibm-955_P110-1997
*  java-Cp922-1.3_P
*  IBM1004
*  thai8
*  glibc-IT-2.3.3
*  windows-51936-2000
*  ibm-949_P11A-1999
*  java-ISO2022KR-1.3_P
*  windows-20871-2000
*  glibc-CP1125-2.3.3
*  EBCDIC_AT_DE_A
*  macos-517-10.2
*  ibm-13157_P101-2000
*  ibm-9056_P100-1995
*  ibm-1088_P100-1995
*  iso-8859_6-1999
*  windows-20932-2000
*  ibm-860_P100-1995
*  hpux-cp1258-11.11
*  java-ISO8859_7-1.3_P
*  ASMO_449
*  windows-1144-2000
*  ibm-1166_P100-2002
*  ISO_5428
*  ibm-946_P100-1995
*  macos-1280-10.2
*  ISO_8859_9
*  windows-20273-2000
*  ibm-896_P100-1995
*  ibm-1097_X100-1995
*  ibm-8482_P100-1999
*  ibm-4959_P101-2000
*  glibc-ANSI_X3.110-2.3.3
*  ISO8859_2
*  cp1026
*  CP1250
*  ibm-1251_P100-1995
*  ibm-1363_P100-1997
*  java-Cp280-1.3_P
*  ibm-871_P100-1999
*  macos-516-10.2
*  ibm-9067_X100-2005
*  windows-20297-2000
*  glibc-GEORGIAN_ACADEMY-2.3.3
*  glibc-SEN_850200_C-2.3.3
*  ibm-4909_P100-1999
*  PCK
*  glibc-VISCII-2.3.3
*  ibm-1147_P100-1997
*  windows-1142-2000
*  CNS11643.1986_2
*  ibm-1008_P100-1995
*  windows-20003-2000
*  glibc-IBM1046-2.3.3
*  macos-36_2-10.2
*  ibm-259_P100-1995
*  windows-1143-2000
*  ibm-950_X110-1999
*  java-Cp1256-1.3_P
*  macos-33-10.5
*  ibm-1124_X100-1996
*  IBM868
*  java-Cp935-1.3_P
*  ibm-1026_P100-1995
*  glibc-IBM870-2.3.3
*  ibm-1380_P100-1995
*  java-Cp943C-1.3_P
*  windows-28592-2000
*  macos-37_4-10.2
*  IBM871
*  glibc-T.61_8BIT-2.3.3
*  ibm-901_P100-1999
*  glibc-BIG5HKSCS-2.3.3
*  ISO8859_7
*  macos-37_5-10.2
*  ibm-1362_P110-1999
*  euc-jp-2007
*  ibm-9444_P100-2005
*  macos-1040-10.2
*  ibm-1098_X100-1995
*  windows-20278-2000
*  ibm-852_P100-1999
*  ibm-864_X110-1999
*  ibm-1282_P100-1996
*  ibm-282_P100-1995
*  java-Cp1025-1.3_P
*  ibm-1250_P100-1999
*  ISO8859_5
*  windows-37-2000
*  ibm-21344_P101-2000
*  ibm-301_P110-1997
*  ibm-1159_P100-1999
*  ibm-1382_X100-1995
*  java-Cp862-1.3_P
*  macos-1057-10.2
*  hpux-cp1256-11.11
*  ibm-1042_P100-1995
*  ISO_8859_4
*  hpux-cp1255-11.11
*  ISO646_US
*  hpux-cp1140-11.11
*  java-SJIS-1.3_P
*  ibm-277_P100-1999
*  EBCDIC_DK_NO
*  ibm-926_P100-2000
*  IEC_P27_1
*  ibm-13676_P102-2001
*  java-Cp857-1.3_P
*  windows-1251-2000
*  ISO_8859_15
*  cp865
*  ibm-1277_P100-1995
*  ibm-5487_P100-2001
*  windows-1148-2000
*  ibm-1132_P100-1997
*  java-Cp1257-1.3_P
*  ibm-5488_P100-2001
*  ibm-5035_X120-1999
*  hpux-cp864-11.11
*  glibc-DS_2089-2.3.3
*  ibm-4961_P101-2000
*  ibm-1027_P100-1995
*  cp862
*  ibm-13140_P101-2000
*  ibm-930_P120-1999
*  ibm-1371_P100-1999
*  hpux-hp15CN-11.11
*  windows-437-2000
*  ibm-1127_P100-2004
*  ibm-37_P100-1999
*  ibm-424_P100-1995
*  windows-852-2000
*  ibm-1046_X110-1999
*  ibm-13145_P101-2000
*  ibm-1255_P100-1995
*  hpux-cp1143-11.11
*  ibm-1168_P100-2002
*  hpux-sjis-11.11
*  ibm-1375_P100-2008
*  macos-1282-10.2
*  ibm-5104_X110-1999
*  hpux-eucJP-11.11
*  ibm-1388_P100-2024
*  zh_CN.euc
*  macos-0_1-10.2
*  iso85
*  ibm-867_P100-1998
*  java-Cp942-1.3_P
*  glibc-BIG5-2.3.3
*  windows-20105-2000
*  hpux-cp861-11.11
*  ibm-297_P100-1999
*  ISO_8859_1
*  5601
*  macos-3074-10.2
*  ibm-1143_P100-1997
*  IBM870
*  ibm-21427_P100-1999
*  glibc-IBM1124-2.3.3
*  macos-521-10.2
*  ibm-949_P110-1999
*  glibc-CSA_Z243.4_1985_2-2.3.3
*  EBCDIC_PT
*  ibm-1174_X100-2007
*  macos-513-10.2
*  ibm-13156_P101-2000
*  ibm-1350_P110-1997
*  ibm-1098_P100-1995
*  ibm-1362_P100-1997
*  ibm-1009_P100-1995
*  macos-2817-10.2
*  ibm-1089_P100-1995
*  hpux-cp874-11.11
*  cp424
*  java-Cp1124-1.3_P
*  java-Cp1255-1.3_P
*  ibm-4960_X100-1995
*  ibm-970_P110-1999
*  java-ISO8859_13-1.3_P
*  windows-1258-2000
*  KOI8_R
*  IBM_eucKR
*  windows-857-2000
*  ibm-12712_P100-1998
*  windows-855-2000
*  glibc-MAC_SAMI-2.3.3
*  JISX0201.1976_GR
*  ibm-9444_P100_P100-2005_MS
*  iso89
*  ibm-1363_P110-1999
*  cp855
*  java-Cp921-1.3_P
*  CP1253
*  windows-20261-2000
*  ibm-930_P120_P12A-2006_U2
*  8859_7
*  windows-950-2000
*  ibm-1161_P100-1999
*  windows-51932-2006
*  ibm-9444_P100-2001
*  GREEK_CCITT
*  ibm-20780_P100-1999
*  ibm-1040_P100-1995
*  ibm-5039_P11A-1998
*  ibm-859_P100-1999
*  ibm-837_P100-2011
*  ibm-858_P100-1997
*  ibm-1385_P100-1997
*  ibm-4933_P100-1996
*  glibc-MACINTOSH-2.3.3
*  glibc-ECMA_CYRILLIC-2.3.3
*  ibm-33722_P12A-1999
*  ibm-1142_P100-1997
*  java-Cp285-1.3_P
*  ibm-290_P100-1995
*  ibm-1102_P100-2003
*  ibm-1114_P100-1995
*  java-ISO8859_8-1.3_P
*  java-Cp852-1.3_P
*  ibm-835_P100-1995
*  ibm-920_P100-1995
*  macos-21-10.5
*  java-Cp1251-1.3_P
*  ibm-437_P100-1995
*  cp860
*  ISO_8859_8
*  glibc-CSA_Z243.4_1985_1-2.3.3
*  ibm-300_P110-1997
*  ibm-5470_P100-2005
*  ibm-923_P100-1998
*  ibm-1381_X110-1999
*  java-Cp939-1.3_P
*  ibm-948_X110-1999
*  windows-20285-2000
*  windows-20284-2000
*  cp273
*  ibm-933_P110-1999
*  macos-1284-10.2
*  windows-10003-2000
*  EBCDIC_AT_DE
*  ibm-1155_P100-1999
*  ibm-1148_P100-1997
*  CP1258
*  ibm-1004_P100-1995
*  ibm-1163_P100-1999
*  ibm-895_P100-1995
*  ibm-913_P100-2000
*  ibm-1016_P100-1995
*  ascii
*  8859_6
*  windows-936-2000
*  solaris-zh_TW_big5-2.7
*  ibm-951_P100-1995
*  ibm-838_P100-1995
*  IBM880
*  windows-1254-2000
*  ibm-834_X100-1995
*  ibm-902_P100-1999
*  java-Cp297-1.3_P
*  windows-949-2000
*  ibm-1018_P100-1995
*  ibm-803_P100-1999
*  ibm-864_X120-2012
*  EBCDIC_FR
*  ibm-13218_P100-1996
*  ibm-970_P110_P110-2006_U2
*  ibm-5039_P110-1996
*  ibm-1105_P100-2003
*  java-Cp1252-1.3_P
*  java-Cp1026-1.3_P
*  java-Cp1122-1.3_P
*  ibm-5233_P100-2011
*  8859_15
*  glibc-ISO_8859_7-2.3.3
*  windows-21027-2000
*  windows-1258_db-2013
*  macos-34-10.2
*  ibm-924_P100-1998
*  java-Cp1112-1.3_P
*  ibm-1160_P100-1999
*  IBM918
*  ibm-4930_P100-1997
*  glibc-UHC-2.3.3
*  java-Cp950-1.3_P
*  ibm-1107_P100-2003
*  EBCDIC_IS_FRISS
*  IBM891
*  windows-708-2000
*  ibm-9061_P100-1999
*  ibm-1162_P100-1999
*  glibc-MSZ_7795.3-2.3.3
*  ibm-9238_X110-1999
*  ibm-1257_P100-1995
*  iso81
*  iso-8859_11-2001
*  ibm-13124_P100-1995
*  ibm-9066_P100-1995
*  windows-20833-2000
*  ibm-1164_P100-1999
*  CP775
*  ibm-1377_P100_P100-2006_U3
*  ibm-1010_P100-1995
*  iso-8859_5-1999
*  ibm-912_P100-1999
*  ibm-1280_P100-1996
*  ibm-1132_P100-1998
*  zh_CN.gbk
*  hpux-iso87-11.11
*  MAC_UK
*  hpux-sjisMS-11.11
*  CP1252
*  8859_3
*  ibm-1382_P100-1995
*  ibm-939_X120-1999
*  ibm-293_P100-1995
*  glibc-IBM1160-2.3.3
*  ibm-868_X100-1995
*  ISO8859_6
*  hpux-eucJP0201-11.11
*  glibc-CP10007-2.3.3
*  java-Cp949C-1.3_P
*  ibm-1006_X100-1995
*  ibm-775_P100-1996
*  macos-1024-10.2
*  java-Cp1254-1.3_P
*  macos-2566-10.2
*  java-Cp1123-1.3_P
*  glibc-PT2-2.3.3
*  java-ISO8859_2-1.3_P
*  glibc-ISO_8859_16-2.3.3
*  windows-10021-2000
*  ibm-836_P100-1995
*  ibm-1047_P100-1995
*  windows-1255-2000
*  glibc-ISIRI_3342-2.3.3
*  GOST_19768_74
*  ibm-1041_P100-1995
*  ibm-4963_P101-2000
*  ibm-930_X120-1999
*  ibm-875_P100-1995
*  windows-1146-2000
*  java-Cp1098-1.3_P
*  ibm-806_P100-1998
*  ibm-1104_P100-2003
*  macos-6-10.2
*  ibm-1008_X100-1995
*  ibm-21427_X100-1999
*  ibm-941_X11A-1996
*  java-ISO8859_6-1.3_P
*  glibc-GBK-2.3.3
*  windows-10079-2000
*  windows-865-2000
*  hpux-cp437-11.11
*  ibm-944_P100-1995
*  java-Cp273-1.3_P
*  ibm-5348_P100-1997
*  ibm-1388_P110-2000
*  ibm-9145_P110-1997
*  hpux-cp775-11.11
*  ibm-1375_X100-2004
*  glibc-IBM1129-2.3.3
*  ibm-950_P110-1999
*  windows-28597-2000
*  windows-28596-2000
*  iso-8859_4-1998
*  glibc-KSC5636-2.3.3
*  NATS_SEFI
*  hpux-cp1148-11.11
*  ibm-1112_P100-1995
*  hpux-cp1257-11.11
*  ibm-1371_X100-1999
*  windows-874-2000
*  java-ISO8859_3-1.3_P
*  ibm-960_P100-2000
*  osd-EBCDIC-DF04-15
*  iso-8859_9-1999
*  java-Cp875-1.3_P
*  cp949
*  ibm-865_P100-1995
*  ibm-1276_P100-1995
*  windows-20936-2000
*  ibm-1097_P100-1995
*  java-Cp278-1.3_P
*  java-Cp500-1.3_P
*  windows-28603-vista
*  hpux-greee-11.11
*  windows-20949-2000
*  windows-1141-2000
*  ibm-953_P100-2000
*  ibm-868_P100-1995
*  IBM_858
*  ISO8859_15
*  IBM_eucTW
*  ISO8859_4
*  ibm-1014_P100-1995
*  ibm-4517_P100-2005
*  hpux-cp737-11.11
*  ibm-964_X110-1999
*  ibm-9449_P100-2002
*  hpux-cp1146-11.11
*  ibm-9027_P100-1999
*  ibm-5050_P120-1999
*  hpux-cp1251-11.11
*  macos-7_1-10.2
*  ibm-423_P100-1995
*  IBM_1124
*  java-TIS620-1.3_P
*  IBM285
*  ibm-4962_P101-2000
*  ibm-971_P100-1995
*  ibm-5347_P100-1998
*  ibm-932_P12A_P12A-2000_U2
*  ibm-833_P100-1995
*  ibm-1363_P10A-1997
*  windows-860-2000
*  ibm-4945_P101-2000
*  ibm-921_P100-1995
*  ibm-9306_P101-2000
*  ibm-935_X110-1999
*  java-EUC_TW-1.3_P
*  ibm-964_P110-1999
*  windows-1256-2000
*  8859_1
*  TIS_620
*  ibm-1363_P11B-1999
*  ibm-17248_X110-1999
*  hpux-cp860-11.11
*  windows-864-2000
*  ibm-1013_P100-1995
*  windows-20000-2000
*  ibm-1023_P100-2003
*  ibm-4955_P101-2000
*  ibm-948_P110-1999
*  ibm-1386_P100-2001
*  java-Cp1381-1.3_P
*  ibm-952_P110-1997
*  ibm-863_P100-1995
*  java-ISO2022JP-1.3_P
*  ibm-1158_P100-1999
*  ibm-1363_P11C-2006
*  iso88
*  macos-519-10.2
*  windows-1252-2000
*  ISO_8859_5
*  ibm-918_P100-1995
*  glibc-IBM943-2.3.3
*  windows-28605-2000
*  ibm-4958_P101-2000
*  ibm-1167_P100-2002
*  GREEK7_OLD
*  glibc-ISO_8859_13-2.3.3
*  ibm-1390_P110-2003
*  windows-10081-2000
*  ibm-33722_P12A_P12A-2004_U2
*  windows-870-2000
*  IBM290
*  macos-514-10.2
*  ibm-1144_P100-1997
*  ibm-1388_P103-2001
*  windows-20905-2000
*  CP1254
*  java-Cp284-1.3_P
*  ibm-1377_P100-2008
*  windows-720-2000
*  windows-1140-2000
*  ibm-5349_P100-1998
*  ISO_8859_7
*  macos-520-10.2
*  ibm-500_P100-1999
*  ibm-927_X100-1995
*  ibm-9577_P100-2001
*  java-Cp949-1.3_P
*  java-ISO8859_4-1.3_P
*  hpux-cp862-11.11
*  macos-1536-10.2
*  java-Cp838-1.3_P
*  java-Cp918-1.3_P
*  ibm-819_P100-1999
*  java-Cp437-1.3_P
*  ibm-932_P120-1999
*  ibm-9064_P101-2000
*  ibm-943_P14A-1999
*  ibm-5026_X120-1999
*  ISO_5427
*  java-Cp943-1.2.2
*  glibc-GEORGIAN_PS-2.3.3
*  hpux-cp1142-11.11
*  IBM297
*  ibm-1017_P100-1995
*  zh_TW_euc
*  glibc-NS_4551_1-2.3.3
*  glibc-BS_4730-2.3.3
*  iso-8859_16-2001
*  hpux-eucJPMS-11.11
*  ibm-905_P100-1995
*  java-ASCII-1.3_P
*  iso-8859_7-1987
*  java-KOI8_R-1.3_P
*  ibm-4960_P100-1995
*  IBM280
*  iso-8859_2-1999
*  windows-932-2000
*  windows-1250-2000
*  ibm-300_P120-2006
*  hpux-cp866-11.11
*  ibm-944_X100-1995
*  ibm-16684_P110-2003
*  glibc-CP932-2.3.3
*  ibm-837_X100-1995
*  ibm-367_P100-1995
*  glibc-DIN_66003-2.3.3
*  8859_2
*  ISO_8859_14
*  ibm-1386_P110-1997
*  ibm-874_P100-1995
*  java-Cp933-1.3_P
*  glibc-NF_Z_62_010-2.3.3
*  ibm-4971_P100-1999
*  ibm-943_P15A-2003
*  java-Cp424-1.3_P
*  glibc-JIS_C6229_1984_B-2.3.3
*  CP1256
*  LATIN_GREEK
*  IBM278
*  EBCDIC_UK
*  ibm-285_P100-1999
*  ibm-872_P100-1999
*  java-Cp1258-1.3_P
*  ibm-1258_P100-1997
*  java-Cp866-1.3_P
*  ibm-9042_P101-2000
*  macos-38_1-10.2
*  iso815
*  ibm-1137_PMOD-1999
*  ibm-5049_P100-1995
*  ibm-1146_P100-1997
*  ibm-941_P12A-1996
*  INIS_8
*  iso-8859_7-2003
*  ibm-5012_P100-1999
*  ibm-1165_P101-2000
*  ibm-866_P100-1995
*  glibc-ISO_8859_8-2.3.3
*  glibc-IBM866NAV-2.3.3
*  ibm-301_X110-1997
*  ibm-1011_P100-1995
*  aix-IBM_udcJP-4.3.6
*  ibm-850_P100-1999
*  ibm-1381_P110-1999
*  glibc-EUC_KR-2.3.3
*  ibm-891_P100-1995
*  ibm-1157_P100-1999
*  ibm-1377_P100-2006
*  ibm-851_P100-1995
*  ibm-942_P120-1999
*  windows-20108-2000
*  ibm-33058_P100-2000
*  ibm-927_P100-1995
*  java-Big5-1.3_P
*  windows-28591-2000
*  ibm-9027_X100-1999
*  java-Cp874-1.3_P
*  ibm-897_P100-1995
*  ibm-4948_P100-1995
*  iso-8859_10-1998
*  euc-tw-2014
*  windows-775-2000
*  ibm-1006_P100-1995
*  ibm-1129_P100-1997
*  gb18030
*  EBCDIC_US
*  glibc-IBM1161-2.3.3
*  macos-1059-10.2
*  IBM423
*  ISO8859_3
*  MAC_IS
*  mac_roman
*  ibm-1364_P100-2007
*  NATS_DANO
*  ibm-5473_P100-2006
*  cp500
*  8859_9
*  windows-10004-2000
*  hpux-cp863-11.11
*  cp850
*  utf-16
*  windows-51949-2000
*  java-ISO8859_9-1.3_P
*  8859_5
*  macos-527-10.2
*  java-Cp970-1.3_P
*  windows-869-2000
*  windows-10008-2000
*  IBM_932
*  java-Cp1383-1.3_P
*  ibm-1019_P100-1995
*  ISO_8859_2
*  java-Cp868-1.3_P
*  ibm-9005_X110-2007
*  java-EUC_KR-1.3_P
*  ibm-849_P100-1999
*  ibm-1373_P100-2002
*  ibm-720_P100-1997
*  java-Cp1253-1.3_P
*  ibm-941_P130-2001
*  windows-1257-2000
*  iso-8859_8-1999
*  ibm-4930_P110-1999
*  IBM874
*  GREEK7
*  java-Cp964-1.3_P
*  ibm-425_P101-2000
*  cp437
*  8859_4
*  ISO_8859_11
*  ibm-954_P101-2007
*  ibm-855_P100-1995
*  IBM281
*  iso-8859_13-1998
*  ibm-1149_P100-1997
*  EBCDIC_CA_FR
*  ibm-13162_P101-2000
*  windows-38598-2000
*  java-Cp864-1.3_P
*  windows-850-2000
*  IBM1047
*  java-Cp1250-1.3_P
*  ibm-278_P100-1999
*  CP737
*  eucTH
*  ibm-1126_P100_P100-1997_U3
*  java-Cp775-1.3_P
*  iso82
*  windows-737-2000
*  ibm-28709_P100-1995
*  windows-20866-2000
*  ibm-1281_P100-1996
*  IBM274
*  glibc-KOI8_U-2.3.3
*  ibm-1156_P100-1999
*  java-Cp33722-1.3_P
*  ibm-857_P100-1995
*  glibc-NS_4551_2-2.3.3
*  glibc-PT154-2.3.3
*  ibm-1364_P110-2007
*  windows-866-2000
*  ibm-1101_P100-2003
*  windows-20127-2000
*  ibm-922_P100-1999
*  macos-1288-10.2
*  ibm-9049_P100-1999
*  cp861
*  windows-863-2000
*  windows-20005-2000
*  windows-20001-2000
*  iso-8859_1-1998
*  ibm-1399_P100-1999
*  HP_ROMAN8
*  ibm-1021_P100-2003
*  osd-EBCDIC-DF04-1
*  java-Cp948-1.3_P
*  java-Cp861-1.3_P
*  hpux-big5-11.11
*  glibc-ES-2.3.3
*  ibm-939_P120-1999
*  ibm-1383_P110-1999
*  hpux-cp1147-11.11
*  windows-28598-2000
*  ibm-1363_P10B-1998
*  IBM904
*  glibc-NF_Z_62_010_1973-2.3.3
*  hpux-cp869-11.11
*  windows-1147-2000
*  java-ISO8859_5-1.3_P
*  ISO_8859_6
*  CSN_369103
*  windows-10082-2000
*  glibc-JOHAB-2.3.3
*  hpux-cp1250-11.11
*  ibm-5350_P100-1998
*  ibm-1133_P100-1997
*  ibm-4904_P101-2000
*  glibc-JIS_C6220_1969_RO-2.3.3
*  glibc-JUS_I.B1.002-2.3.3
*  ibm-1351_P110-1997
*  KOI8_U
*  EUC_KR
*  ibm-942_P12A_P12A-2000_U2
*  ibm-5354_P100-1998
*  ibm-931_P120-1999
*  windows-10010-2000
*  ibm-62383_P100-2007
*  glibc-IBM922-2.3.3
*  ISO8859_1
*  hpux-cp1145-11.11
*  ibm-941_P120-1996
*  macos-1049-10.2
*  zh_CN_cp935
*  ibm-1254_P100-1995
*  ibm-1122_P100-1999
*  ibm-53685_P101-2000
*  macos-515-10.2
*  glibc-EUC_JP-2.3.3
*  ibm-5067_P100-1995
*  IBM038
*  ISO_8859_13
*  java-Cp855-1.3_P
*  CNS11643.1986_1
*  ibm-1256_P110-1997
*  ibm-1275_P100-1995
*  ibm-862_P100-1995
*  windows-10002-2000
*  hpux-cp852-11.11
*  glibc-KOI8_T-2.3.3
*  ibm-1374_P100-2005
*  windows-875-2000
*  ibm-1284_P100-1996
*  ibm-1399_P110-2003
*  windows-20280-2000
*  cp866
*  ibm-915_P100-1995
*  ibm-916_P100-1995
*  windows-20277-2000
*  ibm-1283_P100-1996
*  ibm-9005_X100-2005
*  windows-28593-2000
*  ibm-4944_P101-2000
*  hpux-cp855-11.11
*  ibm-1141_P100-1997
*  osd-EBCDIC-DF03-IRV
*  CP1255
*  java-MS932-1.3_P
*  hpux-cp1144-11.11
*  ibm-5210_P100-1999
*  cp037
*  ibm-937_P110-1999
*  ibm-5353_P100-1998
*  IBM277
*  ibm-4956_P101-2000
*  macos-7_3-10.2
*  ibm-1130_P100-1997
*  ibm-813_P100-1995
*  windows-20838-2000
*  iso86
*  ibm-1103_P100-2003
*  glibc-IBM1163-2.3.3
*  java-Cp1006-1.3_P
*  windows-21866-2000
*  ibm-878_P100-1996
*  glibc-GB_1988_80-2.3.3
*  ibm-1123_P100-1995
*  hpux-cp1252-11.11
*  big5
*  java-EUC_JP-1.3_P
*  utf-8
*  ibm-5351_P100-1998
*  windows-20106-2000
*  ibm-1106_P100-2003
*  hpux-cp1149-11.11
*  windows-10005-2000
*  ibm-286_P100-2003
*  IBM875
*  ibm-17240_P101-2000
*  hpux-cp865-11.11
*  windows-1149-2000
*  ibm-16804_X110-1999
*  ibm-9044_P100-1999
*  windows-10017-2000
*  ibm-928_P100-1995
*  EBCDIC_IT
*  EBCDIC_ES_S
*  macos-1285-10.2
*  LATIN_GREEK_1
*  ibm-8612_P100-1995
*  hpux-sjis0201-11.11
*  macos-1283-10.2
*  ANSI_X3.110
*  glibc-WIN_SAMI_2-2.3.3
*  ibm-1115_P100-1995
*  ISO_10367_BOX
*  EBCDIC_FI_SE
*  glibc-ES2-2.3.3
*  ibm-861_P100-1995
*  ibm-13125_P100-1997
*  java-Cp737-1.3_P
*  ibm-942_P12A-1999
*  CNS-11643-1992
*  windows-1253-2000
*  java-Cp860-1.3_P
*  IBM_1046
*  ibm-941_X110-1996
*  ibm-1375_P100-2006
*  macos-6_2-10.4
*  ibm-856_P100-1995
*  glibc-KOI8_R-2.3.3
*  DEC_MCS
*  roma8
*  ibm-273_P100-1999
*  IBM284
*  cp852
*  windows-10029-2000
*  INIS
*  ibm-1390_P100-1999
*  ibm-1051_P100-1999
*  EBCDIC_ES_A
*  ibm-943_P130-1999
*  windows-20420-2000
*  windows-10001-2000
*  ibm-1140_P100-1997
*  latin-1


LINE 13:     select * from read_csv(
                           ^
[0m22:20:29.259090 [debug] [Thread-1 (]: DuckDB adapter: Error running SQL: /* {"app": "dbt", "dbt_version": "1.11.8", "profile_name": "student_dropout", "target_name": "dev", "node_id": "model.student_dropout.stg_students"} */

  
  create view "student_dropout"."main_staging"."stg_students__dbt_tmp" as (
    -- stg_students.sql
-- Staging layer: rename columns to snake_case, cast types, no business logic.
-- Source: UCI flat file loaded via DuckDB read_csv
-- Notes:
--   - UTF-8 BOM on first column handled via encoding='utf-8-bom' in sources.yml
--   - DuckDB uses double-quotes for column identifiers (not backticks)

with source as (
    select * from read_csv(
    '../data/raw/data.csv',
    header = true,
    encoding = 'utf-8-bom',
    delim = ';'
    )
),

renamed as (
    select
        -- enrollment & program
        "Marital status"                                    as marital_status,
        "Application mode"                                  as application_mode,
        "Application order"                                 as application_order,
        "Course"                                            as course_id,
        "Daytime/evening attendance"                        as attendance_type,

        -- prior academic background
        "Previous qualification"                            as previous_qualification,
        "Previous qualification (grade)"                    as previous_qualification_grade,
        "Admission grade"                                   as admission_grade,

        -- student demographics
        "Nacionality"                                       as nationality,
        "Gender"                                            as gender,
        "Age at enrollment"                                 as age_at_enrollment,
        "International"                                     as is_international,
        "Displaced"                                         as is_displaced,

        -- household background
        "Mother's qualification"                            as mothers_qualification,
        "Father's qualification"                            as fathers_qualification,
        "Mother's occupation"                               as mothers_occupation,
        "Father's occupation"                               as fathers_occupation,

        -- financial & support
        "Scholarship holder"                                as is_scholarship_holder,
        "Tuition fees up to date"                           as tuition_fees_up_to_date,
        "Debtor"                                            as is_debtor,
        "Educational special needs"                         as has_special_needs,

        -- semester 1 academic performance
        "Curricular units 1st sem (credited)"               as sem1_units_credited,
        "Curricular units 1st sem (enrolled)"               as sem1_units_enrolled,
        "Curricular units 1st sem (evaluations)"            as sem1_evaluations,
        "Curricular units 1st sem (approved)"               as sem1_units_approved,
        "Curricular units 1st sem (grade)"                  as sem1_grade,
        "Curricular units 1st sem (without evaluations)"    as sem1_units_no_eval,

        -- semester 2 academic performance
        "Curricular units 2nd sem (credited)"               as sem2_units_credited,
        "Curricular units 2nd sem (enrolled)"               as sem2_units_enrolled,
        "Curricular units 2nd sem (evaluations)"            as sem2_evaluations,
        "Curricular units 2nd sem (approved)"               as sem2_units_approved,
        "Curricular units 2nd sem (grade)"                  as sem2_grade,
        "Curricular units 2nd sem (without evaluations)"    as sem2_units_no_eval,

        -- macroeconomic context (period-level, not student-level)
        "Unemployment rate"                                 as unemployment_rate,
        "Inflation rate"                                    as inflation_rate,
        "GDP"                                               as gdp,

        -- target
        "Target"                                            as outcome

    from source
)

select * from renamed
  );

[0m22:20:29.259291 [debug] [Thread-1 (]: DuckDB adapter: Rolling back transaction.
[0m22:20:29.259424 [debug] [Thread-1 (]: On model.student_dropout.stg_students: ROLLBACK
[0m22:20:29.260514 [debug] [Thread-1 (]: Failed to rollback 'model.student_dropout.stg_students'
[0m22:20:29.260717 [debug] [Thread-1 (]: On model.student_dropout.stg_students: Close
[0m22:20:29.263541 [debug] [Thread-1 (]: Runtime Error in model stg_students (models/staging/stg_students.sql)
  Invalid Input Error: The CSV Reader does not support the encoding: "utf-8-bom"
  The currently supported encodings are: 
  *  CWI
  *  ibm-1252_P100-2000
  *  java-MS949-1.3_P
  *  IBM_1252
  *  ibm-1375_P100-2007
  *  ibm-1100_P100-2003
  *  CP1257
  *  ibm-1385_P100-2005
  *  ISO8859_9
  *  IBM_udcJP_GR
  *  glibc-EUC_JP_MS-2.3.3
  *  ibm-951_X100-1995
  *  ibm-5471_P100-2007
  *  windows-20290-2000
  *  zh_TW_cp937
  *  solaris-zh_HK.hkscs-5.9
  *  glibc-ARMSCII_8-2.3.3
  *  ibm-293_X100-1995
  *  windows-28594-2000
  *  windows-28595-2000
  *  ibm-1145_P100-1997
  *  macos-37_2-10.2
  *  hpux-cp1141-11.11
  *  java-Cp037-1.3_P
  *  ibm-1153_P100-1999
  *  glibc-IBM1132-2.3.3
  *  java-Cp850-1.3_P
  *  JISX0208.1983_0
  *  glibc-IBM1164-2.3.3
  *  ibm-5142_P100-1995
  *  glibc-PT-2.3.3
  *  windows-21025-2000
  *  ibm-256_P100-1995
  *  java-EUC_CN-1.3_P
  *  java-Cp942C-1.3_P
  *  ibm-1015_P100-1995
  *  glibc-RK1048-2.3.3
  *  ISO_IR_197
  *  ibm-8612_X110-1995
  *  EBCDIC_FI_SE_A
  *  windows-500-2000
  *  ibm-1363_P11A-1999
  *  ibm-1131_P100-1997
  *  INIS_CYRILLIC
  *  ibm-1020_P100-2003
  *  ibm-1126_P100-1997
  *  ibm-5048_P100-1995
  *  macos-36_1-10.2
  *  ibm-4957_P101-2000
  *  ibm-54191_P100-2006
  *  ibm-808_P100-1999
  *  ibm-5471_P100-2006
  *  ibm-903_P100-1995
  *  ISO_8859_3
  *  windows-950_hkscs-2001
  *  ibm-932_P12A-1999
  *  windows-1361-2000
  *  ibm-914_P100-1995
  *  shift_jis
  *  java-Cp865-1.3_P
  *  glibc-ISO_6937-2.3.3
  *  ibm-13121_P100-1995
  *  hpux-eucTW-11.11
  *  IBM_856
  *  java-Cp937-1.3_P
  *  windows-1047-2000
  *  ISO_5427_EXT
  *  ibm-4899_P100-1998
  *  ibm-918_X100-1995
  *  IBM905
  *  macos-29-10.2
  *  macos-2563-10.2
  *  macos-2562-10.2
  *  ibm-834_P100-1995
  *  macos-35-10.2
  *  ibm-949_X110-1999
  *  ibm-904_P100-1995
  *  ibm-13124_P10A-1995
  *  BALTIC
  *  windows-20004-2000
  *  ibm-4933_P100-2002
  *  KOI_8
  *  windows-20880-2000
  *  ibm-1125_P100-1997
  *  ibm-9145_X110-1997
  *  ibm-259_X100-1995
  *  ibm-5123_P100-1999
  *  ibm-5035_P120-1999
  *  glibc-ISO_IR_209-2.3.3
  *  hpux-roc15-11.11
  *  cp869
  *  macos-37_3-10.2
  *  windows-861-2000
  *  8859_8
  *  hpux-hkbig5-11.11
  *  ibm-1370_X100-1999
  *  ibm-1114_P100-2001
  *  ibm-1012_P100-1995
  *  glibc-IBM864-2.3.3
  *  ibm-4954_P101-2000
  *  ibm-1137_P100-1999
  *  CP1251
  *  ibm-1375_P100-2004
  *  ibm-5346_P100-1998
  *  windows-20924-2000
  *  ibm-869_P100-1995
  *  macos-1287-10.2
  *  macos-1286-10.2
  *  IBM420
  *  ibm-5026_P120-1999
  *  hpux-cp850-11.11
  *  JISX0201.1976_0
  *  ibm-5470_P100_P100-2005_MS
  *  JISX0208.1983_GR
  *  ibm-963_P100-1995
  *  java-Cp863-1.3_P
  *  ibm-5050_P12A-1999
  *  IBM256
  *  IBM851
  *  ibm-1374_P100_P100-2005_MS
  *  hpux-cp1254-11.11
  *  iso-8859_14-1998
  *  windows-20269-2000
  *  ibm-300_X110-1997
  *  java-Cp1097-1.3_P
  *  macos-0_2-10.2
  *  iso87
  *  java-Cp871-1.3_P
  *  IBM903
  *  EBCDIC_DK_NO_A
  *  IBM_850
  *  windows-20107-2000
  *  ibm-9048_P100-1998
  *  windows-1026-2000
  *  ibm-935_P110-1999
  *  ibm-1154_P100-1999
  *  ibm-17221_P100-2001
  *  IBM_1129
  *  cp864
  *  glibc-IBM1162-2.3.3
  *  java-Cp856-1.3_P
  *  ibm-837_P100-1995
  *  windows-20424-2000
  *  ibm-16684_P100-1999
  *  windows-10000-2000
  *  glibc-NC_NC00_10-2.3.3
  *  iso-8859_15-1999
  *  ibm-737_P100-1997
  *  ibm-1285_P100-1996
  *  ISO_8859_10
  *  ibm-4952_P100-1995
  *  windows-20002-2000
  *  cp863
  *  EUC_JP
  *  ibm-1383_X110-1999
  *  ibm-274_P100-2000
  *  ibm-1025_P100-1995
  *  hpux-cp857-11.11
  *  ibm-5352_P100-1998
  *  ibm-880_P100-1995
  *  ISO8859_8
  *  IBM_eucJP
  *  windows-858-2000
  *  ibm-5495_P100-1999
  *  ibm-9448_X100-2005
  *  macos-518-10.2
  *  glibc-EUC_CN-2.3.3
  *  java-ISO8859_1-1.3_P
  *  ibm-9580_P110-1999
  *  ibm-25546_P100-1997
  *  windows-1145-2000
  *  cp857
  *  ibm-941_P13A-2001
  *  EUC_TW
  *  java-MS874-1.3_P
  *  glibc-SEN_850200_B-2.3.3
  *  ibm-848_P100-1999
  *  ibm-947_P100-1995
  *  ibm-870_P100-1999
  *  glibc-IBM874-2.3.3
  *  ibm-933_X110-1999
  *  java-Cp420-1.3_P
  *  ibm-1380_X100-1995
  *  ibm-939_P120_P12A-2005_U2
  *  ibm-5478_P100-1995
  *  ibm-9030_P100-1995
  *  macos-7_2-10.2
  *  ibm-947_X100-1995
  *  glibc-IBM1133-2.3.3
  *  windows-862-2000
  *  macos-38_2-10.2
  *  ibm-33722_P120-1999
  *  macos-1281-10.2
  *  glibc-IBM856-2.3.3
  *  ibm-835_X100-1995
  *  java-Cp869-1.3_P
  *  8859_10
  *  EBCDIC_ES
  *  java-Cp930-1.3_P
  *  ibm-1253_P100-1995
  *  glibc-ISO_5428-2.3.3
  *  java-Johab-1.3_P
  *  glibc-SJIS-2.3.3
  *  ibm-420_X110-1999
  *  hpux-eucKR-11.11
  *  ibm-13143_P101-2000
  *  IBM275
  *  ibm-275_P100-1995
  *  iso-8859_3-1999
  *  ibm-5486_P100-1999
  *  ibm-33722_P12A_P12A-2009_U2
  *  IBM_943
  *  ibm-284_P100-1999
  *  EUC_CN
  *  java-Cp277-1.3_P
  *  java-Cp870-1.3_P
  *  windows-20423-2000
  *  ibm-1043_P100-1995
  *  ibm-931_X120-1999
  *  ibm-4951_P100-1995
  *  ibm-1275_X100-1995
  *  ibm-1370_P100-1999
  *  ibm-280_P100-1999
  *  ibm-937_X110-1999
  *  ibm-9447_P100-2002
  *  hpux-cp1253-11.11
  *  ibm-5035_P120_P12A-2005_U2
  *  windows-10007-2000
  *  windows-10006-2000
  *  windows-28599-2000
  *  ibm-420_X120-1999
  *  KSC5601.1987_0
  *  ibm-955_P110-1997
  *  java-Cp922-1.3_P
  *  IBM1004
  *  thai8
  *  glibc-IT-2.3.3
  *  windows-51936-2000
  *  ibm-949_P11A-1999
  *  java-ISO2022KR-1.3_P
  *  windows-20871-2000
  *  glibc-CP1125-2.3.3
  *  EBCDIC_AT_DE_A
  *  macos-517-10.2
  *  ibm-13157_P101-2000
  *  ibm-9056_P100-1995
  *  ibm-1088_P100-1995
  *  iso-8859_6-1999
  *  windows-20932-2000
  *  ibm-860_P100-1995
  *  hpux-cp1258-11.11
  *  java-ISO8859_7-1.3_P
  *  ASMO_449
  *  windows-1144-2000
  *  ibm-1166_P100-2002
  *  ISO_5428
  *  ibm-946_P100-1995
  *  macos-1280-10.2
  *  ISO_8859_9
  *  windows-20273-2000
  *  ibm-896_P100-1995
  *  ibm-1097_X100-1995
  *  ibm-8482_P100-1999
  *  ibm-4959_P101-2000
  *  glibc-ANSI_X3.110-2.3.3
  *  ISO8859_2
  *  cp1026
  *  CP1250
  *  ibm-1251_P100-1995
  *  ibm-1363_P100-1997
  *  java-Cp280-1.3_P
  *  ibm-871_P100-1999
  *  macos-516-10.2
  *  ibm-9067_X100-2005
  *  windows-20297-2000
  *  glibc-GEORGIAN_ACADEMY-2.3.3
  *  glibc-SEN_850200_C-2.3.3
  *  ibm-4909_P100-1999
  *  PCK
  *  glibc-VISCII-2.3.3
  *  ibm-1147_P100-1997
  *  windows-1142-2000
  *  CNS11643.1986_2
  *  ibm-1008_P100-1995
  *  windows-20003-2000
  *  glibc-IBM1046-2.3.3
  *  macos-36_2-10.2
  *  ibm-259_P100-1995
  *  windows-1143-2000
  *  ibm-950_X110-1999
  *  java-Cp1256-1.3_P
  *  macos-33-10.5
  *  ibm-1124_X100-1996
  *  IBM868
  *  java-Cp935-1.3_P
  *  ibm-1026_P100-1995
  *  glibc-IBM870-2.3.3
  *  ibm-1380_P100-1995
  *  java-Cp943C-1.3_P
  *  windows-28592-2000
  *  macos-37_4-10.2
  *  IBM871
  *  glibc-T.61_8BIT-2.3.3
  *  ibm-901_P100-1999
  *  glibc-BIG5HKSCS-2.3.3
  *  ISO8859_7
  *  macos-37_5-10.2
  *  ibm-1362_P110-1999
  *  euc-jp-2007
  *  ibm-9444_P100-2005
  *  macos-1040-10.2
  *  ibm-1098_X100-1995
  *  windows-20278-2000
  *  ibm-852_P100-1999
  *  ibm-864_X110-1999
  *  ibm-1282_P100-1996
  *  ibm-282_P100-1995
  *  java-Cp1025-1.3_P
  *  ibm-1250_P100-1999
  *  ISO8859_5
  *  windows-37-2000
  *  ibm-21344_P101-2000
  *  ibm-301_P110-1997
  *  ibm-1159_P100-1999
  *  ibm-1382_X100-1995
  *  java-Cp862-1.3_P
  *  macos-1057-10.2
  *  hpux-cp1256-11.11
  *  ibm-1042_P100-1995
  *  ISO_8859_4
  *  hpux-cp1255-11.11
  *  ISO646_US
  *  hpux-cp1140-11.11
  *  java-SJIS-1.3_P
  *  ibm-277_P100-1999
  *  EBCDIC_DK_NO
  *  ibm-926_P100-2000
  *  IEC_P27_1
  *  ibm-13676_P102-2001
  *  java-Cp857-1.3_P
  *  windows-1251-2000
  *  ISO_8859_15
  *  cp865
  *  ibm-1277_P100-1995
  *  ibm-5487_P100-2001
  *  windows-1148-2000
  *  ibm-1132_P100-1997
  *  java-Cp1257-1.3_P
  *  ibm-5488_P100-2001
  *  ibm-5035_X120-1999
  *  hpux-cp864-11.11
  *  glibc-DS_2089-2.3.3
  *  ibm-4961_P101-2000
  *  ibm-1027_P100-1995
  *  cp862
  *  ibm-13140_P101-2000
  *  ibm-930_P120-1999
  *  ibm-1371_P100-1999
  *  hpux-hp15CN-11.11
  *  windows-437-2000
  *  ibm-1127_P100-2004
  *  ibm-37_P100-1999
  *  ibm-424_P100-1995
  *  windows-852-2000
  *  ibm-1046_X110-1999
  *  ibm-13145_P101-2000
  *  ibm-1255_P100-1995
  *  hpux-cp1143-11.11
  *  ibm-1168_P100-2002
  *  hpux-sjis-11.11
  *  ibm-1375_P100-2008
  *  macos-1282-10.2
  *  ibm-5104_X110-1999
  *  hpux-eucJP-11.11
  *  ibm-1388_P100-2024
  *  zh_CN.euc
  *  macos-0_1-10.2
  *  iso85
  *  ibm-867_P100-1998
  *  java-Cp942-1.3_P
  *  glibc-BIG5-2.3.3
  *  windows-20105-2000
  *  hpux-cp861-11.11
  *  ibm-297_P100-1999
  *  ISO_8859_1
  *  5601
  *  macos-3074-10.2
  *  ibm-1143_P100-1997
  *  IBM870
  *  ibm-21427_P100-1999
  *  glibc-IBM1124-2.3.3
  *  macos-521-10.2
  *  ibm-949_P110-1999
  *  glibc-CSA_Z243.4_1985_2-2.3.3
  *  EBCDIC_PT
  *  ibm-1174_X100-2007
  *  macos-513-10.2
  *  ibm-13156_P101-2000
  *  ibm-1350_P110-1997
  *  ibm-1098_P100-1995
  *  ibm-1362_P100-1997
  *  ibm-1009_P100-1995
  *  macos-2817-10.2
  *  ibm-1089_P100-1995
  *  hpux-cp874-11.11
  *  cp424
  *  java-Cp1124-1.3_P
  *  java-Cp1255-1.3_P
  *  ibm-4960_X100-1995
  *  ibm-970_P110-1999
  *  java-ISO8859_13-1.3_P
  *  windows-1258-2000
  *  KOI8_R
  *  IBM_eucKR
  *  windows-857-2000
  *  ibm-12712_P100-1998
  *  windows-855-2000
  *  glibc-MAC_SAMI-2.3.3
  *  JISX0201.1976_GR
  *  ibm-9444_P100_P100-2005_MS
  *  iso89
  *  ibm-1363_P110-1999
  *  cp855
  *  java-Cp921-1.3_P
  *  CP1253
  *  windows-20261-2000
  *  ibm-930_P120_P12A-2006_U2
  *  8859_7
  *  windows-950-2000
  *  ibm-1161_P100-1999
  *  windows-51932-2006
  *  ibm-9444_P100-2001
  *  GREEK_CCITT
  *  ibm-20780_P100-1999
  *  ibm-1040_P100-1995
  *  ibm-5039_P11A-1998
  *  ibm-859_P100-1999
  *  ibm-837_P100-2011
  *  ibm-858_P100-1997
  *  ibm-1385_P100-1997
  *  ibm-4933_P100-1996
  *  glibc-MACINTOSH-2.3.3
  *  glibc-ECMA_CYRILLIC-2.3.3
  *  ibm-33722_P12A-1999
  *  ibm-1142_P100-1997
  *  java-Cp285-1.3_P
  *  ibm-290_P100-1995
  *  ibm-1102_P100-2003
  *  ibm-1114_P100-1995
  *  java-ISO8859_8-1.3_P
  *  java-Cp852-1.3_P
  *  ibm-835_P100-1995
  *  ibm-920_P100-1995
  *  macos-21-10.5
  *  java-Cp1251-1.3_P
  *  ibm-437_P100-1995
  *  cp860
  *  ISO_8859_8
  *  glibc-CSA_Z243.4_1985_1-2.3.3
  *  ibm-300_P110-1997
  *  ibm-5470_P100-2005
  *  ibm-923_P100-1998
  *  ibm-1381_X110-1999
  *  java-Cp939-1.3_P
  *  ibm-948_X110-1999
  *  windows-20285-2000
  *  windows-20284-2000
  *  cp273
  *  ibm-933_P110-1999
  *  macos-1284-10.2
  *  windows-10003-2000
  *  EBCDIC_AT_DE
  *  ibm-1155_P100-1999
  *  ibm-1148_P100-1997
  *  CP1258
  *  ibm-1004_P100-1995
  *  ibm-1163_P100-1999
  *  ibm-895_P100-1995
  *  ibm-913_P100-2000
  *  ibm-1016_P100-1995
  *  ascii
  *  8859_6
  *  windows-936-2000
  *  solaris-zh_TW_big5-2.7
  *  ibm-951_P100-1995
  *  ibm-838_P100-1995
  *  IBM880
  *  windows-1254-2000
  *  ibm-834_X100-1995
  *  ibm-902_P100-1999
  *  java-Cp297-1.3_P
  *  windows-949-2000
  *  ibm-1018_P100-1995
  *  ibm-803_P100-1999
  *  ibm-864_X120-2012
  *  EBCDIC_FR
  *  ibm-13218_P100-1996
  *  ibm-970_P110_P110-2006_U2
  *  ibm-5039_P110-1996
  *  ibm-1105_P100-2003
  *  java-Cp1252-1.3_P
  *  java-Cp1026-1.3_P
  *  java-Cp1122-1.3_P
  *  ibm-5233_P100-2011
  *  8859_15
  *  glibc-ISO_8859_7-2.3.3
  *  windows-21027-2000
  *  windows-1258_db-2013
  *  macos-34-10.2
  *  ibm-924_P100-1998
  *  java-Cp1112-1.3_P
  *  ibm-1160_P100-1999
  *  IBM918
  *  ibm-4930_P100-1997
  *  glibc-UHC-2.3.3
  *  java-Cp950-1.3_P
  *  ibm-1107_P100-2003
  *  EBCDIC_IS_FRISS
  *  IBM891
  *  windows-708-2000
  *  ibm-9061_P100-1999
  *  ibm-1162_P100-1999
  *  glibc-MSZ_7795.3-2.3.3
  *  ibm-9238_X110-1999
  *  ibm-1257_P100-1995
  *  iso81
  *  iso-8859_11-2001
  *  ibm-13124_P100-1995
  *  ibm-9066_P100-1995
  *  windows-20833-2000
  *  ibm-1164_P100-1999
  *  CP775
  *  ibm-1377_P100_P100-2006_U3
  *  ibm-1010_P100-1995
  *  iso-8859_5-1999
  *  ibm-912_P100-1999
  *  ibm-1280_P100-1996
  *  ibm-1132_P100-1998
  *  zh_CN.gbk
  *  hpux-iso87-11.11
  *  MAC_UK
  *  hpux-sjisMS-11.11
  *  CP1252
  *  8859_3
  *  ibm-1382_P100-1995
  *  ibm-939_X120-1999
  *  ibm-293_P100-1995
  *  glibc-IBM1160-2.3.3
  *  ibm-868_X100-1995
  *  ISO8859_6
  *  hpux-eucJP0201-11.11
  *  glibc-CP10007-2.3.3
  *  java-Cp949C-1.3_P
  *  ibm-1006_X100-1995
  *  ibm-775_P100-1996
  *  macos-1024-10.2
  *  java-Cp1254-1.3_P
  *  macos-2566-10.2
  *  java-Cp1123-1.3_P
  *  glibc-PT2-2.3.3
  *  java-ISO8859_2-1.3_P
  *  glibc-ISO_8859_16-2.3.3
  *  windows-10021-2000
  *  ibm-836_P100-1995
  *  ibm-1047_P100-1995
  *  windows-1255-2000
  *  glibc-ISIRI_3342-2.3.3
  *  GOST_19768_74
  *  ibm-1041_P100-1995
  *  ibm-4963_P101-2000
  *  ibm-930_X120-1999
  *  ibm-875_P100-1995
  *  windows-1146-2000
  *  java-Cp1098-1.3_P
  *  ibm-806_P100-1998
  *  ibm-1104_P100-2003
  *  macos-6-10.2
  *  ibm-1008_X100-1995
  *  ibm-21427_X100-1999
  *  ibm-941_X11A-1996
  *  java-ISO8859_6-1.3_P
  *  glibc-GBK-2.3.3
  *  windows-10079-2000
  *  windows-865-2000
  *  hpux-cp437-11.11
  *  ibm-944_P100-1995
  *  java-Cp273-1.3_P
  *  ibm-5348_P100-1997
  *  ibm-1388_P110-2000
  *  ibm-9145_P110-1997
  *  hpux-cp775-11.11
  *  ibm-1375_X100-2004
  *  glibc-IBM1129-2.3.3
  *  ibm-950_P110-1999
  *  windows-28597-2000
  *  windows-28596-2000
  *  iso-8859_4-1998
  *  glibc-KSC5636-2.3.3
  *  NATS_SEFI
  *  hpux-cp1148-11.11
  *  ibm-1112_P100-1995
  *  hpux-cp1257-11.11
  *  ibm-1371_X100-1999
  *  windows-874-2000
  *  java-ISO8859_3-1.3_P
  *  ibm-960_P100-2000
  *  osd-EBCDIC-DF04-15
  *  iso-8859_9-1999
  *  java-Cp875-1.3_P
  *  cp949
  *  ibm-865_P100-1995
  *  ibm-1276_P100-1995
  *  windows-20936-2000
  *  ibm-1097_P100-1995
  *  java-Cp278-1.3_P
  *  java-Cp500-1.3_P
  *  windows-28603-vista
  *  hpux-greee-11.11
  *  windows-20949-2000
  *  windows-1141-2000
  *  ibm-953_P100-2000
  *  ibm-868_P100-1995
  *  IBM_858
  *  ISO8859_15
  *  IBM_eucTW
  *  ISO8859_4
  *  ibm-1014_P100-1995
  *  ibm-4517_P100-2005
  *  hpux-cp737-11.11
  *  ibm-964_X110-1999
  *  ibm-9449_P100-2002
  *  hpux-cp1146-11.11
  *  ibm-9027_P100-1999
  *  ibm-5050_P120-1999
  *  hpux-cp1251-11.11
  *  macos-7_1-10.2
  *  ibm-423_P100-1995
  *  IBM_1124
  *  java-TIS620-1.3_P
  *  IBM285
  *  ibm-4962_P101-2000
  *  ibm-971_P100-1995
  *  ibm-5347_P100-1998
  *  ibm-932_P12A_P12A-2000_U2
  *  ibm-833_P100-1995
  *  ibm-1363_P10A-1997
  *  windows-860-2000
  *  ibm-4945_P101-2000
  *  ibm-921_P100-1995
  *  ibm-9306_P101-2000
  *  ibm-935_X110-1999
  *  java-EUC_TW-1.3_P
  *  ibm-964_P110-1999
  *  windows-1256-2000
  *  8859_1
  *  TIS_620
  *  ibm-1363_P11B-1999
  *  ibm-17248_X110-1999
  *  hpux-cp860-11.11
  *  windows-864-2000
  *  ibm-1013_P100-1995
  *  windows-20000-2000
  *  ibm-1023_P100-2003
  *  ibm-4955_P101-2000
  *  ibm-948_P110-1999
  *  ibm-1386_P100-2001
  *  java-Cp1381-1.3_P
  *  ibm-952_P110-1997
  *  ibm-863_P100-1995
  *  java-ISO2022JP-1.3_P
  *  ibm-1158_P100-1999
  *  ibm-1363_P11C-2006
  *  iso88
  *  macos-519-10.2
  *  windows-1252-2000
  *  ISO_8859_5
  *  ibm-918_P100-1995
  *  glibc-IBM943-2.3.3
  *  windows-28605-2000
  *  ibm-4958_P101-2000
  *  ibm-1167_P100-2002
  *  GREEK7_OLD
  *  glibc-ISO_8859_13-2.3.3
  *  ibm-1390_P110-2003
  *  windows-10081-2000
  *  ibm-33722_P12A_P12A-2004_U2
  *  windows-870-2000
  *  IBM290
  *  macos-514-10.2
  *  ibm-1144_P100-1997
  *  ibm-1388_P103-2001
  *  windows-20905-2000
  *  CP1254
  *  java-Cp284-1.3_P
  *  ibm-1377_P100-2008
  *  windows-720-2000
  *  windows-1140-2000
  *  ibm-5349_P100-1998
  *  ISO_8859_7
  *  macos-520-10.2
  *  ibm-500_P100-1999
  *  ibm-927_X100-1995
  *  ibm-9577_P100-2001
  *  java-Cp949-1.3_P
  *  java-ISO8859_4-1.3_P
  *  hpux-cp862-11.11
  *  macos-1536-10.2
  *  java-Cp838-1.3_P
  *  java-Cp918-1.3_P
  *  ibm-819_P100-1999
  *  java-Cp437-1.3_P
  *  ibm-932_P120-1999
  *  ibm-9064_P101-2000
  *  ibm-943_P14A-1999
  *  ibm-5026_X120-1999
  *  ISO_5427
  *  java-Cp943-1.2.2
  *  glibc-GEORGIAN_PS-2.3.3
  *  hpux-cp1142-11.11
  *  IBM297
  *  ibm-1017_P100-1995
  *  zh_TW_euc
  *  glibc-NS_4551_1-2.3.3
  *  glibc-BS_4730-2.3.3
  *  iso-8859_16-2001
  *  hpux-eucJPMS-11.11
  *  ibm-905_P100-1995
  *  java-ASCII-1.3_P
  *  iso-8859_7-1987
  *  java-KOI8_R-1.3_P
  *  ibm-4960_P100-1995
  *  IBM280
  *  iso-8859_2-1999
  *  windows-932-2000
  *  windows-1250-2000
  *  ibm-300_P120-2006
  *  hpux-cp866-11.11
  *  ibm-944_X100-1995
  *  ibm-16684_P110-2003
  *  glibc-CP932-2.3.3
  *  ibm-837_X100-1995
  *  ibm-367_P100-1995
  *  glibc-DIN_66003-2.3.3
  *  8859_2
  *  ISO_8859_14
  *  ibm-1386_P110-1997
  *  ibm-874_P100-1995
  *  java-Cp933-1.3_P
  *  glibc-NF_Z_62_010-2.3.3
  *  ibm-4971_P100-1999
  *  ibm-943_P15A-2003
  *  java-Cp424-1.3_P
  *  glibc-JIS_C6229_1984_B-2.3.3
  *  CP1256
  *  LATIN_GREEK
  *  IBM278
  *  EBCDIC_UK
  *  ibm-285_P100-1999
  *  ibm-872_P100-1999
  *  java-Cp1258-1.3_P
  *  ibm-1258_P100-1997
  *  java-Cp866-1.3_P
  *  ibm-9042_P101-2000
  *  macos-38_1-10.2
  *  iso815
  *  ibm-1137_PMOD-1999
  *  ibm-5049_P100-1995
  *  ibm-1146_P100-1997
  *  ibm-941_P12A-1996
  *  INIS_8
  *  iso-8859_7-2003
  *  ibm-5012_P100-1999
  *  ibm-1165_P101-2000
  *  ibm-866_P100-1995
  *  glibc-ISO_8859_8-2.3.3
  *  glibc-IBM866NAV-2.3.3
  *  ibm-301_X110-1997
  *  ibm-1011_P100-1995
  *  aix-IBM_udcJP-4.3.6
  *  ibm-850_P100-1999
  *  ibm-1381_P110-1999
  *  glibc-EUC_KR-2.3.3
  *  ibm-891_P100-1995
  *  ibm-1157_P100-1999
  *  ibm-1377_P100-2006
  *  ibm-851_P100-1995
  *  ibm-942_P120-1999
  *  windows-20108-2000
  *  ibm-33058_P100-2000
  *  ibm-927_P100-1995
  *  java-Big5-1.3_P
  *  windows-28591-2000
  *  ibm-9027_X100-1999
  *  java-Cp874-1.3_P
  *  ibm-897_P100-1995
  *  ibm-4948_P100-1995
  *  iso-8859_10-1998
  *  euc-tw-2014
  *  windows-775-2000
  *  ibm-1006_P100-1995
  *  ibm-1129_P100-1997
  *  gb18030
  *  EBCDIC_US
  *  glibc-IBM1161-2.3.3
  *  macos-1059-10.2
  *  IBM423
  *  ISO8859_3
  *  MAC_IS
  *  mac_roman
  *  ibm-1364_P100-2007
  *  NATS_DANO
  *  ibm-5473_P100-2006
  *  cp500
  *  8859_9
  *  windows-10004-2000
  *  hpux-cp863-11.11
  *  cp850
  *  utf-16
  *  windows-51949-2000
  *  java-ISO8859_9-1.3_P
  *  8859_5
  *  macos-527-10.2
  *  java-Cp970-1.3_P
  *  windows-869-2000
  *  windows-10008-2000
  *  IBM_932
  *  java-Cp1383-1.3_P
  *  ibm-1019_P100-1995
  *  ISO_8859_2
  *  java-Cp868-1.3_P
  *  ibm-9005_X110-2007
  *  java-EUC_KR-1.3_P
  *  ibm-849_P100-1999
  *  ibm-1373_P100-2002
  *  ibm-720_P100-1997
  *  java-Cp1253-1.3_P
  *  ibm-941_P130-2001
  *  windows-1257-2000
  *  iso-8859_8-1999
  *  ibm-4930_P110-1999
  *  IBM874
  *  GREEK7
  *  java-Cp964-1.3_P
  *  ibm-425_P101-2000
  *  cp437
  *  8859_4
  *  ISO_8859_11
  *  ibm-954_P101-2007
  *  ibm-855_P100-1995
  *  IBM281
  *  iso-8859_13-1998
  *  ibm-1149_P100-1997
  *  EBCDIC_CA_FR
  *  ibm-13162_P101-2000
  *  windows-38598-2000
  *  java-Cp864-1.3_P
  *  windows-850-2000
  *  IBM1047
  *  java-Cp1250-1.3_P
  *  ibm-278_P100-1999
  *  CP737
  *  eucTH
  *  ibm-1126_P100_P100-1997_U3
  *  java-Cp775-1.3_P
  *  iso82
  *  windows-737-2000
  *  ibm-28709_P100-1995
  *  windows-20866-2000
  *  ibm-1281_P100-1996
  *  IBM274
  *  glibc-KOI8_U-2.3.3
  *  ibm-1156_P100-1999
  *  java-Cp33722-1.3_P
  *  ibm-857_P100-1995
  *  glibc-NS_4551_2-2.3.3
  *  glibc-PT154-2.3.3
  *  ibm-1364_P110-2007
  *  windows-866-2000
  *  ibm-1101_P100-2003
  *  windows-20127-2000
  *  ibm-922_P100-1999
  *  macos-1288-10.2
  *  ibm-9049_P100-1999
  *  cp861
  *  windows-863-2000
  *  windows-20005-2000
  *  windows-20001-2000
  *  iso-8859_1-1998
  *  ibm-1399_P100-1999
  *  HP_ROMAN8
  *  ibm-1021_P100-2003
  *  osd-EBCDIC-DF04-1
  *  java-Cp948-1.3_P
  *  java-Cp861-1.3_P
  *  hpux-big5-11.11
  *  glibc-ES-2.3.3
  *  ibm-939_P120-1999
  *  ibm-1383_P110-1999
  *  hpux-cp1147-11.11
  *  windows-28598-2000
  *  ibm-1363_P10B-1998
  *  IBM904
  *  glibc-NF_Z_62_010_1973-2.3.3
  *  hpux-cp869-11.11
  *  windows-1147-2000
  *  java-ISO8859_5-1.3_P
  *  ISO_8859_6
  *  CSN_369103
  *  windows-10082-2000
  *  glibc-JOHAB-2.3.3
  *  hpux-cp1250-11.11
  *  ibm-5350_P100-1998
  *  ibm-1133_P100-1997
  *  ibm-4904_P101-2000
  *  glibc-JIS_C6220_1969_RO-2.3.3
  *  glibc-JUS_I.B1.002-2.3.3
  *  ibm-1351_P110-1997
  *  KOI8_U
  *  EUC_KR
  *  ibm-942_P12A_P12A-2000_U2
  *  ibm-5354_P100-1998
  *  ibm-931_P120-1999
  *  windows-10010-2000
  *  ibm-62383_P100-2007
  *  glibc-IBM922-2.3.3
  *  ISO8859_1
  *  hpux-cp1145-11.11
  *  ibm-941_P120-1996
  *  macos-1049-10.2
  *  zh_CN_cp935
  *  ibm-1254_P100-1995
  *  ibm-1122_P100-1999
  *  ibm-53685_P101-2000
  *  macos-515-10.2
  *  glibc-EUC_JP-2.3.3
  *  ibm-5067_P100-1995
  *  IBM038
  *  ISO_8859_13
  *  java-Cp855-1.3_P
  *  CNS11643.1986_1
  *  ibm-1256_P110-1997
  *  ibm-1275_P100-1995
  *  ibm-862_P100-1995
  *  windows-10002-2000
  *  hpux-cp852-11.11
  *  glibc-KOI8_T-2.3.3
  *  ibm-1374_P100-2005
  *  windows-875-2000
  *  ibm-1284_P100-1996
  *  ibm-1399_P110-2003
  *  windows-20280-2000
  *  cp866
  *  ibm-915_P100-1995
  *  ibm-916_P100-1995
  *  windows-20277-2000
  *  ibm-1283_P100-1996
  *  ibm-9005_X100-2005
  *  windows-28593-2000
  *  ibm-4944_P101-2000
  *  hpux-cp855-11.11
  *  ibm-1141_P100-1997
  *  osd-EBCDIC-DF03-IRV
  *  CP1255
  *  java-MS932-1.3_P
  *  hpux-cp1144-11.11
  *  ibm-5210_P100-1999
  *  cp037
  *  ibm-937_P110-1999
  *  ibm-5353_P100-1998
  *  IBM277
  *  ibm-4956_P101-2000
  *  macos-7_3-10.2
  *  ibm-1130_P100-1997
  *  ibm-813_P100-1995
  *  windows-20838-2000
  *  iso86
  *  ibm-1103_P100-2003
  *  glibc-IBM1163-2.3.3
  *  java-Cp1006-1.3_P
  *  windows-21866-2000
  *  ibm-878_P100-1996
  *  glibc-GB_1988_80-2.3.3
  *  ibm-1123_P100-1995
  *  hpux-cp1252-11.11
  *  big5
  *  java-EUC_JP-1.3_P
  *  utf-8
  *  ibm-5351_P100-1998
  *  windows-20106-2000
  *  ibm-1106_P100-2003
  *  hpux-cp1149-11.11
  *  windows-10005-2000
  *  ibm-286_P100-2003
  *  IBM875
  *  ibm-17240_P101-2000
  *  hpux-cp865-11.11
  *  windows-1149-2000
  *  ibm-16804_X110-1999
  *  ibm-9044_P100-1999
  *  windows-10017-2000
  *  ibm-928_P100-1995
  *  EBCDIC_IT
  *  EBCDIC_ES_S
  *  macos-1285-10.2
  *  LATIN_GREEK_1
  *  ibm-8612_P100-1995
  *  hpux-sjis0201-11.11
  *  macos-1283-10.2
  *  ANSI_X3.110
  *  glibc-WIN_SAMI_2-2.3.3
  *  ibm-1115_P100-1995
  *  ISO_10367_BOX
  *  EBCDIC_FI_SE
  *  glibc-ES2-2.3.3
  *  ibm-861_P100-1995
  *  ibm-13125_P100-1997
  *  java-Cp737-1.3_P
  *  ibm-942_P12A-1999
  *  CNS-11643-1992
  *  windows-1253-2000
  *  java-Cp860-1.3_P
  *  IBM_1046
  *  ibm-941_X110-1996
  *  ibm-1375_P100-2006
  *  macos-6_2-10.4
  *  ibm-856_P100-1995
  *  glibc-KOI8_R-2.3.3
  *  DEC_MCS
  *  roma8
  *  ibm-273_P100-1999
  *  IBM284
  *  cp852
  *  windows-10029-2000
  *  INIS
  *  ibm-1390_P100-1999
  *  ibm-1051_P100-1999
  *  EBCDIC_ES_A
  *  ibm-943_P130-1999
  *  windows-20420-2000
  *  windows-10001-2000
  *  ibm-1140_P100-1997
  *  latin-1
  
  
  LINE 13:     select * from read_csv(
                             ^
[0m22:20:29.264660 [debug] [Thread-1 (]: Sending event: {'category': 'dbt', 'action': 'run_model', 'label': '9ee6a208-caa0-464d-bee5-82d7182316cf', 'context': [<snowplow_tracker.self_describing_json.SelfDescribingJson object at 0x112ad2f30>]}
[0m22:20:29.264929 [error] [Thread-1 (]: 1 of 5 ERROR creating sql view model main_staging.stg_students ................. [[31mERROR[0m in 2.16s]
[0m22:20:29.265483 [debug] [Thread-1 (]: Finished running node model.student_dropout.stg_students
[0m22:20:29.266068 [debug] [Thread-7 (]: Marking all children of 'model.student_dropout.stg_students' to be skipped because of status 'error'.  Reason: Runtime Error in model stg_students (models/staging/stg_students.sql)
  Invalid Input Error: The CSV Reader does not support the encoding: "utf-8-bom"
  The currently supported encodings are: 
  *  CWI
  *  ibm-1252_P100-2000
  *  java-MS949-1.3_P
  *  IBM_1252
  *  ibm-1375_P100-2007
  *  ibm-1100_P100-2003
  *  CP1257
  *  ibm-1385_P100-2005
  *  ISO8859_9
  *  IBM_udcJP_GR
  *  glibc-EUC_JP_MS-2.3.3
  *  ibm-951_X100-1995
  *  ibm-5471_P100-2007
  *  windows-20290-2000
  *  zh_TW_cp937
  *  solaris-zh_HK.hkscs-5.9
  *  glibc-ARMSCII_8-2.3.3
  *  ibm-293_X100-1995
  *  windows-28594-2000
  *  windows-28595-2000
  *  ibm-1145_P100-1997
  *  macos-37_2-10.2
  *  hpux-cp1141-11.11
  *  java-Cp037-1.3_P
  *  ibm-1153_P100-1999
  *  glibc-IBM1132-2.3.3
  *  java-Cp850-1.3_P
  *  JISX0208.1983_0
  *  glibc-IBM1164-2.3.3
  *  ibm-5142_P100-1995
  *  glibc-PT-2.3.3
  *  windows-21025-2000
  *  ibm-256_P100-1995
  *  java-EUC_CN-1.3_P
  *  java-Cp942C-1.3_P
  *  ibm-1015_P100-1995
  *  glibc-RK1048-2.3.3
  *  ISO_IR_197
  *  ibm-8612_X110-1995
  *  EBCDIC_FI_SE_A
  *  windows-500-2000
  *  ibm-1363_P11A-1999
  *  ibm-1131_P100-1997
  *  INIS_CYRILLIC
  *  ibm-1020_P100-2003
  *  ibm-1126_P100-1997
  *  ibm-5048_P100-1995
  *  macos-36_1-10.2
  *  ibm-4957_P101-2000
  *  ibm-54191_P100-2006
  *  ibm-808_P100-1999
  *  ibm-5471_P100-2006
  *  ibm-903_P100-1995
  *  ISO_8859_3
  *  windows-950_hkscs-2001
  *  ibm-932_P12A-1999
  *  windows-1361-2000
  *  ibm-914_P100-1995
  *  shift_jis
  *  java-Cp865-1.3_P
  *  glibc-ISO_6937-2.3.3
  *  ibm-13121_P100-1995
  *  hpux-eucTW-11.11
  *  IBM_856
  *  java-Cp937-1.3_P
  *  windows-1047-2000
  *  ISO_5427_EXT
  *  ibm-4899_P100-1998
  *  ibm-918_X100-1995
  *  IBM905
  *  macos-29-10.2
  *  macos-2563-10.2
  *  macos-2562-10.2
  *  ibm-834_P100-1995
  *  macos-35-10.2
  *  ibm-949_X110-1999
  *  ibm-904_P100-1995
  *  ibm-13124_P10A-1995
  *  BALTIC
  *  windows-20004-2000
  *  ibm-4933_P100-2002
  *  KOI_8
  *  windows-20880-2000
  *  ibm-1125_P100-1997
  *  ibm-9145_X110-1997
  *  ibm-259_X100-1995
  *  ibm-5123_P100-1999
  *  ibm-5035_P120-1999
  *  glibc-ISO_IR_209-2.3.3
  *  hpux-roc15-11.11
  *  cp869
  *  macos-37_3-10.2
  *  windows-861-2000
  *  8859_8
  *  hpux-hkbig5-11.11
  *  ibm-1370_X100-1999
  *  ibm-1114_P100-2001
  *  ibm-1012_P100-1995
  *  glibc-IBM864-2.3.3
  *  ibm-4954_P101-2000
  *  ibm-1137_P100-1999
  *  CP1251
  *  ibm-1375_P100-2004
  *  ibm-5346_P100-1998
  *  windows-20924-2000
  *  ibm-869_P100-1995
  *  macos-1287-10.2
  *  macos-1286-10.2
  *  IBM420
  *  ibm-5026_P120-1999
  *  hpux-cp850-11.11
  *  JISX0201.1976_0
  *  ibm-5470_P100_P100-2005_MS
  *  JISX0208.1983_GR
  *  ibm-963_P100-1995
  *  java-Cp863-1.3_P
  *  ibm-5050_P12A-1999
  *  IBM256
  *  IBM851
  *  ibm-1374_P100_P100-2005_MS
  *  hpux-cp1254-11.11
  *  iso-8859_14-1998
  *  windows-20269-2000
  *  ibm-300_X110-1997
  *  java-Cp1097-1.3_P
  *  macos-0_2-10.2
  *  iso87
  *  java-Cp871-1.3_P
  *  IBM903
  *  EBCDIC_DK_NO_A
  *  IBM_850
  *  windows-20107-2000
  *  ibm-9048_P100-1998
  *  windows-1026-2000
  *  ibm-935_P110-1999
  *  ibm-1154_P100-1999
  *  ibm-17221_P100-2001
  *  IBM_1129
  *  cp864
  *  glibc-IBM1162-2.3.3
  *  java-Cp856-1.3_P
  *  ibm-837_P100-1995
  *  windows-20424-2000
  *  ibm-16684_P100-1999
  *  windows-10000-2000
  *  glibc-NC_NC00_10-2.3.3
  *  iso-8859_15-1999
  *  ibm-737_P100-1997
  *  ibm-1285_P100-1996
  *  ISO_8859_10
  *  ibm-4952_P100-1995
  *  windows-20002-2000
  *  cp863
  *  EUC_JP
  *  ibm-1383_X110-1999
  *  ibm-274_P100-2000
  *  ibm-1025_P100-1995
  *  hpux-cp857-11.11
  *  ibm-5352_P100-1998
  *  ibm-880_P100-1995
  *  ISO8859_8
  *  IBM_eucJP
  *  windows-858-2000
  *  ibm-5495_P100-1999
  *  ibm-9448_X100-2005
  *  macos-518-10.2
  *  glibc-EUC_CN-2.3.3
  *  java-ISO8859_1-1.3_P
  *  ibm-9580_P110-1999
  *  ibm-25546_P100-1997
  *  windows-1145-2000
  *  cp857
  *  ibm-941_P13A-2001
  *  EUC_TW
  *  java-MS874-1.3_P
  *  glibc-SEN_850200_B-2.3.3
  *  ibm-848_P100-1999
  *  ibm-947_P100-1995
  *  ibm-870_P100-1999
  *  glibc-IBM874-2.3.3
  *  ibm-933_X110-1999
  *  java-Cp420-1.3_P
  *  ibm-1380_X100-1995
  *  ibm-939_P120_P12A-2005_U2
  *  ibm-5478_P100-1995
  *  ibm-9030_P100-1995
  *  macos-7_2-10.2
  *  ibm-947_X100-1995
  *  glibc-IBM1133-2.3.3
  *  windows-862-2000
  *  macos-38_2-10.2
  *  ibm-33722_P120-1999
  *  macos-1281-10.2
  *  glibc-IBM856-2.3.3
  *  ibm-835_X100-1995
  *  java-Cp869-1.3_P
  *  8859_10
  *  EBCDIC_ES
  *  java-Cp930-1.3_P
  *  ibm-1253_P100-1995
  *  glibc-ISO_5428-2.3.3
  *  java-Johab-1.3_P
  *  glibc-SJIS-2.3.3
  *  ibm-420_X110-1999
  *  hpux-eucKR-11.11
  *  ibm-13143_P101-2000
  *  IBM275
  *  ibm-275_P100-1995
  *  iso-8859_3-1999
  *  ibm-5486_P100-1999
  *  ibm-33722_P12A_P12A-2009_U2
  *  IBM_943
  *  ibm-284_P100-1999
  *  EUC_CN
  *  java-Cp277-1.3_P
  *  java-Cp870-1.3_P
  *  windows-20423-2000
  *  ibm-1043_P100-1995
  *  ibm-931_X120-1999
  *  ibm-4951_P100-1995
  *  ibm-1275_X100-1995
  *  ibm-1370_P100-1999
  *  ibm-280_P100-1999
  *  ibm-937_X110-1999
  *  ibm-9447_P100-2002
  *  hpux-cp1253-11.11
  *  ibm-5035_P120_P12A-2005_U2
  *  windows-10007-2000
  *  windows-10006-2000
  *  windows-28599-2000
  *  ibm-420_X120-1999
  *  KSC5601.1987_0
  *  ibm-955_P110-1997
  *  java-Cp922-1.3_P
  *  IBM1004
  *  thai8
  *  glibc-IT-2.3.3
  *  windows-51936-2000
  *  ibm-949_P11A-1999
  *  java-ISO2022KR-1.3_P
  *  windows-20871-2000
  *  glibc-CP1125-2.3.3
  *  EBCDIC_AT_DE_A
  *  macos-517-10.2
  *  ibm-13157_P101-2000
  *  ibm-9056_P100-1995
  *  ibm-1088_P100-1995
  *  iso-8859_6-1999
  *  windows-20932-2000
  *  ibm-860_P100-1995
  *  hpux-cp1258-11.11
  *  java-ISO8859_7-1.3_P
  *  ASMO_449
  *  windows-1144-2000
  *  ibm-1166_P100-2002
  *  ISO_5428
  *  ibm-946_P100-1995
  *  macos-1280-10.2
  *  ISO_8859_9
  *  windows-20273-2000
  *  ibm-896_P100-1995
  *  ibm-1097_X100-1995
  *  ibm-8482_P100-1999
  *  ibm-4959_P101-2000
  *  glibc-ANSI_X3.110-2.3.3
  *  ISO8859_2
  *  cp1026
  *  CP1250
  *  ibm-1251_P100-1995
  *  ibm-1363_P100-1997
  *  java-Cp280-1.3_P
  *  ibm-871_P100-1999
  *  macos-516-10.2
  *  ibm-9067_X100-2005
  *  windows-20297-2000
  *  glibc-GEORGIAN_ACADEMY-2.3.3
  *  glibc-SEN_850200_C-2.3.3
  *  ibm-4909_P100-1999
  *  PCK
  *  glibc-VISCII-2.3.3
  *  ibm-1147_P100-1997
  *  windows-1142-2000
  *  CNS11643.1986_2
  *  ibm-1008_P100-1995
  *  windows-20003-2000
  *  glibc-IBM1046-2.3.3
  *  macos-36_2-10.2
  *  ibm-259_P100-1995
  *  windows-1143-2000
  *  ibm-950_X110-1999
  *  java-Cp1256-1.3_P
  *  macos-33-10.5
  *  ibm-1124_X100-1996
  *  IBM868
  *  java-Cp935-1.3_P
  *  ibm-1026_P100-1995
  *  glibc-IBM870-2.3.3
  *  ibm-1380_P100-1995
  *  java-Cp943C-1.3_P
  *  windows-28592-2000
  *  macos-37_4-10.2
  *  IBM871
  *  glibc-T.61_8BIT-2.3.3
  *  ibm-901_P100-1999
  *  glibc-BIG5HKSCS-2.3.3
  *  ISO8859_7
  *  macos-37_5-10.2
  *  ibm-1362_P110-1999
  *  euc-jp-2007
  *  ibm-9444_P100-2005
  *  macos-1040-10.2
  *  ibm-1098_X100-1995
  *  windows-20278-2000
  *  ibm-852_P100-1999
  *  ibm-864_X110-1999
  *  ibm-1282_P100-1996
  *  ibm-282_P100-1995
  *  java-Cp1025-1.3_P
  *  ibm-1250_P100-1999
  *  ISO8859_5
  *  windows-37-2000
  *  ibm-21344_P101-2000
  *  ibm-301_P110-1997
  *  ibm-1159_P100-1999
  *  ibm-1382_X100-1995
  *  java-Cp862-1.3_P
  *  macos-1057-10.2
  *  hpux-cp1256-11.11
  *  ibm-1042_P100-1995
  *  ISO_8859_4
  *  hpux-cp1255-11.11
  *  ISO646_US
  *  hpux-cp1140-11.11
  *  java-SJIS-1.3_P
  *  ibm-277_P100-1999
  *  EBCDIC_DK_NO
  *  ibm-926_P100-2000
  *  IEC_P27_1
  *  ibm-13676_P102-2001
  *  java-Cp857-1.3_P
  *  windows-1251-2000
  *  ISO_8859_15
  *  cp865
  *  ibm-1277_P100-1995
  *  ibm-5487_P100-2001
  *  windows-1148-2000
  *  ibm-1132_P100-1997
  *  java-Cp1257-1.3_P
  *  ibm-5488_P100-2001
  *  ibm-5035_X120-1999
  *  hpux-cp864-11.11
  *  glibc-DS_2089-2.3.3
  *  ibm-4961_P101-2000
  *  ibm-1027_P100-1995
  *  cp862
  *  ibm-13140_P101-2000
  *  ibm-930_P120-1999
  *  ibm-1371_P100-1999
  *  hpux-hp15CN-11.11
  *  windows-437-2000
  *  ibm-1127_P100-2004
  *  ibm-37_P100-1999
  *  ibm-424_P100-1995
  *  windows-852-2000
  *  ibm-1046_X110-1999
  *  ibm-13145_P101-2000
  *  ibm-1255_P100-1995
  *  hpux-cp1143-11.11
  *  ibm-1168_P100-2002
  *  hpux-sjis-11.11
  *  ibm-1375_P100-2008
  *  macos-1282-10.2
  *  ibm-5104_X110-1999
  *  hpux-eucJP-11.11
  *  ibm-1388_P100-2024
  *  zh_CN.euc
  *  macos-0_1-10.2
  *  iso85
  *  ibm-867_P100-1998
  *  java-Cp942-1.3_P
  *  glibc-BIG5-2.3.3
  *  windows-20105-2000
  *  hpux-cp861-11.11
  *  ibm-297_P100-1999
  *  ISO_8859_1
  *  5601
  *  macos-3074-10.2
  *  ibm-1143_P100-1997
  *  IBM870
  *  ibm-21427_P100-1999
  *  glibc-IBM1124-2.3.3
  *  macos-521-10.2
  *  ibm-949_P110-1999
  *  glibc-CSA_Z243.4_1985_2-2.3.3
  *  EBCDIC_PT
  *  ibm-1174_X100-2007
  *  macos-513-10.2
  *  ibm-13156_P101-2000
  *  ibm-1350_P110-1997
  *  ibm-1098_P100-1995
  *  ibm-1362_P100-1997
  *  ibm-1009_P100-1995
  *  macos-2817-10.2
  *  ibm-1089_P100-1995
  *  hpux-cp874-11.11
  *  cp424
  *  java-Cp1124-1.3_P
  *  java-Cp1255-1.3_P
  *  ibm-4960_X100-1995
  *  ibm-970_P110-1999
  *  java-ISO8859_13-1.3_P
  *  windows-1258-2000
  *  KOI8_R
  *  IBM_eucKR
  *  windows-857-2000
  *  ibm-12712_P100-1998
  *  windows-855-2000
  *  glibc-MAC_SAMI-2.3.3
  *  JISX0201.1976_GR
  *  ibm-9444_P100_P100-2005_MS
  *  iso89
  *  ibm-1363_P110-1999
  *  cp855
  *  java-Cp921-1.3_P
  *  CP1253
  *  windows-20261-2000
  *  ibm-930_P120_P12A-2006_U2
  *  8859_7
  *  windows-950-2000
  *  ibm-1161_P100-1999
  *  windows-51932-2006
  *  ibm-9444_P100-2001
  *  GREEK_CCITT
  *  ibm-20780_P100-1999
  *  ibm-1040_P100-1995
  *  ibm-5039_P11A-1998
  *  ibm-859_P100-1999
  *  ibm-837_P100-2011
  *  ibm-858_P100-1997
  *  ibm-1385_P100-1997
  *  ibm-4933_P100-1996
  *  glibc-MACINTOSH-2.3.3
  *  glibc-ECMA_CYRILLIC-2.3.3
  *  ibm-33722_P12A-1999
  *  ibm-1142_P100-1997
  *  java-Cp285-1.3_P
  *  ibm-290_P100-1995
  *  ibm-1102_P100-2003
  *  ibm-1114_P100-1995
  *  java-ISO8859_8-1.3_P
  *  java-Cp852-1.3_P
  *  ibm-835_P100-1995
  *  ibm-920_P100-1995
  *  macos-21-10.5
  *  java-Cp1251-1.3_P
  *  ibm-437_P100-1995
  *  cp860
  *  ISO_8859_8
  *  glibc-CSA_Z243.4_1985_1-2.3.3
  *  ibm-300_P110-1997
  *  ibm-5470_P100-2005
  *  ibm-923_P100-1998
  *  ibm-1381_X110-1999
  *  java-Cp939-1.3_P
  *  ibm-948_X110-1999
  *  windows-20285-2000
  *  windows-20284-2000
  *  cp273
  *  ibm-933_P110-1999
  *  macos-1284-10.2
  *  windows-10003-2000
  *  EBCDIC_AT_DE
  *  ibm-1155_P100-1999
  *  ibm-1148_P100-1997
  *  CP1258
  *  ibm-1004_P100-1995
  *  ibm-1163_P100-1999
  *  ibm-895_P100-1995
  *  ibm-913_P100-2000
  *  ibm-1016_P100-1995
  *  ascii
  *  8859_6
  *  windows-936-2000
  *  solaris-zh_TW_big5-2.7
  *  ibm-951_P100-1995
  *  ibm-838_P100-1995
  *  IBM880
  *  windows-1254-2000
  *  ibm-834_X100-1995
  *  ibm-902_P100-1999
  *  java-Cp297-1.3_P
  *  windows-949-2000
  *  ibm-1018_P100-1995
  *  ibm-803_P100-1999
  *  ibm-864_X120-2012
  *  EBCDIC_FR
  *  ibm-13218_P100-1996
  *  ibm-970_P110_P110-2006_U2
  *  ibm-5039_P110-1996
  *  ibm-1105_P100-2003
  *  java-Cp1252-1.3_P
  *  java-Cp1026-1.3_P
  *  java-Cp1122-1.3_P
  *  ibm-5233_P100-2011
  *  8859_15
  *  glibc-ISO_8859_7-2.3.3
  *  windows-21027-2000
  *  windows-1258_db-2013
  *  macos-34-10.2
  *  ibm-924_P100-1998
  *  java-Cp1112-1.3_P
  *  ibm-1160_P100-1999
  *  IBM918
  *  ibm-4930_P100-1997
  *  glibc-UHC-2.3.3
  *  java-Cp950-1.3_P
  *  ibm-1107_P100-2003
  *  EBCDIC_IS_FRISS
  *  IBM891
  *  windows-708-2000
  *  ibm-9061_P100-1999
  *  ibm-1162_P100-1999
  *  glibc-MSZ_7795.3-2.3.3
  *  ibm-9238_X110-1999
  *  ibm-1257_P100-1995
  *  iso81
  *  iso-8859_11-2001
  *  ibm-13124_P100-1995
  *  ibm-9066_P100-1995
  *  windows-20833-2000
  *  ibm-1164_P100-1999
  *  CP775
  *  ibm-1377_P100_P100-2006_U3
  *  ibm-1010_P100-1995
  *  iso-8859_5-1999
  *  ibm-912_P100-1999
  *  ibm-1280_P100-1996
  *  ibm-1132_P100-1998
  *  zh_CN.gbk
  *  hpux-iso87-11.11
  *  MAC_UK
  *  hpux-sjisMS-11.11
  *  CP1252
  *  8859_3
  *  ibm-1382_P100-1995
  *  ibm-939_X120-1999
  *  ibm-293_P100-1995
  *  glibc-IBM1160-2.3.3
  *  ibm-868_X100-1995
  *  ISO8859_6
  *  hpux-eucJP0201-11.11
  *  glibc-CP10007-2.3.3
  *  java-Cp949C-1.3_P
  *  ibm-1006_X100-1995
  *  ibm-775_P100-1996
  *  macos-1024-10.2
  *  java-Cp1254-1.3_P
  *  macos-2566-10.2
  *  java-Cp1123-1.3_P
  *  glibc-PT2-2.3.3
  *  java-ISO8859_2-1.3_P
  *  glibc-ISO_8859_16-2.3.3
  *  windows-10021-2000
  *  ibm-836_P100-1995
  *  ibm-1047_P100-1995
  *  windows-1255-2000
  *  glibc-ISIRI_3342-2.3.3
  *  GOST_19768_74
  *  ibm-1041_P100-1995
  *  ibm-4963_P101-2000
  *  ibm-930_X120-1999
  *  ibm-875_P100-1995
  *  windows-1146-2000
  *  java-Cp1098-1.3_P
  *  ibm-806_P100-1998
  *  ibm-1104_P100-2003
  *  macos-6-10.2
  *  ibm-1008_X100-1995
  *  ibm-21427_X100-1999
  *  ibm-941_X11A-1996
  *  java-ISO8859_6-1.3_P
  *  glibc-GBK-2.3.3
  *  windows-10079-2000
  *  windows-865-2000
  *  hpux-cp437-11.11
  *  ibm-944_P100-1995
  *  java-Cp273-1.3_P
  *  ibm-5348_P100-1997
  *  ibm-1388_P110-2000
  *  ibm-9145_P110-1997
  *  hpux-cp775-11.11
  *  ibm-1375_X100-2004
  *  glibc-IBM1129-2.3.3
  *  ibm-950_P110-1999
  *  windows-28597-2000
  *  windows-28596-2000
  *  iso-8859_4-1998
  *  glibc-KSC5636-2.3.3
  *  NATS_SEFI
  *  hpux-cp1148-11.11
  *  ibm-1112_P100-1995
  *  hpux-cp1257-11.11
  *  ibm-1371_X100-1999
  *  windows-874-2000
  *  java-ISO8859_3-1.3_P
  *  ibm-960_P100-2000
  *  osd-EBCDIC-DF04-15
  *  iso-8859_9-1999
  *  java-Cp875-1.3_P
  *  cp949
  *  ibm-865_P100-1995
  *  ibm-1276_P100-1995
  *  windows-20936-2000
  *  ibm-1097_P100-1995
  *  java-Cp278-1.3_P
  *  java-Cp500-1.3_P
  *  windows-28603-vista
  *  hpux-greee-11.11
  *  windows-20949-2000
  *  windows-1141-2000
  *  ibm-953_P100-2000
  *  ibm-868_P100-1995
  *  IBM_858
  *  ISO8859_15
  *  IBM_eucTW
  *  ISO8859_4
  *  ibm-1014_P100-1995
  *  ibm-4517_P100-2005
  *  hpux-cp737-11.11
  *  ibm-964_X110-1999
  *  ibm-9449_P100-2002
  *  hpux-cp1146-11.11
  *  ibm-9027_P100-1999
  *  ibm-5050_P120-1999
  *  hpux-cp1251-11.11
  *  macos-7_1-10.2
  *  ibm-423_P100-1995
  *  IBM_1124
  *  java-TIS620-1.3_P
  *  IBM285
  *  ibm-4962_P101-2000
  *  ibm-971_P100-1995
  *  ibm-5347_P100-1998
  *  ibm-932_P12A_P12A-2000_U2
  *  ibm-833_P100-1995
  *  ibm-1363_P10A-1997
  *  windows-860-2000
  *  ibm-4945_P101-2000
  *  ibm-921_P100-1995
  *  ibm-9306_P101-2000
  *  ibm-935_X110-1999
  *  java-EUC_TW-1.3_P
  *  ibm-964_P110-1999
  *  windows-1256-2000
  *  8859_1
  *  TIS_620
  *  ibm-1363_P11B-1999
  *  ibm-17248_X110-1999
  *  hpux-cp860-11.11
  *  windows-864-2000
  *  ibm-1013_P100-1995
  *  windows-20000-2000
  *  ibm-1023_P100-2003
  *  ibm-4955_P101-2000
  *  ibm-948_P110-1999
  *  ibm-1386_P100-2001
  *  java-Cp1381-1.3_P
  *  ibm-952_P110-1997
  *  ibm-863_P100-1995
  *  java-ISO2022JP-1.3_P
  *  ibm-1158_P100-1999
  *  ibm-1363_P11C-2006
  *  iso88
  *  macos-519-10.2
  *  windows-1252-2000
  *  ISO_8859_5
  *  ibm-918_P100-1995
  *  glibc-IBM943-2.3.3
  *  windows-28605-2000
  *  ibm-4958_P101-2000
  *  ibm-1167_P100-2002
  *  GREEK7_OLD
  *  glibc-ISO_8859_13-2.3.3
  *  ibm-1390_P110-2003
  *  windows-10081-2000
  *  ibm-33722_P12A_P12A-2004_U2
  *  windows-870-2000
  *  IBM290
  *  macos-514-10.2
  *  ibm-1144_P100-1997
  *  ibm-1388_P103-2001
  *  windows-20905-2000
  *  CP1254
  *  java-Cp284-1.3_P
  *  ibm-1377_P100-2008
  *  windows-720-2000
  *  windows-1140-2000
  *  ibm-5349_P100-1998
  *  ISO_8859_7
  *  macos-520-10.2
  *  ibm-500_P100-1999
  *  ibm-927_X100-1995
  *  ibm-9577_P100-2001
  *  java-Cp949-1.3_P
  *  java-ISO8859_4-1.3_P
  *  hpux-cp862-11.11
  *  macos-1536-10.2
  *  java-Cp838-1.3_P
  *  java-Cp918-1.3_P
  *  ibm-819_P100-1999
  *  java-Cp437-1.3_P
  *  ibm-932_P120-1999
  *  ibm-9064_P101-2000
  *  ibm-943_P14A-1999
  *  ibm-5026_X120-1999
  *  ISO_5427
  *  java-Cp943-1.2.2
  *  glibc-GEORGIAN_PS-2.3.3
  *  hpux-cp1142-11.11
  *  IBM297
  *  ibm-1017_P100-1995
  *  zh_TW_euc
  *  glibc-NS_4551_1-2.3.3
  *  glibc-BS_4730-2.3.3
  *  iso-8859_16-2001
  *  hpux-eucJPMS-11.11
  *  ibm-905_P100-1995
  *  java-ASCII-1.3_P
  *  iso-8859_7-1987
  *  java-KOI8_R-1.3_P
  *  ibm-4960_P100-1995
  *  IBM280
  *  iso-8859_2-1999
  *  windows-932-2000
  *  windows-1250-2000
  *  ibm-300_P120-2006
  *  hpux-cp866-11.11
  *  ibm-944_X100-1995
  *  ibm-16684_P110-2003
  *  glibc-CP932-2.3.3
  *  ibm-837_X100-1995
  *  ibm-367_P100-1995
  *  glibc-DIN_66003-2.3.3
  *  8859_2
  *  ISO_8859_14
  *  ibm-1386_P110-1997
  *  ibm-874_P100-1995
  *  java-Cp933-1.3_P
  *  glibc-NF_Z_62_010-2.3.3
  *  ibm-4971_P100-1999
  *  ibm-943_P15A-2003
  *  java-Cp424-1.3_P
  *  glibc-JIS_C6229_1984_B-2.3.3
  *  CP1256
  *  LATIN_GREEK
  *  IBM278
  *  EBCDIC_UK
  *  ibm-285_P100-1999
  *  ibm-872_P100-1999
  *  java-Cp1258-1.3_P
  *  ibm-1258_P100-1997
  *  java-Cp866-1.3_P
  *  ibm-9042_P101-2000
  *  macos-38_1-10.2
  *  iso815
  *  ibm-1137_PMOD-1999
  *  ibm-5049_P100-1995
  *  ibm-1146_P100-1997
  *  ibm-941_P12A-1996
  *  INIS_8
  *  iso-8859_7-2003
  *  ibm-5012_P100-1999
  *  ibm-1165_P101-2000
  *  ibm-866_P100-1995
  *  glibc-ISO_8859_8-2.3.3
  *  glibc-IBM866NAV-2.3.3
  *  ibm-301_X110-1997
  *  ibm-1011_P100-1995
  *  aix-IBM_udcJP-4.3.6
  *  ibm-850_P100-1999
  *  ibm-1381_P110-1999
  *  glibc-EUC_KR-2.3.3
  *  ibm-891_P100-1995
  *  ibm-1157_P100-1999
  *  ibm-1377_P100-2006
  *  ibm-851_P100-1995
  *  ibm-942_P120-1999
  *  windows-20108-2000
  *  ibm-33058_P100-2000
  *  ibm-927_P100-1995
  *  java-Big5-1.3_P
  *  windows-28591-2000
  *  ibm-9027_X100-1999
  *  java-Cp874-1.3_P
  *  ibm-897_P100-1995
  *  ibm-4948_P100-1995
  *  iso-8859_10-1998
  *  euc-tw-2014
  *  windows-775-2000
  *  ibm-1006_P100-1995
  *  ibm-1129_P100-1997
  *  gb18030
  *  EBCDIC_US
  *  glibc-IBM1161-2.3.3
  *  macos-1059-10.2
  *  IBM423
  *  ISO8859_3
  *  MAC_IS
  *  mac_roman
  *  ibm-1364_P100-2007
  *  NATS_DANO
  *  ibm-5473_P100-2006
  *  cp500
  *  8859_9
  *  windows-10004-2000
  *  hpux-cp863-11.11
  *  cp850
  *  utf-16
  *  windows-51949-2000
  *  java-ISO8859_9-1.3_P
  *  8859_5
  *  macos-527-10.2
  *  java-Cp970-1.3_P
  *  windows-869-2000
  *  windows-10008-2000
  *  IBM_932
  *  java-Cp1383-1.3_P
  *  ibm-1019_P100-1995
  *  ISO_8859_2
  *  java-Cp868-1.3_P
  *  ibm-9005_X110-2007
  *  java-EUC_KR-1.3_P
  *  ibm-849_P100-1999
  *  ibm-1373_P100-2002
  *  ibm-720_P100-1997
  *  java-Cp1253-1.3_P
  *  ibm-941_P130-2001
  *  windows-1257-2000
  *  iso-8859_8-1999
  *  ibm-4930_P110-1999
  *  IBM874
  *  GREEK7
  *  java-Cp964-1.3_P
  *  ibm-425_P101-2000
  *  cp437
  *  8859_4
  *  ISO_8859_11
  *  ibm-954_P101-2007
  *  ibm-855_P100-1995
  *  IBM281
  *  iso-8859_13-1998
  *  ibm-1149_P100-1997
  *  EBCDIC_CA_FR
  *  ibm-13162_P101-2000
  *  windows-38598-2000
  *  java-Cp864-1.3_P
  *  windows-850-2000
  *  IBM1047
  *  java-Cp1250-1.3_P
  *  ibm-278_P100-1999
  *  CP737
  *  eucTH
  *  ibm-1126_P100_P100-1997_U3
  *  java-Cp775-1.3_P
  *  iso82
  *  windows-737-2000
  *  ibm-28709_P100-1995
  *  windows-20866-2000
  *  ibm-1281_P100-1996
  *  IBM274
  *  glibc-KOI8_U-2.3.3
  *  ibm-1156_P100-1999
  *  java-Cp33722-1.3_P
  *  ibm-857_P100-1995
  *  glibc-NS_4551_2-2.3.3
  *  glibc-PT154-2.3.3
  *  ibm-1364_P110-2007
  *  windows-866-2000
  *  ibm-1101_P100-2003
  *  windows-20127-2000
  *  ibm-922_P100-1999
  *  macos-1288-10.2
  *  ibm-9049_P100-1999
  *  cp861
  *  windows-863-2000
  *  windows-20005-2000
  *  windows-20001-2000
  *  iso-8859_1-1998
  *  ibm-1399_P100-1999
  *  HP_ROMAN8
  *  ibm-1021_P100-2003
  *  osd-EBCDIC-DF04-1
  *  java-Cp948-1.3_P
  *  java-Cp861-1.3_P
  *  hpux-big5-11.11
  *  glibc-ES-2.3.3
  *  ibm-939_P120-1999
  *  ibm-1383_P110-1999
  *  hpux-cp1147-11.11
  *  windows-28598-2000
  *  ibm-1363_P10B-1998
  *  IBM904
  *  glibc-NF_Z_62_010_1973-2.3.3
  *  hpux-cp869-11.11
  *  windows-1147-2000
  *  java-ISO8859_5-1.3_P
  *  ISO_8859_6
  *  CSN_369103
  *  windows-10082-2000
  *  glibc-JOHAB-2.3.3
  *  hpux-cp1250-11.11
  *  ibm-5350_P100-1998
  *  ibm-1133_P100-1997
  *  ibm-4904_P101-2000
  *  glibc-JIS_C6220_1969_RO-2.3.3
  *  glibc-JUS_I.B1.002-2.3.3
  *  ibm-1351_P110-1997
  *  KOI8_U
  *  EUC_KR
  *  ibm-942_P12A_P12A-2000_U2
  *  ibm-5354_P100-1998
  *  ibm-931_P120-1999
  *  windows-10010-2000
  *  ibm-62383_P100-2007
  *  glibc-IBM922-2.3.3
  *  ISO8859_1
  *  hpux-cp1145-11.11
  *  ibm-941_P120-1996
  *  macos-1049-10.2
  *  zh_CN_cp935
  *  ibm-1254_P100-1995
  *  ibm-1122_P100-1999
  *  ibm-53685_P101-2000
  *  macos-515-10.2
  *  glibc-EUC_JP-2.3.3
  *  ibm-5067_P100-1995
  *  IBM038
  *  ISO_8859_13
  *  java-Cp855-1.3_P
  *  CNS11643.1986_1
  *  ibm-1256_P110-1997
  *  ibm-1275_P100-1995
  *  ibm-862_P100-1995
  *  windows-10002-2000
  *  hpux-cp852-11.11
  *  glibc-KOI8_T-2.3.3
  *  ibm-1374_P100-2005
  *  windows-875-2000
  *  ibm-1284_P100-1996
  *  ibm-1399_P110-2003
  *  windows-20280-2000
  *  cp866
  *  ibm-915_P100-1995
  *  ibm-916_P100-1995
  *  windows-20277-2000
  *  ibm-1283_P100-1996
  *  ibm-9005_X100-2005
  *  windows-28593-2000
  *  ibm-4944_P101-2000
  *  hpux-cp855-11.11
  *  ibm-1141_P100-1997
  *  osd-EBCDIC-DF03-IRV
  *  CP1255
  *  java-MS932-1.3_P
  *  hpux-cp1144-11.11
  *  ibm-5210_P100-1999
  *  cp037
  *  ibm-937_P110-1999
  *  ibm-5353_P100-1998
  *  IBM277
  *  ibm-4956_P101-2000
  *  macos-7_3-10.2
  *  ibm-1130_P100-1997
  *  ibm-813_P100-1995
  *  windows-20838-2000
  *  iso86
  *  ibm-1103_P100-2003
  *  glibc-IBM1163-2.3.3
  *  java-Cp1006-1.3_P
  *  windows-21866-2000
  *  ibm-878_P100-1996
  *  glibc-GB_1988_80-2.3.3
  *  ibm-1123_P100-1995
  *  hpux-cp1252-11.11
  *  big5
  *  java-EUC_JP-1.3_P
  *  utf-8
  *  ibm-5351_P100-1998
  *  windows-20106-2000
  *  ibm-1106_P100-2003
  *  hpux-cp1149-11.11
  *  windows-10005-2000
  *  ibm-286_P100-2003
  *  IBM875
  *  ibm-17240_P101-2000
  *  hpux-cp865-11.11
  *  windows-1149-2000
  *  ibm-16804_X110-1999
  *  ibm-9044_P100-1999
  *  windows-10017-2000
  *  ibm-928_P100-1995
  *  EBCDIC_IT
  *  EBCDIC_ES_S
  *  macos-1285-10.2
  *  LATIN_GREEK_1
  *  ibm-8612_P100-1995
  *  hpux-sjis0201-11.11
  *  macos-1283-10.2
  *  ANSI_X3.110
  *  glibc-WIN_SAMI_2-2.3.3
  *  ibm-1115_P100-1995
  *  ISO_10367_BOX
  *  EBCDIC_FI_SE
  *  glibc-ES2-2.3.3
  *  ibm-861_P100-1995
  *  ibm-13125_P100-1997
  *  java-Cp737-1.3_P
  *  ibm-942_P12A-1999
  *  CNS-11643-1992
  *  windows-1253-2000
  *  java-Cp860-1.3_P
  *  IBM_1046
  *  ibm-941_X110-1996
  *  ibm-1375_P100-2006
  *  macos-6_2-10.4
  *  ibm-856_P100-1995
  *  glibc-KOI8_R-2.3.3
  *  DEC_MCS
  *  roma8
  *  ibm-273_P100-1999
  *  IBM284
  *  cp852
  *  windows-10029-2000
  *  INIS
  *  ibm-1390_P100-1999
  *  ibm-1051_P100-1999
  *  EBCDIC_ES_A
  *  ibm-943_P130-1999
  *  windows-20420-2000
  *  windows-10001-2000
  *  ibm-1140_P100-1997
  *  latin-1
  
  
  LINE 13:     select * from read_csv(
                             ^.
[0m22:20:29.267059 [debug] [Thread-3 (]: Began running node model.student_dropout.int_economic_context
[0m22:20:29.267290 [debug] [Thread-4 (]: Began running node model.student_dropout.int_program_context
[0m22:20:29.267486 [info ] [Thread-3 (]: 2 of 5 SKIP relation main_intermediate.int_economic_context .................... [[33mSKIP[0m]
[0m22:20:29.267685 [debug] [Thread-2 (]: Began running node model.student_dropout.int_student_demographics
[0m22:20:29.267852 [info ] [Thread-4 (]: 3 of 5 SKIP relation main_intermediate.int_program_context ..................... [[33mSKIP[0m]
[0m22:20:29.268038 [debug] [Thread-3 (]: Finished running node model.student_dropout.int_economic_context
[0m22:20:29.268180 [info ] [Thread-2 (]: 4 of 5 SKIP relation main_intermediate.int_student_demographics ................ [[33mSKIP[0m]
[0m22:20:29.268331 [debug] [Thread-4 (]: Finished running node model.student_dropout.int_program_context
[0m22:20:29.268498 [debug] [Thread-2 (]: Finished running node model.student_dropout.int_student_demographics
[0m22:20:29.268688 [debug] [Thread-1 (]: Began running node model.student_dropout.fct_enrollment_outcomes
[0m22:20:29.268882 [info ] [Thread-1 (]: 5 of 5 SKIP relation main_marts.fct_enrollment_outcomes ........................ [[33mSKIP[0m]
[0m22:20:29.269034 [debug] [Thread-1 (]: Finished running node model.student_dropout.fct_enrollment_outcomes
[0m22:20:29.269544 [debug] [MainThread]: Using duckdb connection "master"
[0m22:20:29.269671 [debug] [MainThread]: On master: BEGIN
[0m22:20:29.269770 [debug] [MainThread]: Opening a new connection, currently in state closed
[0m22:20:29.270016 [debug] [MainThread]: SQL status: OK in 0.000 seconds
[0m22:20:29.270123 [debug] [MainThread]: On master: COMMIT
[0m22:20:29.270221 [debug] [MainThread]: Using duckdb connection "master"
[0m22:20:29.270323 [debug] [MainThread]: On master: COMMIT
[0m22:20:29.270678 [debug] [MainThread]: SQL status: OK in 0.000 seconds
[0m22:20:29.270943 [debug] [MainThread]: On master: Close
[0m22:20:29.271161 [debug] [MainThread]: Connection 'master' was properly closed.
[0m22:20:29.271274 [debug] [MainThread]: Connection 'model.student_dropout.stg_students' was properly closed.
[0m22:20:29.271452 [debug] [MainThread]: Connection 'list_student_dropout_main_marts' was properly closed.
[0m22:20:29.271578 [debug] [MainThread]: Connection 'list_student_dropout_main_staging' was properly closed.
[0m22:20:29.271724 [info ] [MainThread]: 
[0m22:20:29.271850 [info ] [MainThread]: Finished running 1 table model, 4 view models in 0 hours 0 minutes and 2.22 seconds (2.22s).
[0m22:20:29.272491 [debug] [MainThread]: Command end result
[0m22:20:29.284329 [debug] [MainThread]: Wrote artifact WritableManifest to /Users/ogdata-mpb16/Documents/DataScienceProjects/student-dropout-retention-predictor/dbt/target/manifest.json
[0m22:20:29.285127 [debug] [MainThread]: Wrote artifact SemanticManifest to /Users/ogdata-mpb16/Documents/DataScienceProjects/student-dropout-retention-predictor/dbt/target/semantic_manifest.json
[0m22:20:29.287413 [debug] [MainThread]: Wrote artifact RunExecutionResult to /Users/ogdata-mpb16/Documents/DataScienceProjects/student-dropout-retention-predictor/dbt/target/run_results.json
[0m22:20:29.287550 [info ] [MainThread]: 
[0m22:20:29.287694 [info ] [MainThread]: [31mCompleted with 1 error, 0 partial successes, and 0 warnings:[0m
[0m22:20:29.287928 [info ] [MainThread]: 
[0m22:20:29.288155 [error] [MainThread]: [31mFailure in model stg_students (models/staging/stg_students.sql)[0m
[0m22:20:29.288665 [error] [MainThread]:   Runtime Error in model stg_students (models/staging/stg_students.sql)
  Invalid Input Error: The CSV Reader does not support the encoding: "utf-8-bom"
  The currently supported encodings are: 
  *  CWI
  *  ibm-1252_P100-2000
  *  java-MS949-1.3_P
  *  IBM_1252
  *  ibm-1375_P100-2007
  *  ibm-1100_P100-2003
  *  CP1257
  *  ibm-1385_P100-2005
  *  ISO8859_9
  *  IBM_udcJP_GR
  *  glibc-EUC_JP_MS-2.3.3
  *  ibm-951_X100-1995
  *  ibm-5471_P100-2007
  *  windows-20290-2000
  *  zh_TW_cp937
  *  solaris-zh_HK.hkscs-5.9
  *  glibc-ARMSCII_8-2.3.3
  *  ibm-293_X100-1995
  *  windows-28594-2000
  *  windows-28595-2000
  *  ibm-1145_P100-1997
  *  macos-37_2-10.2
  *  hpux-cp1141-11.11
  *  java-Cp037-1.3_P
  *  ibm-1153_P100-1999
  *  glibc-IBM1132-2.3.3
  *  java-Cp850-1.3_P
  *  JISX0208.1983_0
  *  glibc-IBM1164-2.3.3
  *  ibm-5142_P100-1995
  *  glibc-PT-2.3.3
  *  windows-21025-2000
  *  ibm-256_P100-1995
  *  java-EUC_CN-1.3_P
  *  java-Cp942C-1.3_P
  *  ibm-1015_P100-1995
  *  glibc-RK1048-2.3.3
  *  ISO_IR_197
  *  ibm-8612_X110-1995
  *  EBCDIC_FI_SE_A
  *  windows-500-2000
  *  ibm-1363_P11A-1999
  *  ibm-1131_P100-1997
  *  INIS_CYRILLIC
  *  ibm-1020_P100-2003
  *  ibm-1126_P100-1997
  *  ibm-5048_P100-1995
  *  macos-36_1-10.2
  *  ibm-4957_P101-2000
  *  ibm-54191_P100-2006
  *  ibm-808_P100-1999
  *  ibm-5471_P100-2006
  *  ibm-903_P100-1995
  *  ISO_8859_3
  *  windows-950_hkscs-2001
  *  ibm-932_P12A-1999
  *  windows-1361-2000
  *  ibm-914_P100-1995
  *  shift_jis
  *  java-Cp865-1.3_P
  *  glibc-ISO_6937-2.3.3
  *  ibm-13121_P100-1995
  *  hpux-eucTW-11.11
  *  IBM_856
  *  java-Cp937-1.3_P
  *  windows-1047-2000
  *  ISO_5427_EXT
  *  ibm-4899_P100-1998
  *  ibm-918_X100-1995
  *  IBM905
  *  macos-29-10.2
  *  macos-2563-10.2
  *  macos-2562-10.2
  *  ibm-834_P100-1995
  *  macos-35-10.2
  *  ibm-949_X110-1999
  *  ibm-904_P100-1995
  *  ibm-13124_P10A-1995
  *  BALTIC
  *  windows-20004-2000
  *  ibm-4933_P100-2002
  *  KOI_8
  *  windows-20880-2000
  *  ibm-1125_P100-1997
  *  ibm-9145_X110-1997
  *  ibm-259_X100-1995
  *  ibm-5123_P100-1999
  *  ibm-5035_P120-1999
  *  glibc-ISO_IR_209-2.3.3
  *  hpux-roc15-11.11
  *  cp869
  *  macos-37_3-10.2
  *  windows-861-2000
  *  8859_8
  *  hpux-hkbig5-11.11
  *  ibm-1370_X100-1999
  *  ibm-1114_P100-2001
  *  ibm-1012_P100-1995
  *  glibc-IBM864-2.3.3
  *  ibm-4954_P101-2000
  *  ibm-1137_P100-1999
  *  CP1251
  *  ibm-1375_P100-2004
  *  ibm-5346_P100-1998
  *  windows-20924-2000
  *  ibm-869_P100-1995
  *  macos-1287-10.2
  *  macos-1286-10.2
  *  IBM420
  *  ibm-5026_P120-1999
  *  hpux-cp850-11.11
  *  JISX0201.1976_0
  *  ibm-5470_P100_P100-2005_MS
  *  JISX0208.1983_GR
  *  ibm-963_P100-1995
  *  java-Cp863-1.3_P
  *  ibm-5050_P12A-1999
  *  IBM256
  *  IBM851
  *  ibm-1374_P100_P100-2005_MS
  *  hpux-cp1254-11.11
  *  iso-8859_14-1998
  *  windows-20269-2000
  *  ibm-300_X110-1997
  *  java-Cp1097-1.3_P
  *  macos-0_2-10.2
  *  iso87
  *  java-Cp871-1.3_P
  *  IBM903
  *  EBCDIC_DK_NO_A
  *  IBM_850
  *  windows-20107-2000
  *  ibm-9048_P100-1998
  *  windows-1026-2000
  *  ibm-935_P110-1999
  *  ibm-1154_P100-1999
  *  ibm-17221_P100-2001
  *  IBM_1129
  *  cp864
  *  glibc-IBM1162-2.3.3
  *  java-Cp856-1.3_P
  *  ibm-837_P100-1995
  *  windows-20424-2000
  *  ibm-16684_P100-1999
  *  windows-10000-2000
  *  glibc-NC_NC00_10-2.3.3
  *  iso-8859_15-1999
  *  ibm-737_P100-1997
  *  ibm-1285_P100-1996
  *  ISO_8859_10
  *  ibm-4952_P100-1995
  *  windows-20002-2000
  *  cp863
  *  EUC_JP
  *  ibm-1383_X110-1999
  *  ibm-274_P100-2000
  *  ibm-1025_P100-1995
  *  hpux-cp857-11.11
  *  ibm-5352_P100-1998
  *  ibm-880_P100-1995
  *  ISO8859_8
  *  IBM_eucJP
  *  windows-858-2000
  *  ibm-5495_P100-1999
  *  ibm-9448_X100-2005
  *  macos-518-10.2
  *  glibc-EUC_CN-2.3.3
  *  java-ISO8859_1-1.3_P
  *  ibm-9580_P110-1999
  *  ibm-25546_P100-1997
  *  windows-1145-2000
  *  cp857
  *  ibm-941_P13A-2001
  *  EUC_TW
  *  java-MS874-1.3_P
  *  glibc-SEN_850200_B-2.3.3
  *  ibm-848_P100-1999
  *  ibm-947_P100-1995
  *  ibm-870_P100-1999
  *  glibc-IBM874-2.3.3
  *  ibm-933_X110-1999
  *  java-Cp420-1.3_P
  *  ibm-1380_X100-1995
  *  ibm-939_P120_P12A-2005_U2
  *  ibm-5478_P100-1995
  *  ibm-9030_P100-1995
  *  macos-7_2-10.2
  *  ibm-947_X100-1995
  *  glibc-IBM1133-2.3.3
  *  windows-862-2000
  *  macos-38_2-10.2
  *  ibm-33722_P120-1999
  *  macos-1281-10.2
  *  glibc-IBM856-2.3.3
  *  ibm-835_X100-1995
  *  java-Cp869-1.3_P
  *  8859_10
  *  EBCDIC_ES
  *  java-Cp930-1.3_P
  *  ibm-1253_P100-1995
  *  glibc-ISO_5428-2.3.3
  *  java-Johab-1.3_P
  *  glibc-SJIS-2.3.3
  *  ibm-420_X110-1999
  *  hpux-eucKR-11.11
  *  ibm-13143_P101-2000
  *  IBM275
  *  ibm-275_P100-1995
  *  iso-8859_3-1999
  *  ibm-5486_P100-1999
  *  ibm-33722_P12A_P12A-2009_U2
  *  IBM_943
  *  ibm-284_P100-1999
  *  EUC_CN
  *  java-Cp277-1.3_P
  *  java-Cp870-1.3_P
  *  windows-20423-2000
  *  ibm-1043_P100-1995
  *  ibm-931_X120-1999
  *  ibm-4951_P100-1995
  *  ibm-1275_X100-1995
  *  ibm-1370_P100-1999
  *  ibm-280_P100-1999
  *  ibm-937_X110-1999
  *  ibm-9447_P100-2002
  *  hpux-cp1253-11.11
  *  ibm-5035_P120_P12A-2005_U2
  *  windows-10007-2000
  *  windows-10006-2000
  *  windows-28599-2000
  *  ibm-420_X120-1999
  *  KSC5601.1987_0
  *  ibm-955_P110-1997
  *  java-Cp922-1.3_P
  *  IBM1004
  *  thai8
  *  glibc-IT-2.3.3
  *  windows-51936-2000
  *  ibm-949_P11A-1999
  *  java-ISO2022KR-1.3_P
  *  windows-20871-2000
  *  glibc-CP1125-2.3.3
  *  EBCDIC_AT_DE_A
  *  macos-517-10.2
  *  ibm-13157_P101-2000
  *  ibm-9056_P100-1995
  *  ibm-1088_P100-1995
  *  iso-8859_6-1999
  *  windows-20932-2000
  *  ibm-860_P100-1995
  *  hpux-cp1258-11.11
  *  java-ISO8859_7-1.3_P
  *  ASMO_449
  *  windows-1144-2000
  *  ibm-1166_P100-2002
  *  ISO_5428
  *  ibm-946_P100-1995
  *  macos-1280-10.2
  *  ISO_8859_9
  *  windows-20273-2000
  *  ibm-896_P100-1995
  *  ibm-1097_X100-1995
  *  ibm-8482_P100-1999
  *  ibm-4959_P101-2000
  *  glibc-ANSI_X3.110-2.3.3
  *  ISO8859_2
  *  cp1026
  *  CP1250
  *  ibm-1251_P100-1995
  *  ibm-1363_P100-1997
  *  java-Cp280-1.3_P
  *  ibm-871_P100-1999
  *  macos-516-10.2
  *  ibm-9067_X100-2005
  *  windows-20297-2000
  *  glibc-GEORGIAN_ACADEMY-2.3.3
  *  glibc-SEN_850200_C-2.3.3
  *  ibm-4909_P100-1999
  *  PCK
  *  glibc-VISCII-2.3.3
  *  ibm-1147_P100-1997
  *  windows-1142-2000
  *  CNS11643.1986_2
  *  ibm-1008_P100-1995
  *  windows-20003-2000
  *  glibc-IBM1046-2.3.3
  *  macos-36_2-10.2
  *  ibm-259_P100-1995
  *  windows-1143-2000
  *  ibm-950_X110-1999
  *  java-Cp1256-1.3_P
  *  macos-33-10.5
  *  ibm-1124_X100-1996
  *  IBM868
  *  java-Cp935-1.3_P
  *  ibm-1026_P100-1995
  *  glibc-IBM870-2.3.3
  *  ibm-1380_P100-1995
  *  java-Cp943C-1.3_P
  *  windows-28592-2000
  *  macos-37_4-10.2
  *  IBM871
  *  glibc-T.61_8BIT-2.3.3
  *  ibm-901_P100-1999
  *  glibc-BIG5HKSCS-2.3.3
  *  ISO8859_7
  *  macos-37_5-10.2
  *  ibm-1362_P110-1999
  *  euc-jp-2007
  *  ibm-9444_P100-2005
  *  macos-1040-10.2
  *  ibm-1098_X100-1995
  *  windows-20278-2000
  *  ibm-852_P100-1999
  *  ibm-864_X110-1999
  *  ibm-1282_P100-1996
  *  ibm-282_P100-1995
  *  java-Cp1025-1.3_P
  *  ibm-1250_P100-1999
  *  ISO8859_5
  *  windows-37-2000
  *  ibm-21344_P101-2000
  *  ibm-301_P110-1997
  *  ibm-1159_P100-1999
  *  ibm-1382_X100-1995
  *  java-Cp862-1.3_P
  *  macos-1057-10.2
  *  hpux-cp1256-11.11
  *  ibm-1042_P100-1995
  *  ISO_8859_4
  *  hpux-cp1255-11.11
  *  ISO646_US
  *  hpux-cp1140-11.11
  *  java-SJIS-1.3_P
  *  ibm-277_P100-1999
  *  EBCDIC_DK_NO
  *  ibm-926_P100-2000
  *  IEC_P27_1
  *  ibm-13676_P102-2001
  *  java-Cp857-1.3_P
  *  windows-1251-2000
  *  ISO_8859_15
  *  cp865
  *  ibm-1277_P100-1995
  *  ibm-5487_P100-2001
  *  windows-1148-2000
  *  ibm-1132_P100-1997
  *  java-Cp1257-1.3_P
  *  ibm-5488_P100-2001
  *  ibm-5035_X120-1999
  *  hpux-cp864-11.11
  *  glibc-DS_2089-2.3.3
  *  ibm-4961_P101-2000
  *  ibm-1027_P100-1995
  *  cp862
  *  ibm-13140_P101-2000
  *  ibm-930_P120-1999
  *  ibm-1371_P100-1999
  *  hpux-hp15CN-11.11
  *  windows-437-2000
  *  ibm-1127_P100-2004
  *  ibm-37_P100-1999
  *  ibm-424_P100-1995
  *  windows-852-2000
  *  ibm-1046_X110-1999
  *  ibm-13145_P101-2000
  *  ibm-1255_P100-1995
  *  hpux-cp1143-11.11
  *  ibm-1168_P100-2002
  *  hpux-sjis-11.11
  *  ibm-1375_P100-2008
  *  macos-1282-10.2
  *  ibm-5104_X110-1999
  *  hpux-eucJP-11.11
  *  ibm-1388_P100-2024
  *  zh_CN.euc
  *  macos-0_1-10.2
  *  iso85
  *  ibm-867_P100-1998
  *  java-Cp942-1.3_P
  *  glibc-BIG5-2.3.3
  *  windows-20105-2000
  *  hpux-cp861-11.11
  *  ibm-297_P100-1999
  *  ISO_8859_1
  *  5601
  *  macos-3074-10.2
  *  ibm-1143_P100-1997
  *  IBM870
  *  ibm-21427_P100-1999
  *  glibc-IBM1124-2.3.3
  *  macos-521-10.2
  *  ibm-949_P110-1999
  *  glibc-CSA_Z243.4_1985_2-2.3.3
  *  EBCDIC_PT
  *  ibm-1174_X100-2007
  *  macos-513-10.2
  *  ibm-13156_P101-2000
  *  ibm-1350_P110-1997
  *  ibm-1098_P100-1995
  *  ibm-1362_P100-1997
  *  ibm-1009_P100-1995
  *  macos-2817-10.2
  *  ibm-1089_P100-1995
  *  hpux-cp874-11.11
  *  cp424
  *  java-Cp1124-1.3_P
  *  java-Cp1255-1.3_P
  *  ibm-4960_X100-1995
  *  ibm-970_P110-1999
  *  java-ISO8859_13-1.3_P
  *  windows-1258-2000
  *  KOI8_R
  *  IBM_eucKR
  *  windows-857-2000
  *  ibm-12712_P100-1998
  *  windows-855-2000
  *  glibc-MAC_SAMI-2.3.3
  *  JISX0201.1976_GR
  *  ibm-9444_P100_P100-2005_MS
  *  iso89
  *  ibm-1363_P110-1999
  *  cp855
  *  java-Cp921-1.3_P
  *  CP1253
  *  windows-20261-2000
  *  ibm-930_P120_P12A-2006_U2
  *  8859_7
  *  windows-950-2000
  *  ibm-1161_P100-1999
  *  windows-51932-2006
  *  ibm-9444_P100-2001
  *  GREEK_CCITT
  *  ibm-20780_P100-1999
  *  ibm-1040_P100-1995
  *  ibm-5039_P11A-1998
  *  ibm-859_P100-1999
  *  ibm-837_P100-2011
  *  ibm-858_P100-1997
  *  ibm-1385_P100-1997
  *  ibm-4933_P100-1996
  *  glibc-MACINTOSH-2.3.3
  *  glibc-ECMA_CYRILLIC-2.3.3
  *  ibm-33722_P12A-1999
  *  ibm-1142_P100-1997
  *  java-Cp285-1.3_P
  *  ibm-290_P100-1995
  *  ibm-1102_P100-2003
  *  ibm-1114_P100-1995
  *  java-ISO8859_8-1.3_P
  *  java-Cp852-1.3_P
  *  ibm-835_P100-1995
  *  ibm-920_P100-1995
  *  macos-21-10.5
  *  java-Cp1251-1.3_P
  *  ibm-437_P100-1995
  *  cp860
  *  ISO_8859_8
  *  glibc-CSA_Z243.4_1985_1-2.3.3
  *  ibm-300_P110-1997
  *  ibm-5470_P100-2005
  *  ibm-923_P100-1998
  *  ibm-1381_X110-1999
  *  java-Cp939-1.3_P
  *  ibm-948_X110-1999
  *  windows-20285-2000
  *  windows-20284-2000
  *  cp273
  *  ibm-933_P110-1999
  *  macos-1284-10.2
  *  windows-10003-2000
  *  EBCDIC_AT_DE
  *  ibm-1155_P100-1999
  *  ibm-1148_P100-1997
  *  CP1258
  *  ibm-1004_P100-1995
  *  ibm-1163_P100-1999
  *  ibm-895_P100-1995
  *  ibm-913_P100-2000
  *  ibm-1016_P100-1995
  *  ascii
  *  8859_6
  *  windows-936-2000
  *  solaris-zh_TW_big5-2.7
  *  ibm-951_P100-1995
  *  ibm-838_P100-1995
  *  IBM880
  *  windows-1254-2000
  *  ibm-834_X100-1995
  *  ibm-902_P100-1999
  *  java-Cp297-1.3_P
  *  windows-949-2000
  *  ibm-1018_P100-1995
  *  ibm-803_P100-1999
  *  ibm-864_X120-2012
  *  EBCDIC_FR
  *  ibm-13218_P100-1996
  *  ibm-970_P110_P110-2006_U2
  *  ibm-5039_P110-1996
  *  ibm-1105_P100-2003
  *  java-Cp1252-1.3_P
  *  java-Cp1026-1.3_P
  *  java-Cp1122-1.3_P
  *  ibm-5233_P100-2011
  *  8859_15
  *  glibc-ISO_8859_7-2.3.3
  *  windows-21027-2000
  *  windows-1258_db-2013
  *  macos-34-10.2
  *  ibm-924_P100-1998
  *  java-Cp1112-1.3_P
  *  ibm-1160_P100-1999
  *  IBM918
  *  ibm-4930_P100-1997
  *  glibc-UHC-2.3.3
  *  java-Cp950-1.3_P
  *  ibm-1107_P100-2003
  *  EBCDIC_IS_FRISS
  *  IBM891
  *  windows-708-2000
  *  ibm-9061_P100-1999
  *  ibm-1162_P100-1999
  *  glibc-MSZ_7795.3-2.3.3
  *  ibm-9238_X110-1999
  *  ibm-1257_P100-1995
  *  iso81
  *  iso-8859_11-2001
  *  ibm-13124_P100-1995
  *  ibm-9066_P100-1995
  *  windows-20833-2000
  *  ibm-1164_P100-1999
  *  CP775
  *  ibm-1377_P100_P100-2006_U3
  *  ibm-1010_P100-1995
  *  iso-8859_5-1999
  *  ibm-912_P100-1999
  *  ibm-1280_P100-1996
  *  ibm-1132_P100-1998
  *  zh_CN.gbk
  *  hpux-iso87-11.11
  *  MAC_UK
  *  hpux-sjisMS-11.11
  *  CP1252
  *  8859_3
  *  ibm-1382_P100-1995
  *  ibm-939_X120-1999
  *  ibm-293_P100-1995
  *  glibc-IBM1160-2.3.3
  *  ibm-868_X100-1995
  *  ISO8859_6
  *  hpux-eucJP0201-11.11
  *  glibc-CP10007-2.3.3
  *  java-Cp949C-1.3_P
  *  ibm-1006_X100-1995
  *  ibm-775_P100-1996
  *  macos-1024-10.2
  *  java-Cp1254-1.3_P
  *  macos-2566-10.2
  *  java-Cp1123-1.3_P
  *  glibc-PT2-2.3.3
  *  java-ISO8859_2-1.3_P
  *  glibc-ISO_8859_16-2.3.3
  *  windows-10021-2000
  *  ibm-836_P100-1995
  *  ibm-1047_P100-1995
  *  windows-1255-2000
  *  glibc-ISIRI_3342-2.3.3
  *  GOST_19768_74
  *  ibm-1041_P100-1995
  *  ibm-4963_P101-2000
  *  ibm-930_X120-1999
  *  ibm-875_P100-1995
  *  windows-1146-2000
  *  java-Cp1098-1.3_P
  *  ibm-806_P100-1998
  *  ibm-1104_P100-2003
  *  macos-6-10.2
  *  ibm-1008_X100-1995
  *  ibm-21427_X100-1999
  *  ibm-941_X11A-1996
  *  java-ISO8859_6-1.3_P
  *  glibc-GBK-2.3.3
  *  windows-10079-2000
  *  windows-865-2000
  *  hpux-cp437-11.11
  *  ibm-944_P100-1995
  *  java-Cp273-1.3_P
  *  ibm-5348_P100-1997
  *  ibm-1388_P110-2000
  *  ibm-9145_P110-1997
  *  hpux-cp775-11.11
  *  ibm-1375_X100-2004
  *  glibc-IBM1129-2.3.3
  *  ibm-950_P110-1999
  *  windows-28597-2000
  *  windows-28596-2000
  *  iso-8859_4-1998
  *  glibc-KSC5636-2.3.3
  *  NATS_SEFI
  *  hpux-cp1148-11.11
  *  ibm-1112_P100-1995
  *  hpux-cp1257-11.11
  *  ibm-1371_X100-1999
  *  windows-874-2000
  *  java-ISO8859_3-1.3_P
  *  ibm-960_P100-2000
  *  osd-EBCDIC-DF04-15
  *  iso-8859_9-1999
  *  java-Cp875-1.3_P
  *  cp949
  *  ibm-865_P100-1995
  *  ibm-1276_P100-1995
  *  windows-20936-2000
  *  ibm-1097_P100-1995
  *  java-Cp278-1.3_P
  *  java-Cp500-1.3_P
  *  windows-28603-vista
  *  hpux-greee-11.11
  *  windows-20949-2000
  *  windows-1141-2000
  *  ibm-953_P100-2000
  *  ibm-868_P100-1995
  *  IBM_858
  *  ISO8859_15
  *  IBM_eucTW
  *  ISO8859_4
  *  ibm-1014_P100-1995
  *  ibm-4517_P100-2005
  *  hpux-cp737-11.11
  *  ibm-964_X110-1999
  *  ibm-9449_P100-2002
  *  hpux-cp1146-11.11
  *  ibm-9027_P100-1999
  *  ibm-5050_P120-1999
  *  hpux-cp1251-11.11
  *  macos-7_1-10.2
  *  ibm-423_P100-1995
  *  IBM_1124
  *  java-TIS620-1.3_P
  *  IBM285
  *  ibm-4962_P101-2000
  *  ibm-971_P100-1995
  *  ibm-5347_P100-1998
  *  ibm-932_P12A_P12A-2000_U2
  *  ibm-833_P100-1995
  *  ibm-1363_P10A-1997
  *  windows-860-2000
  *  ibm-4945_P101-2000
  *  ibm-921_P100-1995
  *  ibm-9306_P101-2000
  *  ibm-935_X110-1999
  *  java-EUC_TW-1.3_P
  *  ibm-964_P110-1999
  *  windows-1256-2000
  *  8859_1
  *  TIS_620
  *  ibm-1363_P11B-1999
  *  ibm-17248_X110-1999
  *  hpux-cp860-11.11
  *  windows-864-2000
  *  ibm-1013_P100-1995
  *  windows-20000-2000
  *  ibm-1023_P100-2003
  *  ibm-4955_P101-2000
  *  ibm-948_P110-1999
  *  ibm-1386_P100-2001
  *  java-Cp1381-1.3_P
  *  ibm-952_P110-1997
  *  ibm-863_P100-1995
  *  java-ISO2022JP-1.3_P
  *  ibm-1158_P100-1999
  *  ibm-1363_P11C-2006
  *  iso88
  *  macos-519-10.2
  *  windows-1252-2000
  *  ISO_8859_5
  *  ibm-918_P100-1995
  *  glibc-IBM943-2.3.3
  *  windows-28605-2000
  *  ibm-4958_P101-2000
  *  ibm-1167_P100-2002
  *  GREEK7_OLD
  *  glibc-ISO_8859_13-2.3.3
  *  ibm-1390_P110-2003
  *  windows-10081-2000
  *  ibm-33722_P12A_P12A-2004_U2
  *  windows-870-2000
  *  IBM290
  *  macos-514-10.2
  *  ibm-1144_P100-1997
  *  ibm-1388_P103-2001
  *  windows-20905-2000
  *  CP1254
  *  java-Cp284-1.3_P
  *  ibm-1377_P100-2008
  *  windows-720-2000
  *  windows-1140-2000
  *  ibm-5349_P100-1998
  *  ISO_8859_7
  *  macos-520-10.2
  *  ibm-500_P100-1999
  *  ibm-927_X100-1995
  *  ibm-9577_P100-2001
  *  java-Cp949-1.3_P
  *  java-ISO8859_4-1.3_P
  *  hpux-cp862-11.11
  *  macos-1536-10.2
  *  java-Cp838-1.3_P
  *  java-Cp918-1.3_P
  *  ibm-819_P100-1999
  *  java-Cp437-1.3_P
  *  ibm-932_P120-1999
  *  ibm-9064_P101-2000
  *  ibm-943_P14A-1999
  *  ibm-5026_X120-1999
  *  ISO_5427
  *  java-Cp943-1.2.2
  *  glibc-GEORGIAN_PS-2.3.3
  *  hpux-cp1142-11.11
  *  IBM297
  *  ibm-1017_P100-1995
  *  zh_TW_euc
  *  glibc-NS_4551_1-2.3.3
  *  glibc-BS_4730-2.3.3
  *  iso-8859_16-2001
  *  hpux-eucJPMS-11.11
  *  ibm-905_P100-1995
  *  java-ASCII-1.3_P
  *  iso-8859_7-1987
  *  java-KOI8_R-1.3_P
  *  ibm-4960_P100-1995
  *  IBM280
  *  iso-8859_2-1999
  *  windows-932-2000
  *  windows-1250-2000
  *  ibm-300_P120-2006
  *  hpux-cp866-11.11
  *  ibm-944_X100-1995
  *  ibm-16684_P110-2003
  *  glibc-CP932-2.3.3
  *  ibm-837_X100-1995
  *  ibm-367_P100-1995
  *  glibc-DIN_66003-2.3.3
  *  8859_2
  *  ISO_8859_14
  *  ibm-1386_P110-1997
  *  ibm-874_P100-1995
  *  java-Cp933-1.3_P
  *  glibc-NF_Z_62_010-2.3.3
  *  ibm-4971_P100-1999
  *  ibm-943_P15A-2003
  *  java-Cp424-1.3_P
  *  glibc-JIS_C6229_1984_B-2.3.3
  *  CP1256
  *  LATIN_GREEK
  *  IBM278
  *  EBCDIC_UK
  *  ibm-285_P100-1999
  *  ibm-872_P100-1999
  *  java-Cp1258-1.3_P
  *  ibm-1258_P100-1997
  *  java-Cp866-1.3_P
  *  ibm-9042_P101-2000
  *  macos-38_1-10.2
  *  iso815
  *  ibm-1137_PMOD-1999
  *  ibm-5049_P100-1995
  *  ibm-1146_P100-1997
  *  ibm-941_P12A-1996
  *  INIS_8
  *  iso-8859_7-2003
  *  ibm-5012_P100-1999
  *  ibm-1165_P101-2000
  *  ibm-866_P100-1995
  *  glibc-ISO_8859_8-2.3.3
  *  glibc-IBM866NAV-2.3.3
  *  ibm-301_X110-1997
  *  ibm-1011_P100-1995
  *  aix-IBM_udcJP-4.3.6
  *  ibm-850_P100-1999
  *  ibm-1381_P110-1999
  *  glibc-EUC_KR-2.3.3
  *  ibm-891_P100-1995
  *  ibm-1157_P100-1999
  *  ibm-1377_P100-2006
  *  ibm-851_P100-1995
  *  ibm-942_P120-1999
  *  windows-20108-2000
  *  ibm-33058_P100-2000
  *  ibm-927_P100-1995
  *  java-Big5-1.3_P
  *  windows-28591-2000
  *  ibm-9027_X100-1999
  *  java-Cp874-1.3_P
  *  ibm-897_P100-1995
  *  ibm-4948_P100-1995
  *  iso-8859_10-1998
  *  euc-tw-2014
  *  windows-775-2000
  *  ibm-1006_P100-1995
  *  ibm-1129_P100-1997
  *  gb18030
  *  EBCDIC_US
  *  glibc-IBM1161-2.3.3
  *  macos-1059-10.2
  *  IBM423
  *  ISO8859_3
  *  MAC_IS
  *  mac_roman
  *  ibm-1364_P100-2007
  *  NATS_DANO
  *  ibm-5473_P100-2006
  *  cp500
  *  8859_9
  *  windows-10004-2000
  *  hpux-cp863-11.11
  *  cp850
  *  utf-16
  *  windows-51949-2000
  *  java-ISO8859_9-1.3_P
  *  8859_5
  *  macos-527-10.2
  *  java-Cp970-1.3_P
  *  windows-869-2000
  *  windows-10008-2000
  *  IBM_932
  *  java-Cp1383-1.3_P
  *  ibm-1019_P100-1995
  *  ISO_8859_2
  *  java-Cp868-1.3_P
  *  ibm-9005_X110-2007
  *  java-EUC_KR-1.3_P
  *  ibm-849_P100-1999
  *  ibm-1373_P100-2002
  *  ibm-720_P100-1997
  *  java-Cp1253-1.3_P
  *  ibm-941_P130-2001
  *  windows-1257-2000
  *  iso-8859_8-1999
  *  ibm-4930_P110-1999
  *  IBM874
  *  GREEK7
  *  java-Cp964-1.3_P
  *  ibm-425_P101-2000
  *  cp437
  *  8859_4
  *  ISO_8859_11
  *  ibm-954_P101-2007
  *  ibm-855_P100-1995
  *  IBM281
  *  iso-8859_13-1998
  *  ibm-1149_P100-1997
  *  EBCDIC_CA_FR
  *  ibm-13162_P101-2000
  *  windows-38598-2000
  *  java-Cp864-1.3_P
  *  windows-850-2000
  *  IBM1047
  *  java-Cp1250-1.3_P
  *  ibm-278_P100-1999
  *  CP737
  *  eucTH
  *  ibm-1126_P100_P100-1997_U3
  *  java-Cp775-1.3_P
  *  iso82
  *  windows-737-2000
  *  ibm-28709_P100-1995
  *  windows-20866-2000
  *  ibm-1281_P100-1996
  *  IBM274
  *  glibc-KOI8_U-2.3.3
  *  ibm-1156_P100-1999
  *  java-Cp33722-1.3_P
  *  ibm-857_P100-1995
  *  glibc-NS_4551_2-2.3.3
  *  glibc-PT154-2.3.3
  *  ibm-1364_P110-2007
  *  windows-866-2000
  *  ibm-1101_P100-2003
  *  windows-20127-2000
  *  ibm-922_P100-1999
  *  macos-1288-10.2
  *  ibm-9049_P100-1999
  *  cp861
  *  windows-863-2000
  *  windows-20005-2000
  *  windows-20001-2000
  *  iso-8859_1-1998
  *  ibm-1399_P100-1999
  *  HP_ROMAN8
  *  ibm-1021_P100-2003
  *  osd-EBCDIC-DF04-1
  *  java-Cp948-1.3_P
  *  java-Cp861-1.3_P
  *  hpux-big5-11.11
  *  glibc-ES-2.3.3
  *  ibm-939_P120-1999
  *  ibm-1383_P110-1999
  *  hpux-cp1147-11.11
  *  windows-28598-2000
  *  ibm-1363_P10B-1998
  *  IBM904
  *  glibc-NF_Z_62_010_1973-2.3.3
  *  hpux-cp869-11.11
  *  windows-1147-2000
  *  java-ISO8859_5-1.3_P
  *  ISO_8859_6
  *  CSN_369103
  *  windows-10082-2000
  *  glibc-JOHAB-2.3.3
  *  hpux-cp1250-11.11
  *  ibm-5350_P100-1998
  *  ibm-1133_P100-1997
  *  ibm-4904_P101-2000
  *  glibc-JIS_C6220_1969_RO-2.3.3
  *  glibc-JUS_I.B1.002-2.3.3
  *  ibm-1351_P110-1997
  *  KOI8_U
  *  EUC_KR
  *  ibm-942_P12A_P12A-2000_U2
  *  ibm-5354_P100-1998
  *  ibm-931_P120-1999
  *  windows-10010-2000
  *  ibm-62383_P100-2007
  *  glibc-IBM922-2.3.3
  *  ISO8859_1
  *  hpux-cp1145-11.11
  *  ibm-941_P120-1996
  *  macos-1049-10.2
  *  zh_CN_cp935
  *  ibm-1254_P100-1995
  *  ibm-1122_P100-1999
  *  ibm-53685_P101-2000
  *  macos-515-10.2
  *  glibc-EUC_JP-2.3.3
  *  ibm-5067_P100-1995
  *  IBM038
  *  ISO_8859_13
  *  java-Cp855-1.3_P
  *  CNS11643.1986_1
  *  ibm-1256_P110-1997
  *  ibm-1275_P100-1995
  *  ibm-862_P100-1995
  *  windows-10002-2000
  *  hpux-cp852-11.11
  *  glibc-KOI8_T-2.3.3
  *  ibm-1374_P100-2005
  *  windows-875-2000
  *  ibm-1284_P100-1996
  *  ibm-1399_P110-2003
  *  windows-20280-2000
  *  cp866
  *  ibm-915_P100-1995
  *  ibm-916_P100-1995
  *  windows-20277-2000
  *  ibm-1283_P100-1996
  *  ibm-9005_X100-2005
  *  windows-28593-2000
  *  ibm-4944_P101-2000
  *  hpux-cp855-11.11
  *  ibm-1141_P100-1997
  *  osd-EBCDIC-DF03-IRV
  *  CP1255
  *  java-MS932-1.3_P
  *  hpux-cp1144-11.11
  *  ibm-5210_P100-1999
  *  cp037
  *  ibm-937_P110-1999
  *  ibm-5353_P100-1998
  *  IBM277
  *  ibm-4956_P101-2000
  *  macos-7_3-10.2
  *  ibm-1130_P100-1997
  *  ibm-813_P100-1995
  *  windows-20838-2000
  *  iso86
  *  ibm-1103_P100-2003
  *  glibc-IBM1163-2.3.3
  *  java-Cp1006-1.3_P
  *  windows-21866-2000
  *  ibm-878_P100-1996
  *  glibc-GB_1988_80-2.3.3
  *  ibm-1123_P100-1995
  *  hpux-cp1252-11.11
  *  big5
  *  java-EUC_JP-1.3_P
  *  utf-8
  *  ibm-5351_P100-1998
  *  windows-20106-2000
  *  ibm-1106_P100-2003
  *  hpux-cp1149-11.11
  *  windows-10005-2000
  *  ibm-286_P100-2003
  *  IBM875
  *  ibm-17240_P101-2000
  *  hpux-cp865-11.11
  *  windows-1149-2000
  *  ibm-16804_X110-1999
  *  ibm-9044_P100-1999
  *  windows-10017-2000
  *  ibm-928_P100-1995
  *  EBCDIC_IT
  *  EBCDIC_ES_S
  *  macos-1285-10.2
  *  LATIN_GREEK_1
  *  ibm-8612_P100-1995
  *  hpux-sjis0201-11.11
  *  macos-1283-10.2
  *  ANSI_X3.110
  *  glibc-WIN_SAMI_2-2.3.3
  *  ibm-1115_P100-1995
  *  ISO_10367_BOX
  *  EBCDIC_FI_SE
  *  glibc-ES2-2.3.3
  *  ibm-861_P100-1995
  *  ibm-13125_P100-1997
  *  java-Cp737-1.3_P
  *  ibm-942_P12A-1999
  *  CNS-11643-1992
  *  windows-1253-2000
  *  java-Cp860-1.3_P
  *  IBM_1046
  *  ibm-941_X110-1996
  *  ibm-1375_P100-2006
  *  macos-6_2-10.4
  *  ibm-856_P100-1995
  *  glibc-KOI8_R-2.3.3
  *  DEC_MCS
  *  roma8
  *  ibm-273_P100-1999
  *  IBM284
  *  cp852
  *  windows-10029-2000
  *  INIS
  *  ibm-1390_P100-1999
  *  ibm-1051_P100-1999
  *  EBCDIC_ES_A
  *  ibm-943_P130-1999
  *  windows-20420-2000
  *  windows-10001-2000
  *  ibm-1140_P100-1997
  *  latin-1
  
  
  LINE 13:     select * from read_csv(
                             ^
[0m22:20:29.289708 [info ] [MainThread]: 
[0m22:20:29.289886 [info ] [MainThread]:   compiled code at target/compiled/student_dropout/models/staging/stg_students.sql
[0m22:20:29.290007 [info ] [MainThread]: 
[0m22:20:29.290135 [info ] [MainThread]: Done. PASS=0 WARN=0 ERROR=1 SKIP=4 NO-OP=0 TOTAL=5
[0m22:20:29.290343 [warn ] [MainThread]: [[33mWARNING[0m][DeprecationsSummary]: Deprecated functionality
Summary of encountered deprecations:
- MissingArgumentsPropertyInGenericTestDeprecation: 1 occurrence
To see all deprecation instances instead of just the first occurrence of each,
run command again with the `--show-all-deprecations` flag. You may also need to
run with `--no-partial-parse` as some deprecations are only encountered during
parsing.
[0m22:20:29.291503 [debug] [MainThread]: Resource report: {"command_name": "run", "command_success": false, "command_wall_clock_time": 2.6414855, "process_in_blocks": "0", "process_kernel_time": 0.358173, "process_mem_max_rss": "744407040", "process_out_blocks": "0", "process_user_time": 1.829424}
[0m22:20:29.291683 [debug] [MainThread]: Command `dbt run` failed at 22:20:29.291650 after 2.64 seconds
[0m22:20:29.291836 [debug] [MainThread]: Sending event: {'category': 'dbt', 'action': 'invocation', 'label': 'end', 'context': [<snowplow_tracker.self_describing_json.SelfDescribingJson object at 0x1078cec00>, <snowplow_tracker.self_describing_json.SelfDescribingJson object at 0x111319400>, <snowplow_tracker.self_describing_json.SelfDescribingJson object at 0x111319310>]}
[0m22:20:29.291969 [debug] [MainThread]: Flushing usage events
[0m22:20:29.642726 [debug] [MainThread]: An error was encountered while trying to flush usage events
[0m22:22:26.983276 [debug] [MainThread]: Sending event: {'category': 'dbt', 'action': 'invocation', 'label': 'start', 'context': [<snowplow_tracker.self_describing_json.SelfDescribingJson object at 0x1099fe1e0>, <snowplow_tracker.self_describing_json.SelfDescribingJson object at 0x10a31d4c0>, <snowplow_tracker.self_describing_json.SelfDescribingJson object at 0x10a31d220>]}


============================== 22:22:26.984934 | ab35a6b5-1161-457d-9f33-d132ee26e33b ==============================
[0m22:22:26.984934 [info ] [MainThread]: Running with dbt=1.11.8
[0m22:22:26.985195 [debug] [MainThread]: running dbt with arguments {'warn_error': 'None', 'target_path': 'None', 'version_check': 'True', 'printer_width': '80', 'warn_error_options': 'WarnErrorOptionsV2(error=[], warn=[], silence=[])', 'use_experimental_parser': 'False', 'quiet': 'False', 'cache_selected_only': 'False', 'log_path': '/Users/ogdata-mpb16/Documents/DataScienceProjects/student-dropout-retention-predictor/dbt/logs', 'use_colors': 'True', 'send_anonymous_usage_stats': 'True', 'log_cache_events': 'False', 'no_print': 'None', 'indirect_selection': 'eager', 'empty': 'False', 'log_format': 'default', 'write_json': 'True', 'invocation_command': 'dbt run', 'static_parser': 'True', 'debug': 'False', 'fail_fast': 'False', 'introspect': 'True', 'profiles_dir': '/Users/ogdata-mpb16/Documents/DataScienceProjects/student-dropout-retention-predictor/dbt', 'partial_parse': 'True'}
[0m22:22:27.060421 [debug] [MainThread]: Sending event: {'category': 'dbt', 'action': 'project_id', 'label': 'ab35a6b5-1161-457d-9f33-d132ee26e33b', 'context': [<snowplow_tracker.self_describing_json.SelfDescribingJson object at 0x10a6ade80>]}
[0m22:22:27.080945 [debug] [MainThread]: Sending event: {'category': 'dbt', 'action': 'adapter_info', 'label': 'ab35a6b5-1161-457d-9f33-d132ee26e33b', 'context': [<snowplow_tracker.self_describing_json.SelfDescribingJson object at 0x10a188650>]}
[0m22:22:27.081749 [info ] [MainThread]: Registered adapter: duckdb=1.10.1
[0m22:22:27.124899 [debug] [MainThread]: checksum: 7d524ac048c2100769df89d592e662e060a73ca564e31bd9c2a37efdfe8d8ab6, vars: {}, profile: , target: , version: 1.11.8
[0m22:22:27.167277 [debug] [MainThread]: Partial parsing enabled: 0 files deleted, 0 files added, 1 files changed.
[0m22:22:27.167585 [debug] [MainThread]: Partial parsing: updated file: student_dropout://models/staging/stg_students.sql
[0m22:22:27.276441 [warn ] [MainThread]: [[33mWARNING[0m][MissingArgumentsPropertyInGenericTestDeprecation]: Deprecated
functionality
Found top-level arguments to test `accepted_values` defined on 'stg_students' in
package 'student_dropout' (models/schema.yml). Arguments to generic tests should
be nested under the `arguments` property.
[0m22:22:27.276703 [debug] [MainThread]: Sending event: {'category': 'dbt', 'action': 'deprecation', 'label': 'ab35a6b5-1161-457d-9f33-d132ee26e33b', 'property_': 'warn', 'context': [<snowplow_tracker.self_describing_json.SelfDescribingJson object at 0x10a7dad80>]}
[0m22:22:27.308773 [debug] [MainThread]: Sending event: {'category': 'dbt', 'action': 'load_project', 'label': 'ab35a6b5-1161-457d-9f33-d132ee26e33b', 'context': [<snowplow_tracker.self_describing_json.SelfDescribingJson object at 0x10abbc470>]}
[0m22:22:27.363398 [debug] [MainThread]: Wrote artifact WritableManifest to /Users/ogdata-mpb16/Documents/DataScienceProjects/student-dropout-retention-predictor/dbt/target/manifest.json
[0m22:22:27.364170 [debug] [MainThread]: Wrote artifact SemanticManifest to /Users/ogdata-mpb16/Documents/DataScienceProjects/student-dropout-retention-predictor/dbt/target/semantic_manifest.json
[0m22:22:27.367430 [debug] [MainThread]: Sending event: {'category': 'dbt', 'action': 'resource_counts', 'label': 'ab35a6b5-1161-457d-9f33-d132ee26e33b', 'context': [<snowplow_tracker.self_describing_json.SelfDescribingJson object at 0x10ac87c80>]}
[0m22:22:27.367612 [info ] [MainThread]: Found 5 models, 12 data tests, 1 source, 475 macros
[0m22:22:27.367742 [debug] [MainThread]: Sending event: {'category': 'dbt', 'action': 'runnable_timing', 'label': 'ab35a6b5-1161-457d-9f33-d132ee26e33b', 'context': [<snowplow_tracker.self_describing_json.SelfDescribingJson object at 0x10ac797f0>]}
[0m22:22:27.368479 [info ] [MainThread]: 
[0m22:22:27.368608 [info ] [MainThread]: Concurrency: 4 threads (target='dev')
[0m22:22:27.368711 [info ] [MainThread]: 
[0m22:22:27.368889 [debug] [MainThread]: Acquiring new duckdb connection 'master'
[0m22:22:27.370600 [debug] [ThreadPool]: Acquiring new duckdb connection 'list_student_dropout'
[0m22:22:27.370823 [debug] [ThreadPool]: Acquiring new duckdb connection 'list_student_dropout'
[0m22:22:27.375022 [debug] [ThreadPool]: Acquiring new duckdb connection 'list_student_dropout'
[0m22:22:27.391789 [debug] [ThreadPool]: Using duckdb connection "list_student_dropout"
[0m22:22:27.392008 [debug] [ThreadPool]: Using duckdb connection "list_student_dropout"
[0m22:22:27.392152 [debug] [ThreadPool]: Using duckdb connection "list_student_dropout"
[0m22:22:27.392269 [debug] [ThreadPool]: On list_student_dropout: /* {"app": "dbt", "dbt_version": "1.11.8", "profile_name": "student_dropout", "target_name": "dev", "connection_name": "list_student_dropout"} */

    
    select schema_name
    from system.information_schema.schemata
    
    where lower(catalog_name) = '"student_dropout"'
    
  
  
[0m22:22:27.392407 [debug] [ThreadPool]: On list_student_dropout: /* {"app": "dbt", "dbt_version": "1.11.8", "profile_name": "student_dropout", "target_name": "dev", "connection_name": "list_student_dropout"} */

    
    select schema_name
    from system.information_schema.schemata
    
    where lower(catalog_name) = '"student_dropout"'
    
  
  
[0m22:22:27.392519 [debug] [ThreadPool]: On list_student_dropout: /* {"app": "dbt", "dbt_version": "1.11.8", "profile_name": "student_dropout", "target_name": "dev", "connection_name": "list_student_dropout"} */

    
    select schema_name
    from system.information_schema.schemata
    
    where lower(catalog_name) = '"student_dropout"'
    
  
  
[0m22:22:27.392620 [debug] [ThreadPool]: Opening a new connection, currently in state init
[0m22:22:27.392714 [debug] [ThreadPool]: Opening a new connection, currently in state init
[0m22:22:27.392801 [debug] [ThreadPool]: Opening a new connection, currently in state init
[0m22:22:27.399181 [debug] [ThreadPool]: SQL status: OK in 0.007 seconds
[0m22:22:27.399355 [debug] [ThreadPool]: SQL status: OK in 0.007 seconds
[0m22:22:27.399511 [debug] [ThreadPool]: SQL status: OK in 0.007 seconds
[0m22:22:27.399980 [debug] [ThreadPool]: On list_student_dropout: Close
[0m22:22:27.400423 [debug] [ThreadPool]: On list_student_dropout: Close
[0m22:22:27.400826 [debug] [ThreadPool]: On list_student_dropout: Close
[0m22:22:27.401289 [debug] [ThreadPool]: Re-using an available connection from the pool (formerly list_student_dropout, now create_student_dropout_main_intermediate)
[0m22:22:27.401494 [debug] [ThreadPool]: Re-using an available connection from the pool (formerly list_student_dropout, now create_student_dropout_main_staging)
[0m22:22:27.401655 [debug] [ThreadPool]: Re-using an available connection from the pool (formerly list_student_dropout, now create_student_dropout_main_marts)
[0m22:22:27.401828 [debug] [ThreadPool]: Creating schema "database: "student_dropout"
schema: "main_intermediate"
"
[0m22:22:27.401996 [debug] [ThreadPool]: Creating schema "database: "student_dropout"
schema: "main_staging"
"
[0m22:22:27.402151 [debug] [ThreadPool]: Creating schema "database: "student_dropout"
schema: "main_marts"
"
[0m22:22:27.404867 [debug] [ThreadPool]: Using duckdb connection "create_student_dropout_main_intermediate"
[0m22:22:27.405780 [debug] [ThreadPool]: Using duckdb connection "create_student_dropout_main_staging"
[0m22:22:27.406610 [debug] [ThreadPool]: Using duckdb connection "create_student_dropout_main_marts"
[0m22:22:27.406739 [debug] [ThreadPool]: On create_student_dropout_main_intermediate: /* {"app": "dbt", "dbt_version": "1.11.8", "profile_name": "student_dropout", "target_name": "dev", "connection_name": "create_student_dropout_main_intermediate"} */

    
        select type from duckdb_databases()
        where lower(database_name)='student_dropout'
        and type='sqlite'
    
  
[0m22:22:27.406856 [debug] [ThreadPool]: On create_student_dropout_main_staging: /* {"app": "dbt", "dbt_version": "1.11.8", "profile_name": "student_dropout", "target_name": "dev", "connection_name": "create_student_dropout_main_staging"} */

    
        select type from duckdb_databases()
        where lower(database_name)='student_dropout'
        and type='sqlite'
    
  
[0m22:22:27.406964 [debug] [ThreadPool]: On create_student_dropout_main_marts: /* {"app": "dbt", "dbt_version": "1.11.8", "profile_name": "student_dropout", "target_name": "dev", "connection_name": "create_student_dropout_main_marts"} */

    
        select type from duckdb_databases()
        where lower(database_name)='student_dropout'
        and type='sqlite'
    
  
[0m22:22:27.407069 [debug] [ThreadPool]: Opening a new connection, currently in state closed
[0m22:22:27.407166 [debug] [ThreadPool]: Opening a new connection, currently in state closed
[0m22:22:27.407258 [debug] [ThreadPool]: Opening a new connection, currently in state closed
[0m22:22:27.407665 [debug] [ThreadPool]: SQL status: OK in 0.001 seconds
[0m22:22:27.407786 [debug] [ThreadPool]: SQL status: OK in 0.001 seconds
[0m22:22:27.407946 [debug] [ThreadPool]: SQL status: OK in 0.001 seconds
[0m22:22:27.408384 [debug] [ThreadPool]: Using duckdb connection "create_student_dropout_main_intermediate"
[0m22:22:27.408759 [debug] [ThreadPool]: Using duckdb connection "create_student_dropout_main_staging"
[0m22:22:27.409116 [debug] [ThreadPool]: Using duckdb connection "create_student_dropout_main_marts"
[0m22:22:27.409354 [debug] [ThreadPool]: On create_student_dropout_main_intermediate: BEGIN
[0m22:22:27.409565 [debug] [ThreadPool]: On create_student_dropout_main_staging: BEGIN
[0m22:22:27.409675 [debug] [ThreadPool]: On create_student_dropout_main_marts: BEGIN
[0m22:22:27.409931 [debug] [ThreadPool]: SQL status: OK in 0.000 seconds
[0m22:22:27.410070 [debug] [ThreadPool]: Using duckdb connection "create_student_dropout_main_intermediate"
[0m22:22:27.410175 [debug] [ThreadPool]: SQL status: OK in 0.000 seconds
[0m22:22:27.410280 [debug] [ThreadPool]: On create_student_dropout_main_intermediate: /* {"app": "dbt", "dbt_version": "1.11.8", "profile_name": "student_dropout", "target_name": "dev", "connection_name": "create_student_dropout_main_intermediate"} */

    
    
        create schema if not exists "student_dropout"."main_intermediate"
    
[0m22:22:27.410378 [debug] [ThreadPool]: SQL status: OK in 0.000 seconds
[0m22:22:27.410483 [debug] [ThreadPool]: Using duckdb connection "create_student_dropout_main_staging"
[0m22:22:27.410629 [debug] [ThreadPool]: Using duckdb connection "create_student_dropout_main_marts"
[0m22:22:27.410750 [debug] [ThreadPool]: On create_student_dropout_main_staging: /* {"app": "dbt", "dbt_version": "1.11.8", "profile_name": "student_dropout", "target_name": "dev", "connection_name": "create_student_dropout_main_staging"} */

    
    
        create schema if not exists "student_dropout"."main_staging"
    
[0m22:22:27.410856 [debug] [ThreadPool]: SQL status: OK in 0.000 seconds
[0m22:22:27.410953 [debug] [ThreadPool]: On create_student_dropout_main_marts: /* {"app": "dbt", "dbt_version": "1.11.8", "profile_name": "student_dropout", "target_name": "dev", "connection_name": "create_student_dropout_main_marts"} */

    
    
        create schema if not exists "student_dropout"."main_marts"
    
[0m22:22:27.411267 [debug] [ThreadPool]: On create_student_dropout_main_intermediate: COMMIT
[0m22:22:27.411423 [debug] [ThreadPool]: SQL status: OK in 0.000 seconds
[0m22:22:27.411544 [debug] [ThreadPool]: Using duckdb connection "create_student_dropout_main_intermediate"
[0m22:22:27.411653 [debug] [ThreadPool]: SQL status: OK in 0.000 seconds
[0m22:22:27.411940 [debug] [ThreadPool]: On create_student_dropout_main_staging: COMMIT
[0m22:22:27.412051 [debug] [ThreadPool]: On create_student_dropout_main_intermediate: COMMIT
[0m22:22:27.412315 [debug] [ThreadPool]: On create_student_dropout_main_marts: COMMIT
[0m22:22:27.412426 [debug] [ThreadPool]: Using duckdb connection "create_student_dropout_main_staging"
[0m22:22:27.412568 [debug] [ThreadPool]: Using duckdb connection "create_student_dropout_main_marts"
[0m22:22:27.412673 [debug] [ThreadPool]: On create_student_dropout_main_staging: COMMIT
[0m22:22:27.412774 [debug] [ThreadPool]: SQL status: OK in 0.000 seconds
[0m22:22:27.412871 [debug] [ThreadPool]: On create_student_dropout_main_marts: COMMIT
[0m22:22:27.413018 [debug] [ThreadPool]: On create_student_dropout_main_intermediate: Close
[0m22:22:27.413175 [debug] [ThreadPool]: SQL status: OK in 0.000 seconds
[0m22:22:27.413377 [debug] [ThreadPool]: On create_student_dropout_main_staging: Close
[0m22:22:27.413506 [debug] [ThreadPool]: SQL status: OK in 0.000 seconds
[0m22:22:27.413668 [debug] [ThreadPool]: On create_student_dropout_main_marts: Close
[0m22:22:27.414262 [debug] [ThreadPool]: Re-using an available connection from the pool (formerly create_student_dropout_main_intermediate, now list_student_dropout_main_intermediate)
[0m22:22:27.416623 [debug] [ThreadPool]: Using duckdb connection "list_student_dropout_main_intermediate"
[0m22:22:27.416838 [debug] [ThreadPool]: Re-using an available connection from the pool (formerly create_student_dropout_main_marts, now list_student_dropout_main_staging)
[0m22:22:27.417002 [debug] [ThreadPool]: On list_student_dropout_main_intermediate: BEGIN
[0m22:22:27.417136 [debug] [ThreadPool]: Re-using an available connection from the pool (formerly create_student_dropout_main_staging, now list_student_dropout_main_marts)
[0m22:22:27.417879 [debug] [ThreadPool]: Using duckdb connection "list_student_dropout_main_staging"
[0m22:22:27.418007 [debug] [ThreadPool]: Opening a new connection, currently in state closed
[0m22:22:27.418668 [debug] [ThreadPool]: Using duckdb connection "list_student_dropout_main_marts"
[0m22:22:27.418777 [debug] [ThreadPool]: On list_student_dropout_main_staging: BEGIN
[0m22:22:27.419094 [debug] [ThreadPool]: On list_student_dropout_main_marts: BEGIN
[0m22:22:27.419221 [debug] [ThreadPool]: Opening a new connection, currently in state closed
[0m22:22:27.419325 [debug] [ThreadPool]: Opening a new connection, currently in state closed
[0m22:22:27.419448 [debug] [ThreadPool]: SQL status: OK in 0.001 seconds
[0m22:22:27.419729 [debug] [ThreadPool]: Using duckdb connection "list_student_dropout_main_intermediate"
[0m22:22:27.419847 [debug] [ThreadPool]: On list_student_dropout_main_intermediate: /* {"app": "dbt", "dbt_version": "1.11.8", "profile_name": "student_dropout", "target_name": "dev", "connection_name": "list_student_dropout_main_intermediate"} */
select
      'student_dropout' as database,
      table_name as name,
      table_schema as schema,
      CASE table_type
        WHEN 'BASE TABLE' THEN 'table'
        WHEN 'VIEW' THEN 'view'
        WHEN 'LOCAL TEMPORARY' THEN 'table'
        END as type
    from system.information_schema.tables
    where lower(table_schema) = 'main_intermediate'
    and lower(table_catalog) = 'student_dropout'
  
[0m22:22:27.420039 [debug] [ThreadPool]: SQL status: OK in 0.001 seconds
[0m22:22:27.420168 [debug] [ThreadPool]: SQL status: OK in 0.001 seconds
[0m22:22:27.420278 [debug] [ThreadPool]: Using duckdb connection "list_student_dropout_main_staging"
[0m22:22:27.420385 [debug] [ThreadPool]: Using duckdb connection "list_student_dropout_main_marts"
[0m22:22:27.420502 [debug] [ThreadPool]: On list_student_dropout_main_staging: /* {"app": "dbt", "dbt_version": "1.11.8", "profile_name": "student_dropout", "target_name": "dev", "connection_name": "list_student_dropout_main_staging"} */
select
      'student_dropout' as database,
      table_name as name,
      table_schema as schema,
      CASE table_type
        WHEN 'BASE TABLE' THEN 'table'
        WHEN 'VIEW' THEN 'view'
        WHEN 'LOCAL TEMPORARY' THEN 'table'
        END as type
    from system.information_schema.tables
    where lower(table_schema) = 'main_staging'
    and lower(table_catalog) = 'student_dropout'
  
[0m22:22:27.420633 [debug] [ThreadPool]: On list_student_dropout_main_marts: /* {"app": "dbt", "dbt_version": "1.11.8", "profile_name": "student_dropout", "target_name": "dev", "connection_name": "list_student_dropout_main_marts"} */
select
      'student_dropout' as database,
      table_name as name,
      table_schema as schema,
      CASE table_type
        WHEN 'BASE TABLE' THEN 'table'
        WHEN 'VIEW' THEN 'view'
        WHEN 'LOCAL TEMPORARY' THEN 'table'
        END as type
    from system.information_schema.tables
    where lower(table_schema) = 'main_marts'
    and lower(table_catalog) = 'student_dropout'
  
[0m22:22:27.421480 [debug] [ThreadPool]: SQL status: OK in 0.002 seconds
[0m22:22:27.421661 [debug] [ThreadPool]: SQL status: OK in 0.001 seconds
[0m22:22:27.421782 [debug] [ThreadPool]: SQL status: OK in 0.001 seconds
[0m22:22:27.422242 [debug] [ThreadPool]: On list_student_dropout_main_intermediate: ROLLBACK
[0m22:22:27.422650 [debug] [ThreadPool]: On list_student_dropout_main_marts: ROLLBACK
[0m22:22:27.423120 [debug] [ThreadPool]: On list_student_dropout_main_staging: ROLLBACK
[0m22:22:27.423677 [debug] [ThreadPool]: Failed to rollback 'list_student_dropout_main_marts'
[0m22:22:27.423842 [debug] [ThreadPool]: On list_student_dropout_main_marts: Close
[0m22:22:27.424158 [debug] [ThreadPool]: Failed to rollback 'list_student_dropout_main_staging'
[0m22:22:27.424487 [debug] [ThreadPool]: Failed to rollback 'list_student_dropout_main_intermediate'
[0m22:22:27.424670 [debug] [ThreadPool]: On list_student_dropout_main_staging: Close
[0m22:22:27.424799 [debug] [ThreadPool]: On list_student_dropout_main_intermediate: Close
[0m22:22:27.425128 [debug] [MainThread]: Sending event: {'category': 'dbt', 'action': 'runnable_timing', 'label': 'ab35a6b5-1161-457d-9f33-d132ee26e33b', 'context': [<snowplow_tracker.self_describing_json.SelfDescribingJson object at 0x10ac6b170>]}
[0m22:22:27.425326 [debug] [MainThread]: Using duckdb connection "master"
[0m22:22:27.425434 [debug] [MainThread]: On master: BEGIN
[0m22:22:27.425535 [debug] [MainThread]: Opening a new connection, currently in state init
[0m22:22:27.425745 [debug] [MainThread]: SQL status: OK in 0.000 seconds
[0m22:22:27.425835 [debug] [MainThread]: On master: COMMIT
[0m22:22:27.425920 [debug] [MainThread]: Using duckdb connection "master"
[0m22:22:27.426001 [debug] [MainThread]: On master: COMMIT
[0m22:22:27.426138 [debug] [MainThread]: SQL status: OK in 0.000 seconds
[0m22:22:27.426236 [debug] [MainThread]: On master: Close
[0m22:22:27.427193 [debug] [Thread-1 (]: Began running node model.student_dropout.stg_students
[0m22:22:27.427402 [info ] [Thread-1 (]: 1 of 5 START sql view model main_staging.stg_students .......................... [RUN]
[0m22:22:27.427585 [debug] [Thread-1 (]: Re-using an available connection from the pool (formerly list_student_dropout_main_intermediate, now model.student_dropout.stg_students)
[0m22:22:27.427701 [debug] [Thread-1 (]: Began compiling node model.student_dropout.stg_students
[0m22:22:27.430229 [debug] [Thread-1 (]: Writing injected SQL for node "model.student_dropout.stg_students"
[0m22:22:27.430623 [debug] [Thread-1 (]: Began executing node model.student_dropout.stg_students
[0m22:22:27.441527 [debug] [Thread-1 (]: Writing runtime sql for node "model.student_dropout.stg_students"
[0m22:22:27.441934 [debug] [Thread-1 (]: Using duckdb connection "model.student_dropout.stg_students"
[0m22:22:27.442054 [debug] [Thread-1 (]: On model.student_dropout.stg_students: BEGIN
[0m22:22:27.442168 [debug] [Thread-1 (]: Opening a new connection, currently in state closed
[0m22:22:27.442445 [debug] [Thread-1 (]: SQL status: OK in 0.000 seconds
[0m22:22:27.442567 [debug] [Thread-1 (]: Using duckdb connection "model.student_dropout.stg_students"
[0m22:22:27.442791 [debug] [Thread-1 (]: On model.student_dropout.stg_students: /* {"app": "dbt", "dbt_version": "1.11.8", "profile_name": "student_dropout", "target_name": "dev", "node_id": "model.student_dropout.stg_students"} */

  
  create view "student_dropout"."main_staging"."stg_students__dbt_tmp" as (
    -- stg_students.sql
-- Staging layer: rename columns to snake_case, cast types, no business logic.
-- Source: UCI flat file read directly via DuckDB read_csv
-- Notes:
--   - UTF-8 BOM on first column stripped via columns parameter (explicit schema)
--   - Trailing tab on 'Daytime/evening attendance' stripped via trim()
--   - Semicolon delimiter confirmed from raw file inspection

with source as (
    select * from read_csv(
        '../data/raw/data.csv',
        header = true,
        delim = ';',
        columns = {
            'Marital status': 'INTEGER',
            'Application mode': 'INTEGER',
            'Application order': 'INTEGER',
            'Course': 'INTEGER',
            'Daytime/evening attendance': 'INTEGER',
            'Previous qualification': 'INTEGER',
            'Previous qualification (grade)': 'DOUBLE',
            'Admission grade': 'DOUBLE',
            'Nacionality': 'INTEGER',
            'Gender': 'INTEGER',
            'Age at enrollment': 'INTEGER',
            'International': 'INTEGER',
            'Displaced': 'INTEGER',
            'Educational special needs': 'INTEGER',
            'Debtor': 'INTEGER',
            'Tuition fees up to date': 'INTEGER',
            'Scholarship holder': 'INTEGER',
            'Mother''s qualification': 'INTEGER',
            'Father''s qualification': 'INTEGER',
            'Mother''s occupation': 'INTEGER',
            'Father''s occupation': 'INTEGER',
            'Curricular units 1st sem (credited)': 'INTEGER',
            'Curricular units 1st sem (enrolled)': 'INTEGER',
            'Curricular units 1st sem (evaluations)': 'INTEGER',
            'Curricular units 1st sem (approved)': 'INTEGER',
            'Curricular units 1st sem (grade)': 'DOUBLE',
            'Curricular units 1st sem (without evaluations)': 'INTEGER',
            'Curricular units 2nd sem (credited)': 'INTEGER',
            'Curricular units 2nd sem (enrolled)': 'INTEGER',
            'Curricular units 2nd sem (evaluations)': 'INTEGER',
            'Curricular units 2nd sem (approved)': 'INTEGER',
            'Curricular units 2nd sem (grade)': 'DOUBLE',
            'Curricular units 2nd sem (without evaluations)': 'INTEGER',
            'Unemployment rate': 'DOUBLE',
            'Inflation rate': 'DOUBLE',
            'GDP': 'DOUBLE',
            'Target': 'VARCHAR'
        }
    )
),

renamed as (
    select
        -- enrollment & program
        "Marital status"                                    as marital_status,
        "Application mode"                                  as application_mode,
        "Application order"                                 as application_order,
        "Course"                                            as course_id,
        "Daytime/evening attendance"                        as attendance_type,

        -- prior academic background
        "Previous qualification"                            as previous_qualification,
        "Previous qualification (grade)"                    as previous_qualification_grade,
        "Admission grade"                                   as admission_grade,

        -- student demographics
        "Nacionality"                                       as nationality,
        "Gender"                                            as gender,
        "Age at enrollment"                                 as age_at_enrollment,
        "International"                                     as is_international,
        "Displaced"                                         as is_displaced,

        -- household background
        "Mother's qualification"                            as mothers_qualification,
        "Father's qualification"                            as fathers_qualification,
        "Mother's occupation"                               as mothers_occupation,
        "Father's occupation"                               as fathers_occupation,

        -- financial & support
        "Scholarship holder"                                as is_scholarship_holder,
        "Tuition fees up to date"                           as tuition_fees_up_to_date,
        "Debtor"                                            as is_debtor,
        "Educational special needs"                         as has_special_needs,

        -- semester 1 academic performance
        "Curricular units 1st sem (credited)"               as sem1_units_credited,
        "Curricular units 1st sem (enrolled)"               as sem1_units_enrolled,
        "Curricular units 1st sem (evaluations)"            as sem1_evaluations,
        "Curricular units 1st sem (approved)"               as sem1_units_approved,
        "Curricular units 1st sem (grade)"                  as sem1_grade,
        "Curricular units 1st sem (without evaluations)"    as sem1_units_no_eval,

        -- semester 2 academic performance
        "Curricular units 2nd sem (credited)"               as sem2_units_credited,
        "Curricular units 2nd sem (enrolled)"               as sem2_units_enrolled,
        "Curricular units 2nd sem (evaluations)"            as sem2_evaluations,
        "Curricular units 2nd sem (approved)"               as sem2_units_approved,
        "Curricular units 2nd sem (grade)"                  as sem2_grade,
        "Curricular units 2nd sem (without evaluations)"    as sem2_units_no_eval,

        -- macroeconomic context
        "Unemployment rate"                                 as unemployment_rate,
        "Inflation rate"                                    as inflation_rate,
        "GDP"                                               as gdp,

        -- target
        "Target"                                            as outcome

    from source
)

select * from renamed
  );

[0m22:22:27.468478 [debug] [Thread-1 (]: SQL status: OK in 0.025 seconds
[0m22:22:27.471716 [debug] [Thread-1 (]: Using duckdb connection "model.student_dropout.stg_students"
[0m22:22:27.471891 [debug] [Thread-1 (]: On model.student_dropout.stg_students: /* {"app": "dbt", "dbt_version": "1.11.8", "profile_name": "student_dropout", "target_name": "dev", "node_id": "model.student_dropout.stg_students"} */
alter view "student_dropout"."main_staging"."stg_students__dbt_tmp" rename to "stg_students"
[0m22:22:27.472201 [debug] [Thread-1 (]: SQL status: OK in 0.000 seconds
[0m22:22:27.476346 [debug] [Thread-1 (]: On model.student_dropout.stg_students: COMMIT
[0m22:22:27.476469 [debug] [Thread-1 (]: Using duckdb connection "model.student_dropout.stg_students"
[0m22:22:27.476581 [debug] [Thread-1 (]: On model.student_dropout.stg_students: COMMIT
[0m22:22:27.477122 [debug] [Thread-1 (]: SQL status: OK in 0.000 seconds
[0m22:22:27.478968 [debug] [Thread-1 (]: Using duckdb connection "model.student_dropout.stg_students"
[0m22:22:27.479084 [debug] [Thread-1 (]: On model.student_dropout.stg_students: /* {"app": "dbt", "dbt_version": "1.11.8", "profile_name": "student_dropout", "target_name": "dev", "node_id": "model.student_dropout.stg_students"} */

      drop view if exists "student_dropout"."main_staging"."stg_students__dbt_backup" cascade
    
[0m22:22:27.479300 [debug] [Thread-1 (]: SQL status: OK in 0.000 seconds
[0m22:22:27.480110 [debug] [Thread-1 (]: On model.student_dropout.stg_students: Close
[0m22:22:27.480688 [debug] [Thread-1 (]: Sending event: {'category': 'dbt', 'action': 'run_model', 'label': 'ab35a6b5-1161-457d-9f33-d132ee26e33b', 'context': [<snowplow_tracker.self_describing_json.SelfDescribingJson object at 0x109229be0>]}
[0m22:22:27.480901 [info ] [Thread-1 (]: 1 of 5 OK created sql view model main_staging.stg_students ..................... [[32mOK[0m in 0.05s]
[0m22:22:27.481107 [debug] [Thread-1 (]: Finished running node model.student_dropout.stg_students
[0m22:22:27.481387 [debug] [Thread-3 (]: Began running node model.student_dropout.int_economic_context
[0m22:22:27.481537 [debug] [Thread-4 (]: Began running node model.student_dropout.int_program_context
[0m22:22:27.481859 [debug] [Thread-2 (]: Began running node model.student_dropout.int_student_demographics
[0m22:22:27.481750 [info ] [Thread-3 (]: 2 of 5 START sql view model main_intermediate.int_economic_context ............. [RUN]
[0m22:22:27.482103 [info ] [Thread-4 (]: 3 of 5 START sql view model main_intermediate.int_program_context .............. [RUN]
[0m22:22:27.482316 [info ] [Thread-2 (]: 4 of 5 START sql view model main_intermediate.int_student_demographics ......... [RUN]
[0m22:22:27.482483 [debug] [Thread-3 (]: Re-using an available connection from the pool (formerly list_student_dropout_main_marts, now model.student_dropout.int_economic_context)
[0m22:22:27.482660 [debug] [Thread-4 (]: Acquiring new duckdb connection 'model.student_dropout.int_program_context'
[0m22:22:27.482815 [debug] [Thread-2 (]: Re-using an available connection from the pool (formerly list_student_dropout_main_staging, now model.student_dropout.int_student_demographics)
[0m22:22:27.482947 [debug] [Thread-3 (]: Began compiling node model.student_dropout.int_economic_context
[0m22:22:27.483071 [debug] [Thread-4 (]: Began compiling node model.student_dropout.int_program_context
[0m22:22:27.483193 [debug] [Thread-2 (]: Began compiling node model.student_dropout.int_student_demographics
[0m22:22:27.484208 [debug] [Thread-3 (]: Writing injected SQL for node "model.student_dropout.int_economic_context"
[0m22:22:27.485129 [debug] [Thread-4 (]: Writing injected SQL for node "model.student_dropout.int_program_context"
[0m22:22:27.486526 [debug] [Thread-2 (]: Writing injected SQL for node "model.student_dropout.int_student_demographics"
[0m22:22:27.487026 [debug] [Thread-4 (]: Began executing node model.student_dropout.int_program_context
[0m22:22:27.487209 [debug] [Thread-3 (]: Began executing node model.student_dropout.int_economic_context
[0m22:22:27.487376 [debug] [Thread-2 (]: Began executing node model.student_dropout.int_student_demographics
[0m22:22:27.488642 [debug] [Thread-4 (]: Writing runtime sql for node "model.student_dropout.int_program_context"
[0m22:22:27.489734 [debug] [Thread-3 (]: Writing runtime sql for node "model.student_dropout.int_economic_context"
[0m22:22:27.490767 [debug] [Thread-2 (]: Writing runtime sql for node "model.student_dropout.int_student_demographics"
[0m22:22:27.491108 [debug] [Thread-4 (]: Using duckdb connection "model.student_dropout.int_program_context"
[0m22:22:27.491262 [debug] [Thread-2 (]: Using duckdb connection "model.student_dropout.int_student_demographics"
[0m22:22:27.491429 [debug] [Thread-3 (]: Using duckdb connection "model.student_dropout.int_economic_context"
[0m22:22:27.491595 [debug] [Thread-4 (]: On model.student_dropout.int_program_context: BEGIN
[0m22:22:27.491729 [debug] [Thread-2 (]: On model.student_dropout.int_student_demographics: BEGIN
[0m22:22:27.491857 [debug] [Thread-3 (]: On model.student_dropout.int_economic_context: BEGIN
[0m22:22:27.491972 [debug] [Thread-4 (]: Opening a new connection, currently in state init
[0m22:22:27.492087 [debug] [Thread-2 (]: Opening a new connection, currently in state closed
[0m22:22:27.492219 [debug] [Thread-3 (]: Opening a new connection, currently in state closed
[0m22:22:27.492574 [debug] [Thread-2 (]: SQL status: OK in 0.000 seconds
[0m22:22:27.492721 [debug] [Thread-4 (]: SQL status: OK in 0.001 seconds
[0m22:22:27.492848 [debug] [Thread-2 (]: Using duckdb connection "model.student_dropout.int_student_demographics"
[0m22:22:27.492975 [debug] [Thread-3 (]: SQL status: OK in 0.001 seconds
[0m22:22:27.493113 [debug] [Thread-4 (]: Using duckdb connection "model.student_dropout.int_program_context"
[0m22:22:27.493270 [debug] [Thread-2 (]: On model.student_dropout.int_student_demographics: /* {"app": "dbt", "dbt_version": "1.11.8", "profile_name": "student_dropout", "target_name": "dev", "node_id": "model.student_dropout.int_student_demographics"} */

  
  create view "student_dropout"."main_intermediate"."int_student_demographics__dbt_tmp" as (
    -- int_student_demographics.sql
-- Isolates student-level demographic and household attributes.
-- These describe the student, not the enrollment event.

with base as (
    select
        -- student identifier (row number as surrogate — no natural key in dataset)
        row_number() over () as student_key,
        nationality,
        gender,
        age_at_enrollment,
        is_international,
        is_displaced,
        has_special_needs,
        marital_status,
        mothers_qualification,
        fathers_qualification,
        mothers_occupation,
        fathers_occupation
    from "student_dropout"."main_staging"."stg_students"
)

select
    student_key,
    nationality,
    gender,
    case gender
        when 1 then 'Male'
        when 0 then 'Female'
        else 'Unknown'
    end as gender_label,
    age_at_enrollment,
    is_international,
    is_displaced,
    has_special_needs,
    marital_status,
    case marital_status
        when 1 then 'Single'
        when 2 then 'Married'
        when 3 then 'Widower'
        when 4 then 'Divorced'
        when 5 then 'Facto union'
        when 6 then 'Legally separated'
        else 'Unknown'
    end as marital_status_label,
    mothers_qualification,
    fathers_qualification,
    mothers_occupation,
    fathers_occupation
from base
  );

[0m22:22:27.493428 [debug] [Thread-3 (]: Using duckdb connection "model.student_dropout.int_economic_context"
[0m22:22:27.493578 [debug] [Thread-4 (]: On model.student_dropout.int_program_context: /* {"app": "dbt", "dbt_version": "1.11.8", "profile_name": "student_dropout", "target_name": "dev", "node_id": "model.student_dropout.int_program_context"} */

  
  create view "student_dropout"."main_intermediate"."int_program_context__dbt_tmp" as (
    -- int_program_context.sql
-- Extracts course/program attributes from the student-level flat file.
-- Course is a property of the program, not the individual student.

with base as (
    select distinct
        course_id,
        attendance_type,
        md5(
            cast(course_id as varchar) || '|' ||
            cast(attendance_type as varchar)
        ) as program_key
    from "student_dropout"."main_staging"."stg_students"
)

select
    program_key,
    course_id,
    attendance_type,
    case attendance_type
        when 1 then 'Daytime'
        when 0 then 'Evening'
        else 'Unknown'
    end as attendance_label,
    case course_id
        when 33    then 'Biofuel Production Technologies'
        when 171   then 'Animation and Multimedia Design'
        when 8014  then 'Social Service (evening)'
        when 9003  then 'Agronomy'
        when 9070  then 'Communication Design'
        when 9085  then 'Veterinary Nursing'
        when 9119  then 'Informatics Engineering'
        when 9130  then 'Equinculture'
        when 9147  then 'Management'
        when 9238  then 'Social Service'
        when 9254  then 'Tourism'
        when 9500  then 'Nursing'
        when 9556  then 'Oral Hygiene'
        when 9670  then 'Advertising and Marketing Management'
        when 9773  then 'Journalism and Communication'
        when 9853  then 'Basic Education'
        when 9991  then 'Management (evening)'
        else 'Other'
    end as course_name
from base
  );

[0m22:22:27.493832 [debug] [Thread-3 (]: On model.student_dropout.int_economic_context: /* {"app": "dbt", "dbt_version": "1.11.8", "profile_name": "student_dropout", "target_name": "dev", "node_id": "model.student_dropout.int_economic_context"} */

  
  create view "student_dropout"."main_intermediate"."int_economic_context__dbt_tmp" as (
    -- int_economic_context.sql
-- Extracts macroeconomic features into their own grain.
-- These are period-level attributes shared across students —
-- keeping them in the fact table would be semantically incorrect
-- and redundant across thousands of rows.

with base as (
    select distinct
        unemployment_rate,
        inflation_rate,
        gdp,
        -- surrogate key: md5 hash of combined macro indicators (DuckDB-native, no dbt_utils needed)
        md5(
            cast(unemployment_rate as varchar) || '|' ||
            cast(inflation_rate as varchar) || '|' ||
            cast(gdp as varchar)
        ) as economic_context_key
    from "student_dropout"."main_staging"."stg_students"
)

select
    economic_context_key,
    unemployment_rate,
    inflation_rate,
    gdp
from base
  );

[0m22:22:27.520419 [debug] [Thread-3 (]: SQL status: OK in 0.026 seconds
[0m22:22:27.521826 [debug] [Thread-3 (]: Using duckdb connection "model.student_dropout.int_economic_context"
[0m22:22:27.521972 [debug] [Thread-4 (]: SQL status: OK in 0.028 seconds
[0m22:22:27.522117 [debug] [Thread-2 (]: SQL status: OK in 0.028 seconds
[0m22:22:27.522247 [debug] [Thread-3 (]: On model.student_dropout.int_economic_context: /* {"app": "dbt", "dbt_version": "1.11.8", "profile_name": "student_dropout", "target_name": "dev", "node_id": "model.student_dropout.int_economic_context"} */
alter view "student_dropout"."main_intermediate"."int_economic_context__dbt_tmp" rename to "int_economic_context"
[0m22:22:27.523825 [debug] [Thread-4 (]: Using duckdb connection "model.student_dropout.int_program_context"
[0m22:22:27.524757 [debug] [Thread-2 (]: Using duckdb connection "model.student_dropout.int_student_demographics"
[0m22:22:27.524964 [debug] [Thread-4 (]: On model.student_dropout.int_program_context: /* {"app": "dbt", "dbt_version": "1.11.8", "profile_name": "student_dropout", "target_name": "dev", "node_id": "model.student_dropout.int_program_context"} */
alter view "student_dropout"."main_intermediate"."int_program_context__dbt_tmp" rename to "int_program_context"
[0m22:22:27.525109 [debug] [Thread-2 (]: On model.student_dropout.int_student_demographics: /* {"app": "dbt", "dbt_version": "1.11.8", "profile_name": "student_dropout", "target_name": "dev", "node_id": "model.student_dropout.int_student_demographics"} */
alter view "student_dropout"."main_intermediate"."int_student_demographics__dbt_tmp" rename to "int_student_demographics"
[0m22:22:27.525229 [debug] [Thread-3 (]: SQL status: OK in 0.000 seconds
[0m22:22:27.525821 [debug] [Thread-3 (]: On model.student_dropout.int_economic_context: COMMIT
[0m22:22:27.525942 [debug] [Thread-3 (]: Using duckdb connection "model.student_dropout.int_economic_context"
[0m22:22:27.526049 [debug] [Thread-3 (]: On model.student_dropout.int_economic_context: COMMIT
[0m22:22:27.526164 [debug] [Thread-4 (]: SQL status: OK in 0.001 seconds
[0m22:22:27.526347 [debug] [Thread-2 (]: SQL status: OK in 0.001 seconds
[0m22:22:27.526927 [debug] [Thread-4 (]: On model.student_dropout.int_program_context: COMMIT
[0m22:22:27.527081 [debug] [Thread-3 (]: SQL status: OK in 0.001 seconds
[0m22:22:27.527562 [debug] [Thread-2 (]: On model.student_dropout.int_student_demographics: COMMIT
[0m22:22:27.527697 [debug] [Thread-4 (]: Using duckdb connection "model.student_dropout.int_program_context"
[0m22:22:27.528569 [debug] [Thread-3 (]: Using duckdb connection "model.student_dropout.int_economic_context"
[0m22:22:27.528698 [debug] [Thread-2 (]: Using duckdb connection "model.student_dropout.int_student_demographics"
[0m22:22:27.528815 [debug] [Thread-4 (]: On model.student_dropout.int_program_context: COMMIT
[0m22:22:27.528941 [debug] [Thread-3 (]: On model.student_dropout.int_economic_context: /* {"app": "dbt", "dbt_version": "1.11.8", "profile_name": "student_dropout", "target_name": "dev", "node_id": "model.student_dropout.int_economic_context"} */

      drop view if exists "student_dropout"."main_intermediate"."int_economic_context__dbt_backup" cascade
    
[0m22:22:27.529066 [debug] [Thread-2 (]: On model.student_dropout.int_student_demographics: COMMIT
[0m22:22:27.529367 [debug] [Thread-3 (]: SQL status: OK in 0.000 seconds
[0m22:22:27.529496 [debug] [Thread-4 (]: SQL status: OK in 0.000 seconds
[0m22:22:27.529968 [debug] [Thread-3 (]: On model.student_dropout.int_economic_context: Close
[0m22:22:27.530080 [debug] [Thread-2 (]: SQL status: OK in 0.001 seconds
[0m22:22:27.530927 [debug] [Thread-4 (]: Using duckdb connection "model.student_dropout.int_program_context"
[0m22:22:27.531761 [debug] [Thread-2 (]: Using duckdb connection "model.student_dropout.int_student_demographics"
[0m22:22:27.531967 [debug] [Thread-3 (]: Sending event: {'category': 'dbt', 'action': 'run_model', 'label': 'ab35a6b5-1161-457d-9f33-d132ee26e33b', 'context': [<snowplow_tracker.self_describing_json.SelfDescribingJson object at 0x10bf8a2d0>]}
[0m22:22:27.532101 [debug] [Thread-4 (]: On model.student_dropout.int_program_context: /* {"app": "dbt", "dbt_version": "1.11.8", "profile_name": "student_dropout", "target_name": "dev", "node_id": "model.student_dropout.int_program_context"} */

      drop view if exists "student_dropout"."main_intermediate"."int_program_context__dbt_backup" cascade
    
[0m22:22:27.532227 [debug] [Thread-2 (]: On model.student_dropout.int_student_demographics: /* {"app": "dbt", "dbt_version": "1.11.8", "profile_name": "student_dropout", "target_name": "dev", "node_id": "model.student_dropout.int_student_demographics"} */

      drop view if exists "student_dropout"."main_intermediate"."int_student_demographics__dbt_backup" cascade
    
[0m22:22:27.532465 [info ] [Thread-3 (]: 2 of 5 OK created sql view model main_intermediate.int_economic_context ........ [[32mOK[0m in 0.05s]
[0m22:22:27.532778 [debug] [Thread-3 (]: Finished running node model.student_dropout.int_economic_context
[0m22:22:27.532950 [debug] [Thread-2 (]: SQL status: OK in 0.000 seconds
[0m22:22:27.533082 [debug] [Thread-4 (]: SQL status: OK in 0.001 seconds
[0m22:22:27.533517 [debug] [Thread-2 (]: On model.student_dropout.int_student_demographics: Close
[0m22:22:27.533919 [debug] [Thread-4 (]: On model.student_dropout.int_program_context: Close
[0m22:22:27.534100 [debug] [Thread-2 (]: Sending event: {'category': 'dbt', 'action': 'run_model', 'label': 'ab35a6b5-1161-457d-9f33-d132ee26e33b', 'context': [<snowplow_tracker.self_describing_json.SelfDescribingJson object at 0x10bf7d6d0>]}
[0m22:22:27.534280 [debug] [Thread-4 (]: Sending event: {'category': 'dbt', 'action': 'run_model', 'label': 'ab35a6b5-1161-457d-9f33-d132ee26e33b', 'context': [<snowplow_tracker.self_describing_json.SelfDescribingJson object at 0x10bf7e3c0>]}
[0m22:22:27.534468 [info ] [Thread-2 (]: 4 of 5 OK created sql view model main_intermediate.int_student_demographics .... [[32mOK[0m in 0.05s]
[0m22:22:27.534700 [info ] [Thread-4 (]: 3 of 5 OK created sql view model main_intermediate.int_program_context ......... [[32mOK[0m in 0.05s]
[0m22:22:27.534908 [debug] [Thread-2 (]: Finished running node model.student_dropout.int_student_demographics
[0m22:22:27.535081 [debug] [Thread-4 (]: Finished running node model.student_dropout.int_program_context
[0m22:22:27.535317 [debug] [Thread-1 (]: Began running node model.student_dropout.fct_enrollment_outcomes
[0m22:22:27.535510 [info ] [Thread-1 (]: 5 of 5 START sql table model main_marts.fct_enrollment_outcomes ................ [RUN]
[0m22:22:27.535741 [debug] [Thread-1 (]: Re-using an available connection from the pool (formerly model.student_dropout.stg_students, now model.student_dropout.fct_enrollment_outcomes)
[0m22:22:27.535878 [debug] [Thread-1 (]: Began compiling node model.student_dropout.fct_enrollment_outcomes
[0m22:22:27.537313 [debug] [Thread-1 (]: Writing injected SQL for node "model.student_dropout.fct_enrollment_outcomes"
[0m22:22:27.537719 [debug] [Thread-1 (]: Began executing node model.student_dropout.fct_enrollment_outcomes
[0m22:22:27.544607 [debug] [Thread-1 (]: Writing runtime sql for node "model.student_dropout.fct_enrollment_outcomes"
[0m22:22:27.544959 [debug] [Thread-1 (]: Using duckdb connection "model.student_dropout.fct_enrollment_outcomes"
[0m22:22:27.545073 [debug] [Thread-1 (]: On model.student_dropout.fct_enrollment_outcomes: BEGIN
[0m22:22:27.545183 [debug] [Thread-1 (]: Opening a new connection, currently in state closed
[0m22:22:27.545428 [debug] [Thread-1 (]: SQL status: OK in 0.000 seconds
[0m22:22:27.545546 [debug] [Thread-1 (]: Using duckdb connection "model.student_dropout.fct_enrollment_outcomes"
[0m22:22:27.545696 [debug] [Thread-1 (]: On model.student_dropout.fct_enrollment_outcomes: /* {"app": "dbt", "dbt_version": "1.11.8", "profile_name": "student_dropout", "target_name": "dev", "node_id": "model.student_dropout.fct_enrollment_outcomes"} */

  
    
    

    create  table
      "student_dropout"."main_marts"."fct_enrollment_outcomes__dbt_tmp"
  
    as (
      -- fct_enrollment_outcomes.sql
-- Fact table at student grain.
-- Holds academic performance metrics, foreign keys to dimensions, and the outcome target.

with students as (
    select
        row_number() over () as student_key,
        *
    from "student_dropout"."main_staging"."stg_students"
),

program_keys as (
    select * from "student_dropout"."main_intermediate"."int_program_context"
),

economic_keys as (
    select * from "student_dropout"."main_intermediate"."int_economic_context"
)

select
    -- keys
    s.student_key,
    p.program_key,
    e.economic_context_key,

    -- enrollment context
    s.application_mode,
    s.application_order,
    s.previous_qualification,
    s.previous_qualification_grade,
    s.admission_grade,

    -- financial
    s.is_scholarship_holder,
    s.tuition_fees_up_to_date,
    s.is_debtor,

    -- semester 1 performance
    s.sem1_units_credited,
    s.sem1_units_enrolled,
    s.sem1_evaluations,
    s.sem1_units_approved,
    s.sem1_grade,
    s.sem1_units_no_eval,

    -- semester 2 performance
    s.sem2_units_credited,
    s.sem2_units_enrolled,
    s.sem2_evaluations,
    s.sem2_units_approved,
    s.sem2_grade,
    s.sem2_units_no_eval,

    -- derived metrics (DuckDB-compatible, no safe_divide)
    case
        when s.sem1_units_enrolled = 0 then null
        else cast(s.sem1_units_approved as double) / s.sem1_units_enrolled
    end as sem1_approval_rate,
    case
        when s.sem2_units_enrolled = 0 then null
        else cast(s.sem2_units_approved as double) / s.sem2_units_enrolled
    end as sem2_approval_rate,

    -- target
    s.outcome

from students s
left join program_keys p
    on p.course_id = s.course_id
    and p.attendance_type = s.attendance_type
left join economic_keys e
    on e.unemployment_rate = s.unemployment_rate
    and e.inflation_rate = s.inflation_rate
    and e.gdp = s.gdp
    );
  
  
[0m22:22:27.629893 [debug] [Thread-1 (]: SQL status: OK in 0.084 seconds
[0m22:22:27.631136 [debug] [Thread-1 (]: Using duckdb connection "model.student_dropout.fct_enrollment_outcomes"
[0m22:22:27.631265 [debug] [Thread-1 (]: On model.student_dropout.fct_enrollment_outcomes: /* {"app": "dbt", "dbt_version": "1.11.8", "profile_name": "student_dropout", "target_name": "dev", "node_id": "model.student_dropout.fct_enrollment_outcomes"} */
alter table "student_dropout"."main_marts"."fct_enrollment_outcomes__dbt_tmp" rename to "fct_enrollment_outcomes"
[0m22:22:27.631509 [debug] [Thread-1 (]: SQL status: OK in 0.000 seconds
[0m22:22:27.633239 [debug] [Thread-1 (]: On model.student_dropout.fct_enrollment_outcomes: COMMIT
[0m22:22:27.633363 [debug] [Thread-1 (]: Using duckdb connection "model.student_dropout.fct_enrollment_outcomes"
[0m22:22:27.633463 [debug] [Thread-1 (]: On model.student_dropout.fct_enrollment_outcomes: COMMIT
[0m22:22:27.634653 [debug] [Thread-1 (]: SQL status: OK in 0.001 seconds
[0m22:22:27.635412 [debug] [Thread-1 (]: Using duckdb connection "model.student_dropout.fct_enrollment_outcomes"
[0m22:22:27.635523 [debug] [Thread-1 (]: On model.student_dropout.fct_enrollment_outcomes: /* {"app": "dbt", "dbt_version": "1.11.8", "profile_name": "student_dropout", "target_name": "dev", "node_id": "model.student_dropout.fct_enrollment_outcomes"} */

      drop table if exists "student_dropout"."main_marts"."fct_enrollment_outcomes__dbt_backup" cascade
    
[0m22:22:27.635726 [debug] [Thread-1 (]: SQL status: OK in 0.000 seconds
[0m22:22:27.636133 [debug] [Thread-1 (]: On model.student_dropout.fct_enrollment_outcomes: Close
[0m22:22:27.636320 [debug] [Thread-1 (]: Sending event: {'category': 'dbt', 'action': 'run_model', 'label': 'ab35a6b5-1161-457d-9f33-d132ee26e33b', 'context': [<snowplow_tracker.self_describing_json.SelfDescribingJson object at 0x10dd0bbc0>]}
[0m22:22:27.636523 [info ] [Thread-1 (]: 5 of 5 OK created sql table model main_marts.fct_enrollment_outcomes ........... [[32mOK[0m in 0.10s]
[0m22:22:27.636724 [debug] [Thread-1 (]: Finished running node model.student_dropout.fct_enrollment_outcomes
[0m22:22:27.637235 [debug] [MainThread]: Using duckdb connection "master"
[0m22:22:27.637365 [debug] [MainThread]: On master: BEGIN
[0m22:22:27.637464 [debug] [MainThread]: Opening a new connection, currently in state closed
[0m22:22:27.637645 [debug] [MainThread]: SQL status: OK in 0.000 seconds
[0m22:22:27.637746 [debug] [MainThread]: On master: COMMIT
[0m22:22:27.637835 [debug] [MainThread]: Using duckdb connection "master"
[0m22:22:27.637918 [debug] [MainThread]: On master: COMMIT
[0m22:22:27.638050 [debug] [MainThread]: SQL status: OK in 0.000 seconds
[0m22:22:27.638160 [debug] [MainThread]: On master: Close
[0m22:22:27.638287 [debug] [MainThread]: Connection 'master' was properly closed.
[0m22:22:27.638378 [debug] [MainThread]: Connection 'model.student_dropout.fct_enrollment_outcomes' was properly closed.
[0m22:22:27.638460 [debug] [MainThread]: Connection 'model.student_dropout.int_student_demographics' was properly closed.
[0m22:22:27.638536 [debug] [MainThread]: Connection 'model.student_dropout.int_economic_context' was properly closed.
[0m22:22:27.638615 [debug] [MainThread]: Connection 'model.student_dropout.int_program_context' was properly closed.
[0m22:22:27.638732 [info ] [MainThread]: 
[0m22:22:27.638859 [info ] [MainThread]: Finished running 1 table model, 4 view models in 0 hours 0 minutes and 0.27 seconds (0.27s).
[0m22:22:27.639216 [debug] [MainThread]: Command end result
[0m22:22:27.650508 [debug] [MainThread]: Wrote artifact WritableManifest to /Users/ogdata-mpb16/Documents/DataScienceProjects/student-dropout-retention-predictor/dbt/target/manifest.json
[0m22:22:27.651164 [debug] [MainThread]: Wrote artifact SemanticManifest to /Users/ogdata-mpb16/Documents/DataScienceProjects/student-dropout-retention-predictor/dbt/target/semantic_manifest.json
[0m22:22:27.653251 [debug] [MainThread]: Wrote artifact RunExecutionResult to /Users/ogdata-mpb16/Documents/DataScienceProjects/student-dropout-retention-predictor/dbt/target/run_results.json
[0m22:22:27.653378 [info ] [MainThread]: 
[0m22:22:27.653508 [info ] [MainThread]: [32mCompleted successfully[0m
[0m22:22:27.653617 [info ] [MainThread]: 
[0m22:22:27.653731 [info ] [MainThread]: Done. PASS=5 WARN=0 ERROR=0 SKIP=0 NO-OP=0 TOTAL=5
[0m22:22:27.653937 [warn ] [MainThread]: [[33mWARNING[0m][DeprecationsSummary]: Deprecated functionality
Summary of encountered deprecations:
- MissingArgumentsPropertyInGenericTestDeprecation: 1 occurrence
To see all deprecation instances instead of just the first occurrence of each,
run command again with the `--show-all-deprecations` flag. You may also need to
run with `--no-partial-parse` as some deprecations are only encountered during
parsing.
[0m22:22:27.655146 [debug] [MainThread]: Resource report: {"command_name": "run", "command_success": true, "command_wall_clock_time": 0.6971553, "process_in_blocks": "0", "process_kernel_time": 0.148804, "process_mem_max_rss": "193429504", "process_out_blocks": "0", "process_user_time": 1.172681}
[0m22:22:27.655328 [debug] [MainThread]: Command `dbt run` succeeded at 22:22:27.655294 after 0.70 seconds
[0m22:22:27.655470 [debug] [MainThread]: Sending event: {'category': 'dbt', 'action': 'invocation', 'label': 'end', 'context': [<snowplow_tracker.self_describing_json.SelfDescribingJson object at 0x10a31d400>, <snowplow_tracker.self_describing_json.SelfDescribingJson object at 0x10a250320>, <snowplow_tracker.self_describing_json.SelfDescribingJson object at 0x10bff4b00>]}
[0m22:22:27.655606 [debug] [MainThread]: Flushing usage events
[0m22:22:28.039210 [debug] [MainThread]: An error was encountered while trying to flush usage events
[0m22:24:11.973657 [debug] [MainThread]: Sending event: {'category': 'dbt', 'action': 'invocation', 'label': 'start', 'context': [<snowplow_tracker.self_describing_json.SelfDescribingJson object at 0x10845e3c0>, <snowplow_tracker.self_describing_json.SelfDescribingJson object at 0x109f21490>, <snowplow_tracker.self_describing_json.SelfDescribingJson object at 0x109f211f0>]}


============================== 22:24:11.975195 | 324987be-0e68-4203-8371-28218335657f ==============================
[0m22:24:11.975195 [info ] [MainThread]: Running with dbt=1.11.8
[0m22:24:11.975446 [debug] [MainThread]: running dbt with arguments {'warn_error_options': 'WarnErrorOptionsV2(error=[], warn=[], silence=[])', 'fail_fast': 'False', 'debug': 'False', 'target_path': 'None', 'send_anonymous_usage_stats': 'True', 'partial_parse': 'True', 'indirect_selection': 'eager', 'invocation_command': 'dbt test', 'use_experimental_parser': 'False', 'version_check': 'True', 'introspect': 'True', 'quiet': 'False', 'profiles_dir': '/Users/ogdata-mpb16/Documents/DataScienceProjects/student-dropout-retention-predictor/dbt', 'warn_error': 'None', 'use_colors': 'True', 'empty': 'None', 'log_path': '/Users/ogdata-mpb16/Documents/DataScienceProjects/student-dropout-retention-predictor/dbt/logs', 'printer_width': '80', 'cache_selected_only': 'False', 'log_cache_events': 'False', 'no_print': 'None', 'static_parser': 'True', 'log_format': 'default', 'write_json': 'True'}
[0m22:24:12.049409 [debug] [MainThread]: Sending event: {'category': 'dbt', 'action': 'project_id', 'label': '324987be-0e68-4203-8371-28218335657f', 'context': [<snowplow_tracker.self_describing_json.SelfDescribingJson object at 0x109ff67b0>]}
[0m22:24:12.069048 [debug] [MainThread]: Sending event: {'category': 'dbt', 'action': 'adapter_info', 'label': '324987be-0e68-4203-8371-28218335657f', 'context': [<snowplow_tracker.self_describing_json.SelfDescribingJson object at 0x1082ff500>]}
[0m22:24:12.069775 [info ] [MainThread]: Registered adapter: duckdb=1.10.1
[0m22:24:12.112597 [debug] [MainThread]: checksum: 7d524ac048c2100769df89d592e662e060a73ca564e31bd9c2a37efdfe8d8ab6, vars: {}, profile: , target: , version: 1.11.8
[0m22:24:12.155626 [debug] [MainThread]: Partial parsing enabled: 0 files deleted, 0 files added, 1 files changed.
[0m22:24:12.156049 [debug] [MainThread]: Partial parsing: updated file: student_dropout://models/schema.yml
[0m22:24:12.319081 [debug] [MainThread]: Sending event: {'category': 'dbt', 'action': 'load_project', 'label': '324987be-0e68-4203-8371-28218335657f', 'context': [<snowplow_tracker.self_describing_json.SelfDescribingJson object at 0x10b83bef0>]}
[0m22:24:12.351336 [debug] [MainThread]: Wrote artifact WritableManifest to /Users/ogdata-mpb16/Documents/DataScienceProjects/student-dropout-retention-predictor/dbt/target/manifest.json
[0m22:24:12.352118 [debug] [MainThread]: Wrote artifact SemanticManifest to /Users/ogdata-mpb16/Documents/DataScienceProjects/student-dropout-retention-predictor/dbt/target/semantic_manifest.json
[0m22:24:12.359107 [debug] [MainThread]: Sending event: {'category': 'dbt', 'action': 'resource_counts', 'label': '324987be-0e68-4203-8371-28218335657f', 'context': [<snowplow_tracker.self_describing_json.SelfDescribingJson object at 0x10b719d00>]}
[0m22:24:12.359303 [info ] [MainThread]: Found 5 models, 12 data tests, 1 source, 475 macros
[0m22:24:12.359441 [debug] [MainThread]: Sending event: {'category': 'dbt', 'action': 'runnable_timing', 'label': '324987be-0e68-4203-8371-28218335657f', 'context': [<snowplow_tracker.self_describing_json.SelfDescribingJson object at 0x10b2fb530>]}
[0m22:24:12.360212 [info ] [MainThread]: 
[0m22:24:12.360346 [info ] [MainThread]: Concurrency: 4 threads (target='dev')
[0m22:24:12.360449 [info ] [MainThread]: 
[0m22:24:12.360627 [debug] [MainThread]: Acquiring new duckdb connection 'master'
[0m22:24:12.362264 [debug] [ThreadPool]: Acquiring new duckdb connection 'list_student_dropout_main_intermediate'
[0m22:24:12.366011 [debug] [ThreadPool]: Acquiring new duckdb connection 'list_student_dropout_main_staging'
[0m22:24:12.366897 [debug] [ThreadPool]: Acquiring new duckdb connection 'list_student_dropout_main_marts'
[0m22:24:12.381158 [debug] [ThreadPool]: Using duckdb connection "list_student_dropout_main_intermediate"
[0m22:24:12.381343 [debug] [ThreadPool]: Using duckdb connection "list_student_dropout_main_staging"
[0m22:24:12.381456 [debug] [ThreadPool]: Using duckdb connection "list_student_dropout_main_marts"
[0m22:24:12.381552 [debug] [ThreadPool]: On list_student_dropout_main_intermediate: BEGIN
[0m22:24:12.381657 [debug] [ThreadPool]: On list_student_dropout_main_staging: BEGIN
[0m22:24:12.381750 [debug] [ThreadPool]: On list_student_dropout_main_marts: BEGIN
[0m22:24:12.381843 [debug] [ThreadPool]: Opening a new connection, currently in state init
[0m22:24:12.381933 [debug] [ThreadPool]: Opening a new connection, currently in state init
[0m22:24:12.382017 [debug] [ThreadPool]: Opening a new connection, currently in state init
[0m22:24:12.387470 [debug] [ThreadPool]: SQL status: OK in 0.006 seconds
[0m22:24:12.387617 [debug] [ThreadPool]: Using duckdb connection "list_student_dropout_main_intermediate"
[0m22:24:12.387727 [debug] [ThreadPool]: On list_student_dropout_main_intermediate: /* {"app": "dbt", "dbt_version": "1.11.8", "profile_name": "student_dropout", "target_name": "dev", "connection_name": "list_student_dropout_main_intermediate"} */
select
      'student_dropout' as database,
      table_name as name,
      table_schema as schema,
      CASE table_type
        WHEN 'BASE TABLE' THEN 'table'
        WHEN 'VIEW' THEN 'view'
        WHEN 'LOCAL TEMPORARY' THEN 'table'
        END as type
    from system.information_schema.tables
    where lower(table_schema) = 'main_intermediate'
    and lower(table_catalog) = 'student_dropout'
  
[0m22:24:12.387842 [debug] [ThreadPool]: SQL status: OK in 0.006 seconds
[0m22:24:12.388043 [debug] [ThreadPool]: SQL status: OK in 0.006 seconds
[0m22:24:12.388163 [debug] [ThreadPool]: Using duckdb connection "list_student_dropout_main_marts"
[0m22:24:12.388265 [debug] [ThreadPool]: Using duckdb connection "list_student_dropout_main_staging"
[0m22:24:12.388377 [debug] [ThreadPool]: On list_student_dropout_main_marts: /* {"app": "dbt", "dbt_version": "1.11.8", "profile_name": "student_dropout", "target_name": "dev", "connection_name": "list_student_dropout_main_marts"} */
select
      'student_dropout' as database,
      table_name as name,
      table_schema as schema,
      CASE table_type
        WHEN 'BASE TABLE' THEN 'table'
        WHEN 'VIEW' THEN 'view'
        WHEN 'LOCAL TEMPORARY' THEN 'table'
        END as type
    from system.information_schema.tables
    where lower(table_schema) = 'main_marts'
    and lower(table_catalog) = 'student_dropout'
  
[0m22:24:12.388489 [debug] [ThreadPool]: On list_student_dropout_main_staging: /* {"app": "dbt", "dbt_version": "1.11.8", "profile_name": "student_dropout", "target_name": "dev", "connection_name": "list_student_dropout_main_staging"} */
select
      'student_dropout' as database,
      table_name as name,
      table_schema as schema,
      CASE table_type
        WHEN 'BASE TABLE' THEN 'table'
        WHEN 'VIEW' THEN 'view'
        WHEN 'LOCAL TEMPORARY' THEN 'table'
        END as type
    from system.information_schema.tables
    where lower(table_schema) = 'main_staging'
    and lower(table_catalog) = 'student_dropout'
  
[0m22:24:12.389556 [debug] [ThreadPool]: SQL status: OK in 0.001 seconds
[0m22:24:12.389713 [debug] [ThreadPool]: SQL status: OK in 0.001 seconds
[0m22:24:12.390113 [debug] [ThreadPool]: SQL status: OK in 0.002 seconds
[0m22:24:12.390604 [debug] [ThreadPool]: On list_student_dropout_main_staging: ROLLBACK
[0m22:24:12.391009 [debug] [ThreadPool]: On list_student_dropout_main_marts: ROLLBACK
[0m22:24:12.391398 [debug] [ThreadPool]: On list_student_dropout_main_intermediate: ROLLBACK
[0m22:24:12.391953 [debug] [ThreadPool]: Failed to rollback 'list_student_dropout_main_staging'
[0m22:24:12.392114 [debug] [ThreadPool]: On list_student_dropout_main_staging: Close
[0m22:24:12.392445 [debug] [ThreadPool]: Failed to rollback 'list_student_dropout_main_intermediate'
[0m22:24:12.392751 [debug] [ThreadPool]: Failed to rollback 'list_student_dropout_main_marts'
[0m22:24:12.392869 [debug] [ThreadPool]: On list_student_dropout_main_intermediate: Close
[0m22:24:12.393136 [debug] [ThreadPool]: On list_student_dropout_main_marts: Close
[0m22:24:12.393652 [debug] [MainThread]: Sending event: {'category': 'dbt', 'action': 'runnable_timing', 'label': '324987be-0e68-4203-8371-28218335657f', 'context': [<snowplow_tracker.self_describing_json.SelfDescribingJson object at 0x10b23a150>]}
[0m22:24:12.393812 [debug] [MainThread]: Using duckdb connection "master"
[0m22:24:12.393900 [debug] [MainThread]: On master: BEGIN
[0m22:24:12.393984 [debug] [MainThread]: Opening a new connection, currently in state init
[0m22:24:12.394166 [debug] [MainThread]: SQL status: OK in 0.000 seconds
[0m22:24:12.394257 [debug] [MainThread]: On master: COMMIT
[0m22:24:12.394344 [debug] [MainThread]: Using duckdb connection "master"
[0m22:24:12.394423 [debug] [MainThread]: On master: COMMIT
[0m22:24:12.394559 [debug] [MainThread]: SQL status: OK in 0.000 seconds
[0m22:24:12.394650 [debug] [MainThread]: On master: Close
[0m22:24:12.395477 [debug] [Thread-1 (]: Began running node test.student_dropout.accepted_values_fct_enrollment_outcomes_outcome__Dropout__Enrolled__Graduate.6f5acbe8d3
[0m22:24:12.395615 [debug] [Thread-2 (]: Began running node test.student_dropout.accepted_values_stg_students_outcome__Dropout__Enrolled__Graduate.b6987725e8
[0m22:24:12.395853 [debug] [Thread-3 (]: Began running node test.student_dropout.not_null_fct_enrollment_outcomes_outcome.5dc63d9a92
[0m22:24:12.396101 [debug] [Thread-4 (]: Began running node test.student_dropout.not_null_fct_enrollment_outcomes_student_key.dcd4a8c056
[0m22:24:12.395741 [info ] [Thread-1 (]: 1 of 12 START test accepted_values_fct_enrollment_outcomes_outcome__Dropout__Enrolled__Graduate  [RUN]
[0m22:24:12.396258 [info ] [Thread-2 (]: 2 of 12 START test accepted_values_stg_students_outcome__Dropout__Enrolled__Graduate  [RUN]
[0m22:24:12.396394 [info ] [Thread-3 (]: 3 of 12 START test not_null_fct_enrollment_outcomes_outcome .................... [RUN]
[0m22:24:12.396529 [info ] [Thread-4 (]: 4 of 12 START test not_null_fct_enrollment_outcomes_student_key ................ [RUN]
[0m22:24:12.396706 [debug] [Thread-1 (]: Re-using an available connection from the pool (formerly list_student_dropout_main_intermediate, now test.student_dropout.accepted_values_fct_enrollment_outcomes_outcome__Dropout__Enrolled__Graduate.6f5acbe8d3)
[0m22:24:12.396851 [debug] [Thread-2 (]: Re-using an available connection from the pool (formerly list_student_dropout_main_staging, now test.student_dropout.accepted_values_stg_students_outcome__Dropout__Enrolled__Graduate.b6987725e8)
[0m22:24:12.396984 [debug] [Thread-3 (]: Re-using an available connection from the pool (formerly list_student_dropout_main_marts, now test.student_dropout.not_null_fct_enrollment_outcomes_outcome.5dc63d9a92)
[0m22:24:12.397131 [debug] [Thread-4 (]: Acquiring new duckdb connection 'test.student_dropout.not_null_fct_enrollment_outcomes_student_key.dcd4a8c056'
[0m22:24:12.397250 [debug] [Thread-1 (]: Began compiling node test.student_dropout.accepted_values_fct_enrollment_outcomes_outcome__Dropout__Enrolled__Graduate.6f5acbe8d3
[0m22:24:12.397362 [debug] [Thread-2 (]: Began compiling node test.student_dropout.accepted_values_stg_students_outcome__Dropout__Enrolled__Graduate.b6987725e8
[0m22:24:12.397469 [debug] [Thread-3 (]: Began compiling node test.student_dropout.not_null_fct_enrollment_outcomes_outcome.5dc63d9a92
[0m22:24:12.397574 [debug] [Thread-4 (]: Began compiling node test.student_dropout.not_null_fct_enrollment_outcomes_student_key.dcd4a8c056
[0m22:24:12.400643 [debug] [Thread-1 (]: Writing injected SQL for node "test.student_dropout.accepted_values_fct_enrollment_outcomes_outcome__Dropout__Enrolled__Graduate.6f5acbe8d3"
[0m22:24:12.402638 [debug] [Thread-2 (]: Writing injected SQL for node "test.student_dropout.accepted_values_stg_students_outcome__Dropout__Enrolled__Graduate.b6987725e8"
[0m22:24:12.405390 [debug] [Thread-3 (]: Writing injected SQL for node "test.student_dropout.not_null_fct_enrollment_outcomes_outcome.5dc63d9a92"
[0m22:24:12.406730 [debug] [Thread-4 (]: Writing injected SQL for node "test.student_dropout.not_null_fct_enrollment_outcomes_student_key.dcd4a8c056"
[0m22:24:12.407210 [debug] [Thread-4 (]: Began executing node test.student_dropout.not_null_fct_enrollment_outcomes_student_key.dcd4a8c056
[0m22:24:12.407386 [debug] [Thread-1 (]: Began executing node test.student_dropout.accepted_values_fct_enrollment_outcomes_outcome__Dropout__Enrolled__Graduate.6f5acbe8d3
[0m22:24:12.407562 [debug] [Thread-2 (]: Began executing node test.student_dropout.accepted_values_stg_students_outcome__Dropout__Enrolled__Graduate.b6987725e8
[0m22:24:12.407700 [debug] [Thread-3 (]: Began executing node test.student_dropout.not_null_fct_enrollment_outcomes_outcome.5dc63d9a92
[0m22:24:12.413866 [debug] [Thread-4 (]: Writing runtime sql for node "test.student_dropout.not_null_fct_enrollment_outcomes_student_key.dcd4a8c056"
[0m22:24:12.414765 [debug] [Thread-1 (]: Writing runtime sql for node "test.student_dropout.accepted_values_fct_enrollment_outcomes_outcome__Dropout__Enrolled__Graduate.6f5acbe8d3"
[0m22:24:12.415654 [debug] [Thread-2 (]: Writing runtime sql for node "test.student_dropout.accepted_values_stg_students_outcome__Dropout__Enrolled__Graduate.b6987725e8"
[0m22:24:12.416522 [debug] [Thread-3 (]: Writing runtime sql for node "test.student_dropout.not_null_fct_enrollment_outcomes_outcome.5dc63d9a92"
[0m22:24:12.416929 [debug] [Thread-2 (]: Using duckdb connection "test.student_dropout.accepted_values_stg_students_outcome__Dropout__Enrolled__Graduate.b6987725e8"
[0m22:24:12.417095 [debug] [Thread-1 (]: Using duckdb connection "test.student_dropout.accepted_values_fct_enrollment_outcomes_outcome__Dropout__Enrolled__Graduate.6f5acbe8d3"
[0m22:24:12.417263 [debug] [Thread-4 (]: Using duckdb connection "test.student_dropout.not_null_fct_enrollment_outcomes_student_key.dcd4a8c056"
[0m22:24:12.417403 [debug] [Thread-2 (]: On test.student_dropout.accepted_values_stg_students_outcome__Dropout__Enrolled__Graduate.b6987725e8: BEGIN
[0m22:24:12.417535 [debug] [Thread-1 (]: On test.student_dropout.accepted_values_fct_enrollment_outcomes_outcome__Dropout__Enrolled__Graduate.6f5acbe8d3: BEGIN
[0m22:24:12.417674 [debug] [Thread-3 (]: Using duckdb connection "test.student_dropout.not_null_fct_enrollment_outcomes_outcome.5dc63d9a92"
[0m22:24:12.417792 [debug] [Thread-4 (]: On test.student_dropout.not_null_fct_enrollment_outcomes_student_key.dcd4a8c056: BEGIN
[0m22:24:12.417917 [debug] [Thread-2 (]: Opening a new connection, currently in state closed
[0m22:24:12.418044 [debug] [Thread-1 (]: Opening a new connection, currently in state closed
[0m22:24:12.418169 [debug] [Thread-3 (]: On test.student_dropout.not_null_fct_enrollment_outcomes_outcome.5dc63d9a92: BEGIN
[0m22:24:12.418287 [debug] [Thread-4 (]: Opening a new connection, currently in state init
[0m22:24:12.418556 [debug] [Thread-3 (]: Opening a new connection, currently in state closed
[0m22:24:12.418740 [debug] [Thread-1 (]: SQL status: OK in 0.001 seconds
[0m22:24:12.418863 [debug] [Thread-2 (]: SQL status: OK in 0.001 seconds
[0m22:24:12.419097 [debug] [Thread-1 (]: Using duckdb connection "test.student_dropout.accepted_values_fct_enrollment_outcomes_outcome__Dropout__Enrolled__Graduate.6f5acbe8d3"
[0m22:24:12.419273 [debug] [Thread-2 (]: Using duckdb connection "test.student_dropout.accepted_values_stg_students_outcome__Dropout__Enrolled__Graduate.b6987725e8"
[0m22:24:12.419399 [debug] [Thread-4 (]: SQL status: OK in 0.001 seconds
[0m22:24:12.419540 [debug] [Thread-1 (]: On test.student_dropout.accepted_values_fct_enrollment_outcomes_outcome__Dropout__Enrolled__Graduate.6f5acbe8d3: /* {"app": "dbt", "dbt_version": "1.11.8", "profile_name": "student_dropout", "target_name": "dev", "node_id": "test.student_dropout.accepted_values_fct_enrollment_outcomes_outcome__Dropout__Enrolled__Graduate.6f5acbe8d3"} */

    
    select
      count(*) as failures,
      count(*) != 0 as should_warn,
      count(*) != 0 as should_error
    from (
      
    
  
    
    

with all_values as (

    select
        outcome as value_field,
        count(*) as n_records

    from "student_dropout"."main_marts"."fct_enrollment_outcomes"
    group by outcome

)

select *
from all_values
where value_field not in (
    'Dropout','Enrolled','Graduate'
)



  
  
      
    ) dbt_internal_test
[0m22:24:12.419692 [debug] [Thread-2 (]: On test.student_dropout.accepted_values_stg_students_outcome__Dropout__Enrolled__Graduate.b6987725e8: /* {"app": "dbt", "dbt_version": "1.11.8", "profile_name": "student_dropout", "target_name": "dev", "node_id": "test.student_dropout.accepted_values_stg_students_outcome__Dropout__Enrolled__Graduate.b6987725e8"} */

    
    select
      count(*) as failures,
      count(*) != 0 as should_warn,
      count(*) != 0 as should_error
    from (
      
    
  
    
    

with all_values as (

    select
        outcome as value_field,
        count(*) as n_records

    from "student_dropout"."main_staging"."stg_students"
    group by outcome

)

select *
from all_values
where value_field not in (
    'Dropout','Enrolled','Graduate'
)



  
  
      
    ) dbt_internal_test
[0m22:24:12.419837 [debug] [Thread-3 (]: SQL status: OK in 0.001 seconds
[0m22:24:12.419985 [debug] [Thread-4 (]: Using duckdb connection "test.student_dropout.not_null_fct_enrollment_outcomes_student_key.dcd4a8c056"
[0m22:24:12.420231 [debug] [Thread-3 (]: Using duckdb connection "test.student_dropout.not_null_fct_enrollment_outcomes_outcome.5dc63d9a92"
[0m22:24:12.420380 [debug] [Thread-4 (]: On test.student_dropout.not_null_fct_enrollment_outcomes_student_key.dcd4a8c056: /* {"app": "dbt", "dbt_version": "1.11.8", "profile_name": "student_dropout", "target_name": "dev", "node_id": "test.student_dropout.not_null_fct_enrollment_outcomes_student_key.dcd4a8c056"} */

    
    select
      count(*) as failures,
      count(*) != 0 as should_warn,
      count(*) != 0 as should_error
    from (
      
    
  
    
    



select student_key
from "student_dropout"."main_marts"."fct_enrollment_outcomes"
where student_key is null



  
  
      
    ) dbt_internal_test
[0m22:24:12.420546 [debug] [Thread-3 (]: On test.student_dropout.not_null_fct_enrollment_outcomes_outcome.5dc63d9a92: /* {"app": "dbt", "dbt_version": "1.11.8", "profile_name": "student_dropout", "target_name": "dev", "node_id": "test.student_dropout.not_null_fct_enrollment_outcomes_outcome.5dc63d9a92"} */

    
    select
      count(*) as failures,
      count(*) != 0 as should_warn,
      count(*) != 0 as should_error
    from (
      
    
  
    
    



select outcome
from "student_dropout"."main_marts"."fct_enrollment_outcomes"
where outcome is null



  
  
      
    ) dbt_internal_test
[0m22:24:12.420861 [debug] [Thread-1 (]: SQL status: OK in 0.001 seconds
[0m22:24:12.421083 [debug] [Thread-3 (]: SQL status: OK in 0.000 seconds
[0m22:24:12.422887 [debug] [Thread-3 (]: On test.student_dropout.not_null_fct_enrollment_outcomes_outcome.5dc63d9a92: ROLLBACK
[0m22:24:12.423475 [debug] [Thread-1 (]: On test.student_dropout.accepted_values_fct_enrollment_outcomes_outcome__Dropout__Enrolled__Graduate.6f5acbe8d3: ROLLBACK
[0m22:24:12.423643 [debug] [Thread-4 (]: SQL status: OK in 0.003 seconds
[0m22:24:12.424003 [debug] [Thread-3 (]: Failed to rollback 'test.student_dropout.not_null_fct_enrollment_outcomes_outcome.5dc63d9a92'
[0m22:24:12.424354 [debug] [Thread-1 (]: Failed to rollback 'test.student_dropout.accepted_values_fct_enrollment_outcomes_outcome__Dropout__Enrolled__Graduate.6f5acbe8d3'
[0m22:24:12.424514 [debug] [Thread-3 (]: On test.student_dropout.not_null_fct_enrollment_outcomes_outcome.5dc63d9a92: Close
[0m22:24:12.424983 [debug] [Thread-4 (]: On test.student_dropout.not_null_fct_enrollment_outcomes_student_key.dcd4a8c056: ROLLBACK
[0m22:24:12.425124 [debug] [Thread-1 (]: On test.student_dropout.accepted_values_fct_enrollment_outcomes_outcome__Dropout__Enrolled__Graduate.6f5acbe8d3: Close
[0m22:24:12.425689 [debug] [Thread-4 (]: Failed to rollback 'test.student_dropout.not_null_fct_enrollment_outcomes_student_key.dcd4a8c056'
[0m22:24:12.425376 [info ] [Thread-3 (]: 3 of 12 PASS not_null_fct_enrollment_outcomes_outcome .......................... [[32mPASS[0m in 0.03s]
[0m22:24:12.426043 [debug] [Thread-4 (]: On test.student_dropout.not_null_fct_enrollment_outcomes_student_key.dcd4a8c056: Close
[0m22:24:12.425893 [info ] [Thread-1 (]: 1 of 12 PASS accepted_values_fct_enrollment_outcomes_outcome__Dropout__Enrolled__Graduate  [[32mPASS[0m in 0.03s]
[0m22:24:12.426295 [debug] [Thread-3 (]: Finished running node test.student_dropout.not_null_fct_enrollment_outcomes_outcome.5dc63d9a92
[0m22:24:12.426666 [debug] [Thread-1 (]: Finished running node test.student_dropout.accepted_values_fct_enrollment_outcomes_outcome__Dropout__Enrolled__Graduate.6f5acbe8d3
[0m22:24:12.426496 [info ] [Thread-4 (]: 4 of 12 PASS not_null_fct_enrollment_outcomes_student_key ...................... [[32mPASS[0m in 0.03s]
[0m22:24:12.426855 [debug] [Thread-3 (]: Began running node test.student_dropout.not_null_int_economic_context_economic_context_key.a874d0de9a
[0m22:24:12.427025 [debug] [Thread-1 (]: Began running node test.student_dropout.not_null_int_program_context_program_key.fd59564871
[0m22:24:12.427216 [debug] [Thread-4 (]: Finished running node test.student_dropout.not_null_fct_enrollment_outcomes_student_key.dcd4a8c056
[0m22:24:12.427355 [info ] [Thread-3 (]: 5 of 12 START test not_null_int_economic_context_economic_context_key .......... [RUN]
[0m22:24:12.427510 [info ] [Thread-1 (]: 6 of 12 START test not_null_int_program_context_program_key .................... [RUN]
[0m22:24:12.427664 [debug] [Thread-4 (]: Began running node test.student_dropout.not_null_int_student_demographics_student_key.2d69200948
[0m22:24:12.427825 [debug] [Thread-3 (]: Re-using an available connection from the pool (formerly test.student_dropout.not_null_fct_enrollment_outcomes_outcome.5dc63d9a92, now test.student_dropout.not_null_int_economic_context_economic_context_key.a874d0de9a)
[0m22:24:12.427972 [debug] [Thread-1 (]: Re-using an available connection from the pool (formerly test.student_dropout.accepted_values_fct_enrollment_outcomes_outcome__Dropout__Enrolled__Graduate.6f5acbe8d3, now test.student_dropout.not_null_int_program_context_program_key.fd59564871)
[0m22:24:12.428107 [info ] [Thread-4 (]: 7 of 12 START test not_null_int_student_demographics_student_key ............... [RUN]
[0m22:24:12.428250 [debug] [Thread-3 (]: Began compiling node test.student_dropout.not_null_int_economic_context_economic_context_key.a874d0de9a
[0m22:24:12.428372 [debug] [Thread-1 (]: Began compiling node test.student_dropout.not_null_int_program_context_program_key.fd59564871
[0m22:24:12.428510 [debug] [Thread-4 (]: Re-using an available connection from the pool (formerly test.student_dropout.not_null_fct_enrollment_outcomes_student_key.dcd4a8c056, now test.student_dropout.not_null_int_student_demographics_student_key.2d69200948)
[0m22:24:12.430086 [debug] [Thread-3 (]: Writing injected SQL for node "test.student_dropout.not_null_int_economic_context_economic_context_key.a874d0de9a"
[0m22:24:12.431650 [debug] [Thread-1 (]: Writing injected SQL for node "test.student_dropout.not_null_int_program_context_program_key.fd59564871"
[0m22:24:12.431799 [debug] [Thread-4 (]: Began compiling node test.student_dropout.not_null_int_student_demographics_student_key.2d69200948
[0m22:24:12.433268 [debug] [Thread-4 (]: Writing injected SQL for node "test.student_dropout.not_null_int_student_demographics_student_key.2d69200948"
[0m22:24:12.433511 [debug] [Thread-3 (]: Began executing node test.student_dropout.not_null_int_economic_context_economic_context_key.a874d0de9a
[0m22:24:12.435318 [debug] [Thread-3 (]: Writing runtime sql for node "test.student_dropout.not_null_int_economic_context_economic_context_key.a874d0de9a"
[0m22:24:12.435491 [debug] [Thread-1 (]: Began executing node test.student_dropout.not_null_int_program_context_program_key.fd59564871
[0m22:24:12.436428 [debug] [Thread-1 (]: Writing runtime sql for node "test.student_dropout.not_null_int_program_context_program_key.fd59564871"
[0m22:24:12.436567 [debug] [Thread-4 (]: Began executing node test.student_dropout.not_null_int_student_demographics_student_key.2d69200948
[0m22:24:12.437533 [debug] [Thread-4 (]: Writing runtime sql for node "test.student_dropout.not_null_int_student_demographics_student_key.2d69200948"
[0m22:24:12.437761 [debug] [Thread-1 (]: Using duckdb connection "test.student_dropout.not_null_int_program_context_program_key.fd59564871"
[0m22:24:12.437893 [debug] [Thread-1 (]: On test.student_dropout.not_null_int_program_context_program_key.fd59564871: BEGIN
[0m22:24:12.438039 [debug] [Thread-3 (]: Using duckdb connection "test.student_dropout.not_null_int_economic_context_economic_context_key.a874d0de9a"
[0m22:24:12.438167 [debug] [Thread-1 (]: Opening a new connection, currently in state closed
[0m22:24:12.438296 [debug] [Thread-3 (]: On test.student_dropout.not_null_int_economic_context_economic_context_key.a874d0de9a: BEGIN
[0m22:24:12.438516 [debug] [Thread-4 (]: Using duckdb connection "test.student_dropout.not_null_int_student_demographics_student_key.2d69200948"
[0m22:24:12.438641 [debug] [Thread-3 (]: Opening a new connection, currently in state closed
[0m22:24:12.438764 [debug] [Thread-4 (]: On test.student_dropout.not_null_int_student_demographics_student_key.2d69200948: BEGIN
[0m22:24:12.438932 [debug] [Thread-1 (]: SQL status: OK in 0.001 seconds
[0m22:24:12.439056 [debug] [Thread-4 (]: Opening a new connection, currently in state closed
[0m22:24:12.439177 [debug] [Thread-3 (]: SQL status: OK in 0.001 seconds
[0m22:24:12.439297 [debug] [Thread-1 (]: Using duckdb connection "test.student_dropout.not_null_int_program_context_program_key.fd59564871"
[0m22:24:12.439465 [debug] [Thread-3 (]: Using duckdb connection "test.student_dropout.not_null_int_economic_context_economic_context_key.a874d0de9a"
[0m22:24:12.439599 [debug] [Thread-1 (]: On test.student_dropout.not_null_int_program_context_program_key.fd59564871: /* {"app": "dbt", "dbt_version": "1.11.8", "profile_name": "student_dropout", "target_name": "dev", "node_id": "test.student_dropout.not_null_int_program_context_program_key.fd59564871"} */

    
    select
      count(*) as failures,
      count(*) != 0 as should_warn,
      count(*) != 0 as should_error
    from (
      
    
  
    
    



select program_key
from "student_dropout"."main_intermediate"."int_program_context"
where program_key is null



  
  
      
    ) dbt_internal_test
[0m22:24:12.439720 [debug] [Thread-4 (]: SQL status: OK in 0.001 seconds
[0m22:24:12.439857 [debug] [Thread-3 (]: On test.student_dropout.not_null_int_economic_context_economic_context_key.a874d0de9a: /* {"app": "dbt", "dbt_version": "1.11.8", "profile_name": "student_dropout", "target_name": "dev", "node_id": "test.student_dropout.not_null_int_economic_context_economic_context_key.a874d0de9a"} */

    
    select
      count(*) as failures,
      count(*) != 0 as should_warn,
      count(*) != 0 as should_error
    from (
      
    
  
    
    



select economic_context_key
from "student_dropout"."main_intermediate"."int_economic_context"
where economic_context_key is null



  
  
      
    ) dbt_internal_test
[0m22:24:12.440044 [debug] [Thread-4 (]: Using duckdb connection "test.student_dropout.not_null_int_student_demographics_student_key.2d69200948"
[0m22:24:12.440221 [debug] [Thread-4 (]: On test.student_dropout.not_null_int_student_demographics_student_key.2d69200948: /* {"app": "dbt", "dbt_version": "1.11.8", "profile_name": "student_dropout", "target_name": "dev", "node_id": "test.student_dropout.not_null_int_student_demographics_student_key.2d69200948"} */

    
    select
      count(*) as failures,
      count(*) != 0 as should_warn,
      count(*) != 0 as should_error
    from (
      
    
  
    
    



select student_key
from "student_dropout"."main_intermediate"."int_student_demographics"
where student_key is null



  
  
      
    ) dbt_internal_test
[0m22:24:12.450002 [debug] [Thread-2 (]: SQL status: OK in 0.030 seconds
[0m22:24:12.450763 [debug] [Thread-2 (]: On test.student_dropout.accepted_values_stg_students_outcome__Dropout__Enrolled__Graduate.b6987725e8: ROLLBACK
[0m22:24:12.451168 [debug] [Thread-2 (]: Failed to rollback 'test.student_dropout.accepted_values_stg_students_outcome__Dropout__Enrolled__Graduate.b6987725e8'
[0m22:24:12.451304 [debug] [Thread-2 (]: On test.student_dropout.accepted_values_stg_students_outcome__Dropout__Enrolled__Graduate.b6987725e8: Close
[0m22:24:12.451539 [info ] [Thread-2 (]: 2 of 12 PASS accepted_values_stg_students_outcome__Dropout__Enrolled__Graduate . [[32mPASS[0m in 0.05s]
[0m22:24:12.451742 [debug] [Thread-2 (]: Finished running node test.student_dropout.accepted_values_stg_students_outcome__Dropout__Enrolled__Graduate.b6987725e8
[0m22:24:12.451884 [debug] [Thread-2 (]: Began running node test.student_dropout.not_null_stg_students_outcome.eb621094c6
[0m22:24:12.452036 [info ] [Thread-2 (]: 8 of 12 START test not_null_stg_students_outcome ............................... [RUN]
[0m22:24:12.452186 [debug] [Thread-2 (]: Re-using an available connection from the pool (formerly test.student_dropout.accepted_values_stg_students_outcome__Dropout__Enrolled__Graduate.b6987725e8, now test.student_dropout.not_null_stg_students_outcome.eb621094c6)
[0m22:24:12.452309 [debug] [Thread-2 (]: Began compiling node test.student_dropout.not_null_stg_students_outcome.eb621094c6
[0m22:24:12.454063 [debug] [Thread-2 (]: Writing injected SQL for node "test.student_dropout.not_null_stg_students_outcome.eb621094c6"
[0m22:24:12.454373 [debug] [Thread-2 (]: Began executing node test.student_dropout.not_null_stg_students_outcome.eb621094c6
[0m22:24:12.455294 [debug] [Thread-2 (]: Writing runtime sql for node "test.student_dropout.not_null_stg_students_outcome.eb621094c6"
[0m22:24:12.455643 [debug] [Thread-2 (]: Using duckdb connection "test.student_dropout.not_null_stg_students_outcome.eb621094c6"
[0m22:24:12.455780 [debug] [Thread-2 (]: On test.student_dropout.not_null_stg_students_outcome.eb621094c6: BEGIN
[0m22:24:12.455895 [debug] [Thread-2 (]: Opening a new connection, currently in state closed
[0m22:24:12.456159 [debug] [Thread-2 (]: SQL status: OK in 0.000 seconds
[0m22:24:12.456324 [debug] [Thread-2 (]: Using duckdb connection "test.student_dropout.not_null_stg_students_outcome.eb621094c6"
[0m22:24:12.456468 [debug] [Thread-2 (]: On test.student_dropout.not_null_stg_students_outcome.eb621094c6: /* {"app": "dbt", "dbt_version": "1.11.8", "profile_name": "student_dropout", "target_name": "dev", "node_id": "test.student_dropout.not_null_stg_students_outcome.eb621094c6"} */

    
    select
      count(*) as failures,
      count(*) != 0 as should_warn,
      count(*) != 0 as should_error
    from (
      
    
  
    
    



select outcome
from "student_dropout"."main_staging"."stg_students"
where outcome is null



  
  
      
    ) dbt_internal_test
[0m22:24:12.468798 [debug] [Thread-4 (]: SQL status: OK in 0.028 seconds
[0m22:24:12.469508 [debug] [Thread-4 (]: On test.student_dropout.not_null_int_student_demographics_student_key.2d69200948: ROLLBACK
[0m22:24:12.469710 [debug] [Thread-1 (]: SQL status: OK in 0.030 seconds
[0m22:24:12.470096 [debug] [Thread-4 (]: Failed to rollback 'test.student_dropout.not_null_int_student_demographics_student_key.2d69200948'
[0m22:24:12.470225 [debug] [Thread-4 (]: On test.student_dropout.not_null_int_student_demographics_student_key.2d69200948: Close
[0m22:24:12.470702 [debug] [Thread-1 (]: On test.student_dropout.not_null_int_program_context_program_key.fd59564871: ROLLBACK
[0m22:24:12.470845 [debug] [Thread-3 (]: SQL status: OK in 0.031 seconds
[0m22:24:12.471146 [debug] [Thread-1 (]: Failed to rollback 'test.student_dropout.not_null_int_program_context_program_key.fd59564871'
[0m22:24:12.471346 [info ] [Thread-4 (]: 7 of 12 PASS not_null_int_student_demographics_student_key ..................... [[32mPASS[0m in 0.04s]
[0m22:24:12.471546 [debug] [Thread-1 (]: On test.student_dropout.not_null_int_program_context_program_key.fd59564871: Close
[0m22:24:12.472032 [debug] [Thread-3 (]: On test.student_dropout.not_null_int_economic_context_economic_context_key.a874d0de9a: ROLLBACK
[0m22:24:12.472206 [debug] [Thread-4 (]: Finished running node test.student_dropout.not_null_int_student_demographics_student_key.2d69200948
[0m22:24:12.472555 [debug] [Thread-3 (]: Failed to rollback 'test.student_dropout.not_null_int_economic_context_economic_context_key.a874d0de9a'
[0m22:24:12.472746 [info ] [Thread-1 (]: 6 of 12 PASS not_null_int_program_context_program_key .......................... [[32mPASS[0m in 0.04s]
[0m22:24:12.472915 [debug] [Thread-4 (]: Began running node test.student_dropout.unique_fct_enrollment_outcomes_student_key.46f567e1cb
[0m22:24:12.473212 [debug] [Thread-3 (]: On test.student_dropout.not_null_int_economic_context_economic_context_key.a874d0de9a: Close
[0m22:24:12.473460 [debug] [Thread-1 (]: Finished running node test.student_dropout.not_null_int_program_context_program_key.fd59564871
[0m22:24:12.473625 [info ] [Thread-4 (]: 9 of 12 START test unique_fct_enrollment_outcomes_student_key .................. [RUN]
[0m22:24:12.473866 [info ] [Thread-3 (]: 5 of 12 PASS not_null_int_economic_context_economic_context_key ................ [[32mPASS[0m in 0.05s]
[0m22:24:12.474024 [debug] [Thread-1 (]: Began running node test.student_dropout.unique_int_economic_context_economic_context_key.cea4eb238f
[0m22:24:12.474210 [debug] [Thread-4 (]: Re-using an available connection from the pool (formerly test.student_dropout.not_null_int_student_demographics_student_key.2d69200948, now test.student_dropout.unique_fct_enrollment_outcomes_student_key.46f567e1cb)
[0m22:24:12.474449 [debug] [Thread-3 (]: Finished running node test.student_dropout.not_null_int_economic_context_economic_context_key.a874d0de9a
[0m22:24:12.474626 [info ] [Thread-1 (]: 10 of 12 START test unique_int_economic_context_economic_context_key ........... [RUN]
[0m22:24:12.474797 [debug] [Thread-4 (]: Began compiling node test.student_dropout.unique_fct_enrollment_outcomes_student_key.46f567e1cb
[0m22:24:12.474953 [debug] [Thread-3 (]: Began running node test.student_dropout.unique_int_program_context_program_key.998275a591
[0m22:24:12.475121 [debug] [Thread-1 (]: Re-using an available connection from the pool (formerly test.student_dropout.not_null_int_program_context_program_key.fd59564871, now test.student_dropout.unique_int_economic_context_economic_context_key.cea4eb238f)
[0m22:24:12.477582 [debug] [Thread-4 (]: Writing injected SQL for node "test.student_dropout.unique_fct_enrollment_outcomes_student_key.46f567e1cb"
[0m22:24:12.477749 [info ] [Thread-3 (]: 11 of 12 START test unique_int_program_context_program_key ..................... [RUN]
[0m22:24:12.477900 [debug] [Thread-1 (]: Began compiling node test.student_dropout.unique_int_economic_context_economic_context_key.cea4eb238f
[0m22:24:12.478085 [debug] [Thread-3 (]: Re-using an available connection from the pool (formerly test.student_dropout.not_null_int_economic_context_economic_context_key.a874d0de9a, now test.student_dropout.unique_int_program_context_program_key.998275a591)
[0m22:24:12.479609 [debug] [Thread-1 (]: Writing injected SQL for node "test.student_dropout.unique_int_economic_context_economic_context_key.cea4eb238f"
[0m22:24:12.479759 [debug] [Thread-3 (]: Began compiling node test.student_dropout.unique_int_program_context_program_key.998275a591
[0m22:24:12.481154 [debug] [Thread-3 (]: Writing injected SQL for node "test.student_dropout.unique_int_program_context_program_key.998275a591"
[0m22:24:12.481302 [debug] [Thread-4 (]: Began executing node test.student_dropout.unique_fct_enrollment_outcomes_student_key.46f567e1cb
[0m22:24:12.482224 [debug] [Thread-4 (]: Writing runtime sql for node "test.student_dropout.unique_fct_enrollment_outcomes_student_key.46f567e1cb"
[0m22:24:12.482406 [debug] [Thread-1 (]: Began executing node test.student_dropout.unique_int_economic_context_economic_context_key.cea4eb238f
[0m22:24:12.483390 [debug] [Thread-1 (]: Writing runtime sql for node "test.student_dropout.unique_int_economic_context_economic_context_key.cea4eb238f"
[0m22:24:12.483562 [debug] [Thread-3 (]: Began executing node test.student_dropout.unique_int_program_context_program_key.998275a591
[0m22:24:12.485167 [debug] [Thread-3 (]: Writing runtime sql for node "test.student_dropout.unique_int_program_context_program_key.998275a591"
[0m22:24:12.485347 [debug] [Thread-2 (]: SQL status: OK in 0.029 seconds
[0m22:24:12.485529 [debug] [Thread-4 (]: Using duckdb connection "test.student_dropout.unique_fct_enrollment_outcomes_student_key.46f567e1cb"
[0m22:24:12.485671 [debug] [Thread-4 (]: On test.student_dropout.unique_fct_enrollment_outcomes_student_key.46f567e1cb: BEGIN
[0m22:24:12.485827 [debug] [Thread-4 (]: Opening a new connection, currently in state closed
[0m22:24:12.485969 [debug] [Thread-3 (]: Using duckdb connection "test.student_dropout.unique_int_program_context_program_key.998275a591"
[0m22:24:12.486484 [debug] [Thread-2 (]: On test.student_dropout.not_null_stg_students_outcome.eb621094c6: ROLLBACK
[0m22:24:12.486715 [debug] [Thread-1 (]: Using duckdb connection "test.student_dropout.unique_int_economic_context_economic_context_key.cea4eb238f"
[0m22:24:12.486844 [debug] [Thread-3 (]: On test.student_dropout.unique_int_program_context_program_key.998275a591: BEGIN
[0m22:24:12.487001 [debug] [Thread-4 (]: SQL status: OK in 0.001 seconds
[0m22:24:12.487326 [debug] [Thread-2 (]: Failed to rollback 'test.student_dropout.not_null_stg_students_outcome.eb621094c6'
[0m22:24:12.487456 [debug] [Thread-1 (]: On test.student_dropout.unique_int_economic_context_economic_context_key.cea4eb238f: BEGIN
[0m22:24:12.487579 [debug] [Thread-3 (]: Opening a new connection, currently in state closed
[0m22:24:12.487705 [debug] [Thread-4 (]: Using duckdb connection "test.student_dropout.unique_fct_enrollment_outcomes_student_key.46f567e1cb"
[0m22:24:12.487828 [debug] [Thread-2 (]: On test.student_dropout.not_null_stg_students_outcome.eb621094c6: Close
[0m22:24:12.487942 [debug] [Thread-1 (]: Opening a new connection, currently in state closed
[0m22:24:12.488120 [debug] [Thread-4 (]: On test.student_dropout.unique_fct_enrollment_outcomes_student_key.46f567e1cb: /* {"app": "dbt", "dbt_version": "1.11.8", "profile_name": "student_dropout", "target_name": "dev", "node_id": "test.student_dropout.unique_fct_enrollment_outcomes_student_key.46f567e1cb"} */

    
    select
      count(*) as failures,
      count(*) != 0 as should_warn,
      count(*) != 0 as should_error
    from (
      
    
  
    
    

select
    student_key as unique_field,
    count(*) as n_records

from "student_dropout"."main_marts"."fct_enrollment_outcomes"
where student_key is not null
group by student_key
having count(*) > 1



  
  
      
    ) dbt_internal_test
[0m22:24:12.488267 [debug] [Thread-3 (]: SQL status: OK in 0.001 seconds
[0m22:24:12.488493 [info ] [Thread-2 (]: 8 of 12 PASS not_null_stg_students_outcome ..................................... [[32mPASS[0m in 0.04s]
[0m22:24:12.488711 [debug] [Thread-1 (]: SQL status: OK in 0.001 seconds
[0m22:24:12.488841 [debug] [Thread-3 (]: Using duckdb connection "test.student_dropout.unique_int_program_context_program_key.998275a591"
[0m22:24:12.489061 [debug] [Thread-2 (]: Finished running node test.student_dropout.not_null_stg_students_outcome.eb621094c6
[0m22:24:12.489215 [debug] [Thread-1 (]: Using duckdb connection "test.student_dropout.unique_int_economic_context_economic_context_key.cea4eb238f"
[0m22:24:12.489558 [debug] [Thread-3 (]: On test.student_dropout.unique_int_program_context_program_key.998275a591: /* {"app": "dbt", "dbt_version": "1.11.8", "profile_name": "student_dropout", "target_name": "dev", "node_id": "test.student_dropout.unique_int_program_context_program_key.998275a591"} */

    
    select
      count(*) as failures,
      count(*) != 0 as should_warn,
      count(*) != 0 as should_error
    from (
      
    
  
    
    

select
    program_key as unique_field,
    count(*) as n_records

from "student_dropout"."main_intermediate"."int_program_context"
where program_key is not null
group by program_key
having count(*) > 1



  
  
      
    ) dbt_internal_test
[0m22:24:12.489743 [debug] [Thread-2 (]: Began running node test.student_dropout.unique_int_student_demographics_student_key.21c7995cdb
[0m22:24:12.489915 [debug] [Thread-4 (]: SQL status: OK in 0.001 seconds
[0m22:24:12.490054 [debug] [Thread-1 (]: On test.student_dropout.unique_int_economic_context_economic_context_key.cea4eb238f: /* {"app": "dbt", "dbt_version": "1.11.8", "profile_name": "student_dropout", "target_name": "dev", "node_id": "test.student_dropout.unique_int_economic_context_economic_context_key.cea4eb238f"} */

    
    select
      count(*) as failures,
      count(*) != 0 as should_warn,
      count(*) != 0 as should_error
    from (
      
    
  
    
    

select
    economic_context_key as unique_field,
    count(*) as n_records

from "student_dropout"."main_intermediate"."int_economic_context"
where economic_context_key is not null
group by economic_context_key
having count(*) > 1



  
  
      
    ) dbt_internal_test
[0m22:24:12.490281 [info ] [Thread-2 (]: 12 of 12 START test unique_int_student_demographics_student_key ................ [RUN]
[0m22:24:12.490547 [debug] [Thread-2 (]: Re-using an available connection from the pool (formerly test.student_dropout.not_null_stg_students_outcome.eb621094c6, now test.student_dropout.unique_int_student_demographics_student_key.21c7995cdb)
[0m22:24:12.490678 [debug] [Thread-2 (]: Began compiling node test.student_dropout.unique_int_student_demographics_student_key.21c7995cdb
[0m22:24:12.491309 [debug] [Thread-4 (]: On test.student_dropout.unique_fct_enrollment_outcomes_student_key.46f567e1cb: ROLLBACK
[0m22:24:12.492918 [debug] [Thread-2 (]: Writing injected SQL for node "test.student_dropout.unique_int_student_demographics_student_key.21c7995cdb"
[0m22:24:12.493305 [debug] [Thread-4 (]: Failed to rollback 'test.student_dropout.unique_fct_enrollment_outcomes_student_key.46f567e1cb'
[0m22:24:12.493441 [debug] [Thread-4 (]: On test.student_dropout.unique_fct_enrollment_outcomes_student_key.46f567e1cb: Close
[0m22:24:12.493646 [info ] [Thread-4 (]: 9 of 12 PASS unique_fct_enrollment_outcomes_student_key ........................ [[32mPASS[0m in 0.02s]
[0m22:24:12.493792 [debug] [Thread-2 (]: Began executing node test.student_dropout.unique_int_student_demographics_student_key.21c7995cdb
[0m22:24:12.493978 [debug] [Thread-4 (]: Finished running node test.student_dropout.unique_fct_enrollment_outcomes_student_key.46f567e1cb
[0m22:24:12.494854 [debug] [Thread-2 (]: Writing runtime sql for node "test.student_dropout.unique_int_student_demographics_student_key.21c7995cdb"
[0m22:24:12.495163 [debug] [Thread-2 (]: Using duckdb connection "test.student_dropout.unique_int_student_demographics_student_key.21c7995cdb"
[0m22:24:12.495295 [debug] [Thread-2 (]: On test.student_dropout.unique_int_student_demographics_student_key.21c7995cdb: BEGIN
[0m22:24:12.495410 [debug] [Thread-2 (]: Opening a new connection, currently in state closed
[0m22:24:12.495631 [debug] [Thread-2 (]: SQL status: OK in 0.000 seconds
[0m22:24:12.495748 [debug] [Thread-2 (]: Using duckdb connection "test.student_dropout.unique_int_student_demographics_student_key.21c7995cdb"
[0m22:24:12.495872 [debug] [Thread-2 (]: On test.student_dropout.unique_int_student_demographics_student_key.21c7995cdb: /* {"app": "dbt", "dbt_version": "1.11.8", "profile_name": "student_dropout", "target_name": "dev", "node_id": "test.student_dropout.unique_int_student_demographics_student_key.21c7995cdb"} */

    
    select
      count(*) as failures,
      count(*) != 0 as should_warn,
      count(*) != 0 as should_error
    from (
      
    
  
    
    

select
    student_key as unique_field,
    count(*) as n_records

from "student_dropout"."main_intermediate"."int_student_demographics"
where student_key is not null
group by student_key
having count(*) > 1



  
  
      
    ) dbt_internal_test
[0m22:24:12.520080 [debug] [Thread-3 (]: SQL status: OK in 0.030 seconds
[0m22:24:12.521078 [debug] [Thread-3 (]: On test.student_dropout.unique_int_program_context_program_key.998275a591: ROLLBACK
[0m22:24:12.521281 [debug] [Thread-1 (]: SQL status: OK in 0.031 seconds
[0m22:24:12.521718 [debug] [Thread-3 (]: Failed to rollback 'test.student_dropout.unique_int_program_context_program_key.998275a591'
[0m22:24:12.522207 [debug] [Thread-1 (]: On test.student_dropout.unique_int_economic_context_economic_context_key.cea4eb238f: ROLLBACK
[0m22:24:12.522355 [debug] [Thread-3 (]: On test.student_dropout.unique_int_program_context_program_key.998275a591: Close
[0m22:24:12.522927 [debug] [Thread-1 (]: Failed to rollback 'test.student_dropout.unique_int_economic_context_economic_context_key.cea4eb238f'
[0m22:24:12.523233 [info ] [Thread-3 (]: 11 of 12 PASS unique_int_program_context_program_key ........................... [[32mPASS[0m in 0.05s]
[0m22:24:12.523449 [debug] [Thread-1 (]: On test.student_dropout.unique_int_economic_context_economic_context_key.cea4eb238f: Close
[0m22:24:12.523666 [debug] [Thread-3 (]: Finished running node test.student_dropout.unique_int_program_context_program_key.998275a591
[0m22:24:12.523905 [info ] [Thread-1 (]: 10 of 12 PASS unique_int_economic_context_economic_context_key ................. [[32mPASS[0m in 0.05s]
[0m22:24:12.524184 [debug] [Thread-1 (]: Finished running node test.student_dropout.unique_int_economic_context_economic_context_key.cea4eb238f
[0m22:24:12.524316 [debug] [Thread-2 (]: SQL status: OK in 0.028 seconds
[0m22:24:12.524956 [debug] [Thread-2 (]: On test.student_dropout.unique_int_student_demographics_student_key.21c7995cdb: ROLLBACK
[0m22:24:12.525265 [debug] [Thread-2 (]: Failed to rollback 'test.student_dropout.unique_int_student_demographics_student_key.21c7995cdb'
[0m22:24:12.525378 [debug] [Thread-2 (]: On test.student_dropout.unique_int_student_demographics_student_key.21c7995cdb: Close
[0m22:24:12.525552 [info ] [Thread-2 (]: 12 of 12 PASS unique_int_student_demographics_student_key ...................... [[32mPASS[0m in 0.04s]
[0m22:24:12.525730 [debug] [Thread-2 (]: Finished running node test.student_dropout.unique_int_student_demographics_student_key.21c7995cdb
[0m22:24:12.526262 [debug] [MainThread]: Using duckdb connection "master"
[0m22:24:12.526364 [debug] [MainThread]: On master: BEGIN
[0m22:24:12.526451 [debug] [MainThread]: Opening a new connection, currently in state closed
[0m22:24:12.526647 [debug] [MainThread]: SQL status: OK in 0.000 seconds
[0m22:24:12.526734 [debug] [MainThread]: On master: COMMIT
[0m22:24:12.526822 [debug] [MainThread]: Using duckdb connection "master"
[0m22:24:12.526901 [debug] [MainThread]: On master: COMMIT
[0m22:24:12.527031 [debug] [MainThread]: SQL status: OK in 0.000 seconds
[0m22:24:12.527117 [debug] [MainThread]: On master: Close
[0m22:24:12.527227 [debug] [MainThread]: Connection 'master' was properly closed.
[0m22:24:12.527322 [debug] [MainThread]: Connection 'test.student_dropout.unique_int_economic_context_economic_context_key.cea4eb238f' was properly closed.
[0m22:24:12.527399 [debug] [MainThread]: Connection 'test.student_dropout.unique_int_student_demographics_student_key.21c7995cdb' was properly closed.
[0m22:24:12.527479 [debug] [MainThread]: Connection 'test.student_dropout.unique_int_program_context_program_key.998275a591' was properly closed.
[0m22:24:12.527561 [debug] [MainThread]: Connection 'test.student_dropout.unique_fct_enrollment_outcomes_student_key.46f567e1cb' was properly closed.
[0m22:24:12.527668 [info ] [MainThread]: 
[0m22:24:12.527782 [info ] [MainThread]: Finished running 12 data tests in 0 hours 0 minutes and 0.17 seconds (0.17s).
[0m22:24:12.528389 [debug] [MainThread]: Command end result
[0m22:24:12.540190 [debug] [MainThread]: Wrote artifact WritableManifest to /Users/ogdata-mpb16/Documents/DataScienceProjects/student-dropout-retention-predictor/dbt/target/manifest.json
[0m22:24:12.541256 [debug] [MainThread]: Wrote artifact SemanticManifest to /Users/ogdata-mpb16/Documents/DataScienceProjects/student-dropout-retention-predictor/dbt/target/semantic_manifest.json
[0m22:24:12.543809 [debug] [MainThread]: Wrote artifact RunExecutionResult to /Users/ogdata-mpb16/Documents/DataScienceProjects/student-dropout-retention-predictor/dbt/target/run_results.json
[0m22:24:12.543955 [info ] [MainThread]: 
[0m22:24:12.544101 [info ] [MainThread]: [32mCompleted successfully[0m
[0m22:24:12.544214 [info ] [MainThread]: 
[0m22:24:12.544330 [info ] [MainThread]: Done. PASS=12 WARN=0 ERROR=0 SKIP=0 NO-OP=0 TOTAL=12
[0m22:24:12.545541 [debug] [MainThread]: Resource report: {"command_name": "test", "command_success": true, "command_wall_clock_time": 0.59688044, "process_in_blocks": "0", "process_kernel_time": 0.13708, "process_mem_max_rss": "189775872", "process_out_blocks": "0", "process_user_time": 1.202339}
[0m22:24:12.545725 [debug] [MainThread]: Command `dbt test` succeeded at 22:24:12.545691 after 0.60 seconds
[0m22:24:12.545865 [debug] [MainThread]: Sending event: {'category': 'dbt', 'action': 'invocation', 'label': 'end', 'context': [<snowplow_tracker.self_describing_json.SelfDescribingJson object at 0x109f212e0>, <snowplow_tracker.self_describing_json.SelfDescribingJson object at 0x10845e3c0>, <snowplow_tracker.self_describing_json.SelfDescribingJson object at 0x107b87140>]}
[0m22:24:12.546004 [debug] [MainThread]: Flushing usage events
[0m22:24:12.921997 [debug] [MainThread]: An error was encountered while trying to flush usage events
[0m23:02:15.516739 [debug] [MainThread]: Sending event: {'category': 'dbt', 'action': 'invocation', 'label': 'start', 'context': [<snowplow_tracker.self_describing_json.SelfDescribingJson object at 0x1075f2960>, <snowplow_tracker.self_describing_json.SelfDescribingJson object at 0x10bb47260>, <snowplow_tracker.self_describing_json.SelfDescribingJson object at 0x10c421b50>]}


============================== 23:02:15.518284 | 68b37be2-f8e2-479e-9a2d-cbb56d8a2961 ==============================
[0m23:02:15.518284 [info ] [MainThread]: Running with dbt=1.11.8
[0m23:02:15.518530 [debug] [MainThread]: running dbt with arguments {'log_cache_events': 'False', 'invocation_command': 'dbt run', 'no_print': 'None', 'debug': 'False', 'static_parser': 'True', 'use_experimental_parser': 'False', 'profiles_dir': '/Users/ogdata-mpb16/Documents/DataScienceProjects/student-dropout-retention-predictor/dbt', 'partial_parse': 'True', 'version_check': 'True', 'quiet': 'False', 'log_format': 'default', 'send_anonymous_usage_stats': 'True', 'warn_error_options': 'WarnErrorOptionsV2(error=[], warn=[], silence=[])', 'cache_selected_only': 'False', 'log_path': '/Users/ogdata-mpb16/Documents/DataScienceProjects/student-dropout-retention-predictor/dbt/logs', 'use_colors': 'True', 'indirect_selection': 'eager', 'warn_error': 'None', 'empty': 'False', 'introspect': 'True', 'write_json': 'True', 'printer_width': '80', 'target_path': 'None', 'fail_fast': 'False'}
[0m23:02:15.593180 [debug] [MainThread]: Sending event: {'category': 'dbt', 'action': 'project_id', 'label': '68b37be2-f8e2-479e-9a2d-cbb56d8a2961', 'context': [<snowplow_tracker.self_describing_json.SelfDescribingJson object at 0x10c4c5cd0>]}
[0m23:02:15.613747 [debug] [MainThread]: Sending event: {'category': 'dbt', 'action': 'adapter_info', 'label': '68b37be2-f8e2-479e-9a2d-cbb56d8a2961', 'context': [<snowplow_tracker.self_describing_json.SelfDescribingJson object at 0x10c7baea0>]}
[0m23:02:15.614484 [info ] [MainThread]: Registered adapter: duckdb=1.10.1
[0m23:02:15.657245 [debug] [MainThread]: checksum: 7d524ac048c2100769df89d592e662e060a73ca564e31bd9c2a37efdfe8d8ab6, vars: {}, profile: , target: , version: 1.11.8
[0m23:02:15.701605 [debug] [MainThread]: Partial parsing enabled: 0 files deleted, 0 files added, 1 files changed.
[0m23:02:15.701893 [debug] [MainThread]: Partial parsing: updated file: student_dropout://models/marts/fct_enrollment_outcomes.sql
[0m23:02:15.862747 [debug] [MainThread]: Sending event: {'category': 'dbt', 'action': 'load_project', 'label': '68b37be2-f8e2-479e-9a2d-cbb56d8a2961', 'context': [<snowplow_tracker.self_describing_json.SelfDescribingJson object at 0x10d338e60>]}
[0m23:02:15.894697 [debug] [MainThread]: Wrote artifact WritableManifest to /Users/ogdata-mpb16/Documents/DataScienceProjects/student-dropout-retention-predictor/dbt/target/manifest.json
[0m23:02:15.895421 [debug] [MainThread]: Wrote artifact SemanticManifest to /Users/ogdata-mpb16/Documents/DataScienceProjects/student-dropout-retention-predictor/dbt/target/semantic_manifest.json
[0m23:02:15.898620 [debug] [MainThread]: Sending event: {'category': 'dbt', 'action': 'resource_counts', 'label': '68b37be2-f8e2-479e-9a2d-cbb56d8a2961', 'context': [<snowplow_tracker.self_describing_json.SelfDescribingJson object at 0x10d338b00>]}
[0m23:02:15.898791 [info ] [MainThread]: Found 5 models, 12 data tests, 1 source, 475 macros
[0m23:02:15.898925 [debug] [MainThread]: Sending event: {'category': 'dbt', 'action': 'runnable_timing', 'label': '68b37be2-f8e2-479e-9a2d-cbb56d8a2961', 'context': [<snowplow_tracker.self_describing_json.SelfDescribingJson object at 0x10d2e1dc0>]}
[0m23:02:15.899701 [info ] [MainThread]: 
[0m23:02:15.899834 [info ] [MainThread]: Concurrency: 4 threads (target='dev')
[0m23:02:15.899934 [info ] [MainThread]: 
[0m23:02:15.900109 [debug] [MainThread]: Acquiring new duckdb connection 'master'
[0m23:02:15.901794 [debug] [ThreadPool]: Acquiring new duckdb connection 'list_student_dropout'
[0m23:02:15.905926 [debug] [ThreadPool]: Acquiring new duckdb connection 'list_student_dropout'
[0m23:02:15.906879 [debug] [ThreadPool]: Acquiring new duckdb connection 'list_student_dropout'
[0m23:02:15.921507 [debug] [ThreadPool]: Using duckdb connection "list_student_dropout"
[0m23:02:15.921692 [debug] [ThreadPool]: Using duckdb connection "list_student_dropout"
[0m23:02:15.921835 [debug] [ThreadPool]: Using duckdb connection "list_student_dropout"
[0m23:02:15.921949 [debug] [ThreadPool]: On list_student_dropout: /* {"app": "dbt", "dbt_version": "1.11.8", "profile_name": "student_dropout", "target_name": "dev", "connection_name": "list_student_dropout"} */

    
    select schema_name
    from system.information_schema.schemata
    
    where lower(catalog_name) = '"student_dropout"'
    
  
  
[0m23:02:15.922073 [debug] [ThreadPool]: On list_student_dropout: /* {"app": "dbt", "dbt_version": "1.11.8", "profile_name": "student_dropout", "target_name": "dev", "connection_name": "list_student_dropout"} */

    
    select schema_name
    from system.information_schema.schemata
    
    where lower(catalog_name) = '"student_dropout"'
    
  
  
[0m23:02:15.922180 [debug] [ThreadPool]: On list_student_dropout: /* {"app": "dbt", "dbt_version": "1.11.8", "profile_name": "student_dropout", "target_name": "dev", "connection_name": "list_student_dropout"} */

    
    select schema_name
    from system.information_schema.schemata
    
    where lower(catalog_name) = '"student_dropout"'
    
  
  
[0m23:02:15.922285 [debug] [ThreadPool]: Opening a new connection, currently in state init
[0m23:02:15.922387 [debug] [ThreadPool]: Opening a new connection, currently in state init
[0m23:02:15.922482 [debug] [ThreadPool]: Opening a new connection, currently in state init
[0m23:02:15.927986 [debug] [ThreadPool]: SQL status: OK in 0.005 seconds
[0m23:02:15.928125 [debug] [ThreadPool]: SQL status: OK in 0.006 seconds
[0m23:02:15.928234 [debug] [ThreadPool]: SQL status: OK in 0.006 seconds
[0m23:02:15.928667 [debug] [ThreadPool]: On list_student_dropout: Close
[0m23:02:15.929026 [debug] [ThreadPool]: On list_student_dropout: Close
[0m23:02:15.929382 [debug] [ThreadPool]: On list_student_dropout: Close
[0m23:02:15.929713 [debug] [ThreadPool]: Re-using an available connection from the pool (formerly list_student_dropout, now create_student_dropout_main_marts)
[0m23:02:15.929881 [debug] [ThreadPool]: Re-using an available connection from the pool (formerly list_student_dropout, now create_student_dropout_main_intermediate)
[0m23:02:15.930015 [debug] [ThreadPool]: Re-using an available connection from the pool (formerly list_student_dropout, now create_student_dropout_main_staging)
[0m23:02:15.930159 [debug] [ThreadPool]: Creating schema "database: "student_dropout"
schema: "main_marts"
"
[0m23:02:15.930288 [debug] [ThreadPool]: Creating schema "database: "student_dropout"
schema: "main_intermediate"
"
[0m23:02:15.930406 [debug] [ThreadPool]: Creating schema "database: "student_dropout"
schema: "main_staging"
"
[0m23:02:15.932706 [debug] [ThreadPool]: Using duckdb connection "create_student_dropout_main_marts"
[0m23:02:15.933444 [debug] [ThreadPool]: Using duckdb connection "create_student_dropout_main_intermediate"
[0m23:02:15.934066 [debug] [ThreadPool]: Using duckdb connection "create_student_dropout_main_staging"
[0m23:02:15.934175 [debug] [ThreadPool]: On create_student_dropout_main_marts: /* {"app": "dbt", "dbt_version": "1.11.8", "profile_name": "student_dropout", "target_name": "dev", "connection_name": "create_student_dropout_main_marts"} */

    
        select type from duckdb_databases()
        where lower(database_name)='student_dropout'
        and type='sqlite'
    
  
[0m23:02:15.934282 [debug] [ThreadPool]: On create_student_dropout_main_intermediate: /* {"app": "dbt", "dbt_version": "1.11.8", "profile_name": "student_dropout", "target_name": "dev", "connection_name": "create_student_dropout_main_intermediate"} */

    
        select type from duckdb_databases()
        where lower(database_name)='student_dropout'
        and type='sqlite'
    
  
[0m23:02:15.934377 [debug] [ThreadPool]: On create_student_dropout_main_staging: /* {"app": "dbt", "dbt_version": "1.11.8", "profile_name": "student_dropout", "target_name": "dev", "connection_name": "create_student_dropout_main_staging"} */

    
        select type from duckdb_databases()
        where lower(database_name)='student_dropout'
        and type='sqlite'
    
  
[0m23:02:15.934469 [debug] [ThreadPool]: Opening a new connection, currently in state closed
[0m23:02:15.934556 [debug] [ThreadPool]: Opening a new connection, currently in state closed
[0m23:02:15.934640 [debug] [ThreadPool]: Opening a new connection, currently in state closed
[0m23:02:15.934984 [debug] [ThreadPool]: SQL status: OK in 0.000 seconds
[0m23:02:15.935171 [debug] [ThreadPool]: SQL status: OK in 0.001 seconds
[0m23:02:15.935288 [debug] [ThreadPool]: SQL status: OK in 0.001 seconds
[0m23:02:15.935701 [debug] [ThreadPool]: Using duckdb connection "create_student_dropout_main_marts"
[0m23:02:15.936055 [debug] [ThreadPool]: Using duckdb connection "create_student_dropout_main_staging"
[0m23:02:15.936410 [debug] [ThreadPool]: Using duckdb connection "create_student_dropout_main_intermediate"
[0m23:02:15.936503 [debug] [ThreadPool]: On create_student_dropout_main_marts: BEGIN
[0m23:02:15.936597 [debug] [ThreadPool]: On create_student_dropout_main_staging: BEGIN
[0m23:02:15.936699 [debug] [ThreadPool]: On create_student_dropout_main_intermediate: BEGIN
[0m23:02:15.936910 [debug] [ThreadPool]: SQL status: OK in 0.000 seconds
[0m23:02:15.937044 [debug] [ThreadPool]: Using duckdb connection "create_student_dropout_main_marts"
[0m23:02:15.937152 [debug] [ThreadPool]: On create_student_dropout_main_marts: /* {"app": "dbt", "dbt_version": "1.11.8", "profile_name": "student_dropout", "target_name": "dev", "connection_name": "create_student_dropout_main_marts"} */

    
    
        create schema if not exists "student_dropout"."main_marts"
    
[0m23:02:15.937252 [debug] [ThreadPool]: SQL status: OK in 0.000 seconds
[0m23:02:15.937386 [debug] [ThreadPool]: SQL status: OK in 0.001 seconds
[0m23:02:15.937503 [debug] [ThreadPool]: Using duckdb connection "create_student_dropout_main_intermediate"
[0m23:02:15.937606 [debug] [ThreadPool]: SQL status: OK in 0.000 seconds
[0m23:02:15.937699 [debug] [ThreadPool]: Using duckdb connection "create_student_dropout_main_staging"
[0m23:02:15.937800 [debug] [ThreadPool]: On create_student_dropout_main_intermediate: /* {"app": "dbt", "dbt_version": "1.11.8", "profile_name": "student_dropout", "target_name": "dev", "connection_name": "create_student_dropout_main_intermediate"} */

    
    
        create schema if not exists "student_dropout"."main_intermediate"
    
[0m23:02:15.938091 [debug] [ThreadPool]: On create_student_dropout_main_marts: COMMIT
[0m23:02:15.938202 [debug] [ThreadPool]: On create_student_dropout_main_staging: /* {"app": "dbt", "dbt_version": "1.11.8", "profile_name": "student_dropout", "target_name": "dev", "connection_name": "create_student_dropout_main_staging"} */

    
    
        create schema if not exists "student_dropout"."main_staging"
    
[0m23:02:15.938340 [debug] [ThreadPool]: Using duckdb connection "create_student_dropout_main_marts"
[0m23:02:15.938482 [debug] [ThreadPool]: On create_student_dropout_main_marts: COMMIT
[0m23:02:15.938588 [debug] [ThreadPool]: SQL status: OK in 0.000 seconds
[0m23:02:15.938913 [debug] [ThreadPool]: On create_student_dropout_main_intermediate: COMMIT
[0m23:02:15.939016 [debug] [ThreadPool]: SQL status: OK in 0.001 seconds
[0m23:02:15.939111 [debug] [ThreadPool]: Using duckdb connection "create_student_dropout_main_intermediate"
[0m23:02:15.939204 [debug] [ThreadPool]: SQL status: OK in 0.001 seconds
[0m23:02:15.939438 [debug] [ThreadPool]: On create_student_dropout_main_staging: COMMIT
[0m23:02:15.939536 [debug] [ThreadPool]: On create_student_dropout_main_intermediate: COMMIT
[0m23:02:15.939627 [debug] [ThreadPool]: On create_student_dropout_main_marts: Close
[0m23:02:15.939718 [debug] [ThreadPool]: Using duckdb connection "create_student_dropout_main_staging"
[0m23:02:15.939877 [debug] [ThreadPool]: On create_student_dropout_main_staging: COMMIT
[0m23:02:15.940081 [debug] [ThreadPool]: SQL status: OK in 0.000 seconds
[0m23:02:15.940195 [debug] [ThreadPool]: On create_student_dropout_main_intermediate: Close
[0m23:02:15.940290 [debug] [ThreadPool]: SQL status: OK in 0.000 seconds
[0m23:02:15.940462 [debug] [ThreadPool]: On create_student_dropout_main_staging: Close
[0m23:02:15.940939 [debug] [ThreadPool]: Re-using an available connection from the pool (formerly create_student_dropout_main_staging, now list_student_dropout_main_marts)
[0m23:02:15.941121 [debug] [ThreadPool]: Re-using an available connection from the pool (formerly create_student_dropout_main_intermediate, now list_student_dropout_main_intermediate)
[0m23:02:15.941305 [debug] [ThreadPool]: Re-using an available connection from the pool (formerly create_student_dropout_main_marts, now list_student_dropout_main_staging)
[0m23:02:15.943266 [debug] [ThreadPool]: Using duckdb connection "list_student_dropout_main_marts"
[0m23:02:15.943961 [debug] [ThreadPool]: Using duckdb connection "list_student_dropout_main_intermediate"
[0m23:02:15.945214 [debug] [ThreadPool]: Using duckdb connection "list_student_dropout_main_staging"
[0m23:02:15.945325 [debug] [ThreadPool]: On list_student_dropout_main_marts: BEGIN
[0m23:02:15.945428 [debug] [ThreadPool]: On list_student_dropout_main_intermediate: BEGIN
[0m23:02:15.945532 [debug] [ThreadPool]: On list_student_dropout_main_staging: BEGIN
[0m23:02:15.945635 [debug] [ThreadPool]: Opening a new connection, currently in state closed
[0m23:02:15.945729 [debug] [ThreadPool]: Opening a new connection, currently in state closed
[0m23:02:15.945829 [debug] [ThreadPool]: Opening a new connection, currently in state closed
[0m23:02:15.946090 [debug] [ThreadPool]: SQL status: OK in 0.000 seconds
[0m23:02:15.946206 [debug] [ThreadPool]: SQL status: OK in 0.000 seconds
[0m23:02:15.946307 [debug] [ThreadPool]: Using duckdb connection "list_student_dropout_main_marts"
[0m23:02:15.946409 [debug] [ThreadPool]: SQL status: OK in 0.001 seconds
[0m23:02:15.946511 [debug] [ThreadPool]: Using duckdb connection "list_student_dropout_main_intermediate"
[0m23:02:15.946628 [debug] [ThreadPool]: On list_student_dropout_main_marts: /* {"app": "dbt", "dbt_version": "1.11.8", "profile_name": "student_dropout", "target_name": "dev", "connection_name": "list_student_dropout_main_marts"} */
select
      'student_dropout' as database,
      table_name as name,
      table_schema as schema,
      CASE table_type
        WHEN 'BASE TABLE' THEN 'table'
        WHEN 'VIEW' THEN 'view'
        WHEN 'LOCAL TEMPORARY' THEN 'table'
        END as type
    from system.information_schema.tables
    where lower(table_schema) = 'main_marts'
    and lower(table_catalog) = 'student_dropout'
  
[0m23:02:15.946755 [debug] [ThreadPool]: Using duckdb connection "list_student_dropout_main_staging"
[0m23:02:15.946873 [debug] [ThreadPool]: On list_student_dropout_main_intermediate: /* {"app": "dbt", "dbt_version": "1.11.8", "profile_name": "student_dropout", "target_name": "dev", "connection_name": "list_student_dropout_main_intermediate"} */
select
      'student_dropout' as database,
      table_name as name,
      table_schema as schema,
      CASE table_type
        WHEN 'BASE TABLE' THEN 'table'
        WHEN 'VIEW' THEN 'view'
        WHEN 'LOCAL TEMPORARY' THEN 'table'
        END as type
    from system.information_schema.tables
    where lower(table_schema) = 'main_intermediate'
    and lower(table_catalog) = 'student_dropout'
  
[0m23:02:15.947058 [debug] [ThreadPool]: On list_student_dropout_main_staging: /* {"app": "dbt", "dbt_version": "1.11.8", "profile_name": "student_dropout", "target_name": "dev", "connection_name": "list_student_dropout_main_staging"} */
select
      'student_dropout' as database,
      table_name as name,
      table_schema as schema,
      CASE table_type
        WHEN 'BASE TABLE' THEN 'table'
        WHEN 'VIEW' THEN 'view'
        WHEN 'LOCAL TEMPORARY' THEN 'table'
        END as type
    from system.information_schema.tables
    where lower(table_schema) = 'main_staging'
    and lower(table_catalog) = 'student_dropout'
  
[0m23:02:15.948411 [debug] [ThreadPool]: SQL status: OK in 0.001 seconds
[0m23:02:15.948550 [debug] [ThreadPool]: SQL status: OK in 0.001 seconds
[0m23:02:15.948682 [debug] [ThreadPool]: SQL status: OK in 0.002 seconds
[0m23:02:15.949120 [debug] [ThreadPool]: On list_student_dropout_main_intermediate: ROLLBACK
[0m23:02:15.949549 [debug] [ThreadPool]: On list_student_dropout_main_staging: ROLLBACK
[0m23:02:15.950023 [debug] [ThreadPool]: On list_student_dropout_main_marts: ROLLBACK
[0m23:02:15.950545 [debug] [ThreadPool]: Failed to rollback 'list_student_dropout_main_intermediate'
[0m23:02:15.950655 [debug] [ThreadPool]: On list_student_dropout_main_intermediate: Close
[0m23:02:15.950991 [debug] [ThreadPool]: Failed to rollback 'list_student_dropout_main_marts'
[0m23:02:15.951146 [debug] [ThreadPool]: On list_student_dropout_main_marts: Close
[0m23:02:15.951431 [debug] [ThreadPool]: Failed to rollback 'list_student_dropout_main_staging'
[0m23:02:15.951663 [debug] [ThreadPool]: On list_student_dropout_main_staging: Close
[0m23:02:15.952184 [debug] [MainThread]: Sending event: {'category': 'dbt', 'action': 'runnable_timing', 'label': '68b37be2-f8e2-479e-9a2d-cbb56d8a2961', 'context': [<snowplow_tracker.self_describing_json.SelfDescribingJson object at 0x10d7229c0>]}
[0m23:02:15.952351 [debug] [MainThread]: Using duckdb connection "master"
[0m23:02:15.952460 [debug] [MainThread]: On master: BEGIN
[0m23:02:15.952544 [debug] [MainThread]: Opening a new connection, currently in state init
[0m23:02:15.952721 [debug] [MainThread]: SQL status: OK in 0.000 seconds
[0m23:02:15.952810 [debug] [MainThread]: On master: COMMIT
[0m23:02:15.952894 [debug] [MainThread]: Using duckdb connection "master"
[0m23:02:15.952975 [debug] [MainThread]: On master: COMMIT
[0m23:02:15.953109 [debug] [MainThread]: SQL status: OK in 0.000 seconds
[0m23:02:15.953196 [debug] [MainThread]: On master: Close
[0m23:02:15.954060 [debug] [Thread-1 (]: Began running node model.student_dropout.stg_students
[0m23:02:15.954246 [info ] [Thread-1 (]: 1 of 5 START sql view model main_staging.stg_students .......................... [RUN]
[0m23:02:15.954405 [debug] [Thread-1 (]: Re-using an available connection from the pool (formerly list_student_dropout_main_marts, now model.student_dropout.stg_students)
[0m23:02:15.954515 [debug] [Thread-1 (]: Began compiling node model.student_dropout.stg_students
[0m23:02:15.956916 [debug] [Thread-1 (]: Writing injected SQL for node "model.student_dropout.stg_students"
[0m23:02:15.957269 [debug] [Thread-1 (]: Began executing node model.student_dropout.stg_students
[0m23:02:15.967776 [debug] [Thread-1 (]: Writing runtime sql for node "model.student_dropout.stg_students"
[0m23:02:15.968178 [debug] [Thread-1 (]: Using duckdb connection "model.student_dropout.stg_students"
[0m23:02:15.968321 [debug] [Thread-1 (]: On model.student_dropout.stg_students: BEGIN
[0m23:02:15.968438 [debug] [Thread-1 (]: Opening a new connection, currently in state closed
[0m23:02:15.968694 [debug] [Thread-1 (]: SQL status: OK in 0.000 seconds
[0m23:02:15.968797 [debug] [Thread-1 (]: Using duckdb connection "model.student_dropout.stg_students"
[0m23:02:15.968994 [debug] [Thread-1 (]: On model.student_dropout.stg_students: /* {"app": "dbt", "dbt_version": "1.11.8", "profile_name": "student_dropout", "target_name": "dev", "node_id": "model.student_dropout.stg_students"} */

  
  create view "student_dropout"."main_staging"."stg_students__dbt_tmp" as (
    -- stg_students.sql
-- Staging layer: rename columns to snake_case, cast types, no business logic.
-- Source: UCI flat file read directly via DuckDB read_csv
-- Notes:
--   - UTF-8 BOM on first column stripped via columns parameter (explicit schema)
--   - Trailing tab on 'Daytime/evening attendance' stripped via trim()
--   - Semicolon delimiter confirmed from raw file inspection

with source as (
    select * from read_csv(
        '../data/raw/data.csv',
        header = true,
        delim = ';',
        columns = {
            'Marital status': 'INTEGER',
            'Application mode': 'INTEGER',
            'Application order': 'INTEGER',
            'Course': 'INTEGER',
            'Daytime/evening attendance': 'INTEGER',
            'Previous qualification': 'INTEGER',
            'Previous qualification (grade)': 'DOUBLE',
            'Admission grade': 'DOUBLE',
            'Nacionality': 'INTEGER',
            'Gender': 'INTEGER',
            'Age at enrollment': 'INTEGER',
            'International': 'INTEGER',
            'Displaced': 'INTEGER',
            'Educational special needs': 'INTEGER',
            'Debtor': 'INTEGER',
            'Tuition fees up to date': 'INTEGER',
            'Scholarship holder': 'INTEGER',
            'Mother''s qualification': 'INTEGER',
            'Father''s qualification': 'INTEGER',
            'Mother''s occupation': 'INTEGER',
            'Father''s occupation': 'INTEGER',
            'Curricular units 1st sem (credited)': 'INTEGER',
            'Curricular units 1st sem (enrolled)': 'INTEGER',
            'Curricular units 1st sem (evaluations)': 'INTEGER',
            'Curricular units 1st sem (approved)': 'INTEGER',
            'Curricular units 1st sem (grade)': 'DOUBLE',
            'Curricular units 1st sem (without evaluations)': 'INTEGER',
            'Curricular units 2nd sem (credited)': 'INTEGER',
            'Curricular units 2nd sem (enrolled)': 'INTEGER',
            'Curricular units 2nd sem (evaluations)': 'INTEGER',
            'Curricular units 2nd sem (approved)': 'INTEGER',
            'Curricular units 2nd sem (grade)': 'DOUBLE',
            'Curricular units 2nd sem (without evaluations)': 'INTEGER',
            'Unemployment rate': 'DOUBLE',
            'Inflation rate': 'DOUBLE',
            'GDP': 'DOUBLE',
            'Target': 'VARCHAR'
        }
    )
),

renamed as (
    select
        -- enrollment & program
        "Marital status"                                    as marital_status,
        "Application mode"                                  as application_mode,
        "Application order"                                 as application_order,
        "Course"                                            as course_id,
        "Daytime/evening attendance"                        as attendance_type,

        -- prior academic background
        "Previous qualification"                            as previous_qualification,
        "Previous qualification (grade)"                    as previous_qualification_grade,
        "Admission grade"                                   as admission_grade,

        -- student demographics
        "Nacionality"                                       as nationality,
        "Gender"                                            as gender,
        "Age at enrollment"                                 as age_at_enrollment,
        "International"                                     as is_international,
        "Displaced"                                         as is_displaced,

        -- household background
        "Mother's qualification"                            as mothers_qualification,
        "Father's qualification"                            as fathers_qualification,
        "Mother's occupation"                               as mothers_occupation,
        "Father's occupation"                               as fathers_occupation,

        -- financial & support
        "Scholarship holder"                                as is_scholarship_holder,
        "Tuition fees up to date"                           as tuition_fees_up_to_date,
        "Debtor"                                            as is_debtor,
        "Educational special needs"                         as has_special_needs,

        -- semester 1 academic performance
        "Curricular units 1st sem (credited)"               as sem1_units_credited,
        "Curricular units 1st sem (enrolled)"               as sem1_units_enrolled,
        "Curricular units 1st sem (evaluations)"            as sem1_evaluations,
        "Curricular units 1st sem (approved)"               as sem1_units_approved,
        "Curricular units 1st sem (grade)"                  as sem1_grade,
        "Curricular units 1st sem (without evaluations)"    as sem1_units_no_eval,

        -- semester 2 academic performance
        "Curricular units 2nd sem (credited)"               as sem2_units_credited,
        "Curricular units 2nd sem (enrolled)"               as sem2_units_enrolled,
        "Curricular units 2nd sem (evaluations)"            as sem2_evaluations,
        "Curricular units 2nd sem (approved)"               as sem2_units_approved,
        "Curricular units 2nd sem (grade)"                  as sem2_grade,
        "Curricular units 2nd sem (without evaluations)"    as sem2_units_no_eval,

        -- macroeconomic context
        "Unemployment rate"                                 as unemployment_rate,
        "Inflation rate"                                    as inflation_rate,
        "GDP"                                               as gdp,

        -- target
        "Target"                                            as outcome

    from source
)

select * from renamed
  );

[0m23:02:15.994033 [debug] [Thread-1 (]: SQL status: OK in 0.025 seconds
[0m23:02:15.996517 [debug] [Thread-1 (]: Using duckdb connection "model.student_dropout.stg_students"
[0m23:02:15.996660 [debug] [Thread-1 (]: On model.student_dropout.stg_students: /* {"app": "dbt", "dbt_version": "1.11.8", "profile_name": "student_dropout", "target_name": "dev", "node_id": "model.student_dropout.stg_students"} */
alter view "student_dropout"."main_staging"."stg_students" rename to "stg_students__dbt_backup"
[0m23:02:15.996946 [debug] [Thread-1 (]: SQL status: OK in 0.000 seconds
[0m23:02:15.997970 [debug] [Thread-1 (]: Using duckdb connection "model.student_dropout.stg_students"
[0m23:02:15.998097 [debug] [Thread-1 (]: On model.student_dropout.stg_students: /* {"app": "dbt", "dbt_version": "1.11.8", "profile_name": "student_dropout", "target_name": "dev", "node_id": "model.student_dropout.stg_students"} */
alter view "student_dropout"."main_staging"."stg_students__dbt_tmp" rename to "stg_students"
[0m23:02:15.998321 [debug] [Thread-1 (]: SQL status: OK in 0.000 seconds
[0m23:02:16.003028 [debug] [Thread-1 (]: On model.student_dropout.stg_students: COMMIT
[0m23:02:16.003165 [debug] [Thread-1 (]: Using duckdb connection "model.student_dropout.stg_students"
[0m23:02:16.003277 [debug] [Thread-1 (]: On model.student_dropout.stg_students: COMMIT
[0m23:02:16.003746 [debug] [Thread-1 (]: SQL status: OK in 0.000 seconds
[0m23:02:16.005580 [debug] [Thread-1 (]: Using duckdb connection "model.student_dropout.stg_students"
[0m23:02:16.005702 [debug] [Thread-1 (]: On model.student_dropout.stg_students: /* {"app": "dbt", "dbt_version": "1.11.8", "profile_name": "student_dropout", "target_name": "dev", "node_id": "model.student_dropout.stg_students"} */

      drop view if exists "student_dropout"."main_staging"."stg_students__dbt_backup" cascade
    
[0m23:02:16.005952 [debug] [Thread-1 (]: SQL status: OK in 0.000 seconds
[0m23:02:16.006763 [debug] [Thread-1 (]: On model.student_dropout.stg_students: Close
[0m23:02:16.007359 [debug] [Thread-1 (]: Sending event: {'category': 'dbt', 'action': 'run_model', 'label': '68b37be2-f8e2-479e-9a2d-cbb56d8a2961', 'context': [<snowplow_tracker.self_describing_json.SelfDescribingJson object at 0x10d766d20>]}
[0m23:02:16.007587 [info ] [Thread-1 (]: 1 of 5 OK created sql view model main_staging.stg_students ..................... [[32mOK[0m in 0.05s]
[0m23:02:16.007817 [debug] [Thread-1 (]: Finished running node model.student_dropout.stg_students
[0m23:02:16.008139 [debug] [Thread-3 (]: Began running node model.student_dropout.int_economic_context
[0m23:02:16.008317 [debug] [Thread-4 (]: Began running node model.student_dropout.int_program_context
[0m23:02:16.008622 [debug] [Thread-2 (]: Began running node model.student_dropout.int_student_demographics
[0m23:02:16.008512 [info ] [Thread-3 (]: 2 of 5 START sql view model main_intermediate.int_economic_context ............. [RUN]
[0m23:02:16.008831 [info ] [Thread-4 (]: 3 of 5 START sql view model main_intermediate.int_program_context .............. [RUN]
[0m23:02:16.009009 [info ] [Thread-2 (]: 4 of 5 START sql view model main_intermediate.int_student_demographics ......... [RUN]
[0m23:02:16.009176 [debug] [Thread-3 (]: Re-using an available connection from the pool (formerly list_student_dropout_main_staging, now model.student_dropout.int_economic_context)
[0m23:02:16.009415 [debug] [Thread-4 (]: Acquiring new duckdb connection 'model.student_dropout.int_program_context'
[0m23:02:16.009562 [debug] [Thread-2 (]: Re-using an available connection from the pool (formerly list_student_dropout_main_intermediate, now model.student_dropout.int_student_demographics)
[0m23:02:16.009691 [debug] [Thread-3 (]: Began compiling node model.student_dropout.int_economic_context
[0m23:02:16.009816 [debug] [Thread-4 (]: Began compiling node model.student_dropout.int_program_context
[0m23:02:16.009938 [debug] [Thread-2 (]: Began compiling node model.student_dropout.int_student_demographics
[0m23:02:16.010888 [debug] [Thread-3 (]: Writing injected SQL for node "model.student_dropout.int_economic_context"
[0m23:02:16.011834 [debug] [Thread-4 (]: Writing injected SQL for node "model.student_dropout.int_program_context"
[0m23:02:16.012726 [debug] [Thread-2 (]: Writing injected SQL for node "model.student_dropout.int_student_demographics"
[0m23:02:16.013023 [debug] [Thread-4 (]: Began executing node model.student_dropout.int_program_context
[0m23:02:16.013164 [debug] [Thread-3 (]: Began executing node model.student_dropout.int_economic_context
[0m23:02:16.015060 [debug] [Thread-4 (]: Writing runtime sql for node "model.student_dropout.int_program_context"
[0m23:02:16.015225 [debug] [Thread-2 (]: Began executing node model.student_dropout.int_student_demographics
[0m23:02:16.016692 [debug] [Thread-3 (]: Writing runtime sql for node "model.student_dropout.int_economic_context"
[0m23:02:16.018027 [debug] [Thread-2 (]: Writing runtime sql for node "model.student_dropout.int_student_demographics"
[0m23:02:16.018358 [debug] [Thread-4 (]: Using duckdb connection "model.student_dropout.int_program_context"
[0m23:02:16.018524 [debug] [Thread-2 (]: Using duckdb connection "model.student_dropout.int_student_demographics"
[0m23:02:16.018692 [debug] [Thread-3 (]: Using duckdb connection "model.student_dropout.int_economic_context"
[0m23:02:16.018820 [debug] [Thread-4 (]: On model.student_dropout.int_program_context: BEGIN
[0m23:02:16.018953 [debug] [Thread-2 (]: On model.student_dropout.int_student_demographics: BEGIN
[0m23:02:16.019086 [debug] [Thread-3 (]: On model.student_dropout.int_economic_context: BEGIN
[0m23:02:16.019209 [debug] [Thread-4 (]: Opening a new connection, currently in state init
[0m23:02:16.019327 [debug] [Thread-2 (]: Opening a new connection, currently in state closed
[0m23:02:16.019446 [debug] [Thread-3 (]: Opening a new connection, currently in state closed
[0m23:02:16.019742 [debug] [Thread-4 (]: SQL status: OK in 0.001 seconds
[0m23:02:16.019877 [debug] [Thread-4 (]: Using duckdb connection "model.student_dropout.int_program_context"
[0m23:02:16.019999 [debug] [Thread-3 (]: SQL status: OK in 0.001 seconds
[0m23:02:16.020149 [debug] [Thread-4 (]: On model.student_dropout.int_program_context: /* {"app": "dbt", "dbt_version": "1.11.8", "profile_name": "student_dropout", "target_name": "dev", "node_id": "model.student_dropout.int_program_context"} */

  
  create view "student_dropout"."main_intermediate"."int_program_context__dbt_tmp" as (
    -- int_program_context.sql
-- Extracts course/program attributes from the student-level flat file.
-- Course is a property of the program, not the individual student.

with base as (
    select distinct
        course_id,
        attendance_type,
        md5(
            cast(course_id as varchar) || '|' ||
            cast(attendance_type as varchar)
        ) as program_key
    from "student_dropout"."main_staging"."stg_students"
)

select
    program_key,
    course_id,
    attendance_type,
    case attendance_type
        when 1 then 'Daytime'
        when 0 then 'Evening'
        else 'Unknown'
    end as attendance_label,
    case course_id
        when 33    then 'Biofuel Production Technologies'
        when 171   then 'Animation and Multimedia Design'
        when 8014  then 'Social Service (evening)'
        when 9003  then 'Agronomy'
        when 9070  then 'Communication Design'
        when 9085  then 'Veterinary Nursing'
        when 9119  then 'Informatics Engineering'
        when 9130  then 'Equinculture'
        when 9147  then 'Management'
        when 9238  then 'Social Service'
        when 9254  then 'Tourism'
        when 9500  then 'Nursing'
        when 9556  then 'Oral Hygiene'
        when 9670  then 'Advertising and Marketing Management'
        when 9773  then 'Journalism and Communication'
        when 9853  then 'Basic Education'
        when 9991  then 'Management (evening)'
        else 'Other'
    end as course_name
from base
  );

[0m23:02:16.020301 [debug] [Thread-2 (]: SQL status: OK in 0.001 seconds
[0m23:02:16.020419 [debug] [Thread-3 (]: Using duckdb connection "model.student_dropout.int_economic_context"
[0m23:02:16.020621 [debug] [Thread-2 (]: Using duckdb connection "model.student_dropout.int_student_demographics"
[0m23:02:16.020771 [debug] [Thread-3 (]: On model.student_dropout.int_economic_context: /* {"app": "dbt", "dbt_version": "1.11.8", "profile_name": "student_dropout", "target_name": "dev", "node_id": "model.student_dropout.int_economic_context"} */

  
  create view "student_dropout"."main_intermediate"."int_economic_context__dbt_tmp" as (
    -- int_economic_context.sql
-- Extracts macroeconomic features into their own grain.
-- These are period-level attributes shared across students —
-- keeping them in the fact table would be semantically incorrect
-- and redundant across thousands of rows.

with base as (
    select distinct
        unemployment_rate,
        inflation_rate,
        gdp,
        -- surrogate key: md5 hash of combined macro indicators (DuckDB-native, no dbt_utils needed)
        md5(
            cast(unemployment_rate as varchar) || '|' ||
            cast(inflation_rate as varchar) || '|' ||
            cast(gdp as varchar)
        ) as economic_context_key
    from "student_dropout"."main_staging"."stg_students"
)

select
    economic_context_key,
    unemployment_rate,
    inflation_rate,
    gdp
from base
  );

[0m23:02:16.020947 [debug] [Thread-2 (]: On model.student_dropout.int_student_demographics: /* {"app": "dbt", "dbt_version": "1.11.8", "profile_name": "student_dropout", "target_name": "dev", "node_id": "model.student_dropout.int_student_demographics"} */

  
  create view "student_dropout"."main_intermediate"."int_student_demographics__dbt_tmp" as (
    -- int_student_demographics.sql
-- Isolates student-level demographic and household attributes.
-- These describe the student, not the enrollment event.

with base as (
    select
        -- student identifier (row number as surrogate — no natural key in dataset)
        row_number() over () as student_key,
        nationality,
        gender,
        age_at_enrollment,
        is_international,
        is_displaced,
        has_special_needs,
        marital_status,
        mothers_qualification,
        fathers_qualification,
        mothers_occupation,
        fathers_occupation
    from "student_dropout"."main_staging"."stg_students"
)

select
    student_key,
    nationality,
    gender,
    case gender
        when 1 then 'Male'
        when 0 then 'Female'
        else 'Unknown'
    end as gender_label,
    age_at_enrollment,
    is_international,
    is_displaced,
    has_special_needs,
    marital_status,
    case marital_status
        when 1 then 'Single'
        when 2 then 'Married'
        when 3 then 'Widower'
        when 4 then 'Divorced'
        when 5 then 'Facto union'
        when 6 then 'Legally separated'
        else 'Unknown'
    end as marital_status_label,
    mothers_qualification,
    fathers_qualification,
    mothers_occupation,
    fathers_occupation
from base
  );

[0m23:02:16.045776 [debug] [Thread-4 (]: SQL status: OK in 0.025 seconds
[0m23:02:16.047052 [debug] [Thread-4 (]: Using duckdb connection "model.student_dropout.int_program_context"
[0m23:02:16.047198 [debug] [Thread-4 (]: On model.student_dropout.int_program_context: /* {"app": "dbt", "dbt_version": "1.11.8", "profile_name": "student_dropout", "target_name": "dev", "node_id": "model.student_dropout.int_program_context"} */
alter view "student_dropout"."main_intermediate"."int_program_context" rename to "int_program_context__dbt_backup"
[0m23:02:16.047335 [debug] [Thread-3 (]: SQL status: OK in 0.026 seconds
[0m23:02:16.048420 [debug] [Thread-3 (]: Using duckdb connection "model.student_dropout.int_economic_context"
[0m23:02:16.048544 [debug] [Thread-2 (]: SQL status: OK in 0.027 seconds
[0m23:02:16.048663 [debug] [Thread-3 (]: On model.student_dropout.int_economic_context: /* {"app": "dbt", "dbt_version": "1.11.8", "profile_name": "student_dropout", "target_name": "dev", "node_id": "model.student_dropout.int_economic_context"} */
alter view "student_dropout"."main_intermediate"."int_economic_context" rename to "int_economic_context__dbt_backup"
[0m23:02:16.048789 [debug] [Thread-4 (]: SQL status: OK in 0.001 seconds
[0m23:02:16.049774 [debug] [Thread-2 (]: Using duckdb connection "model.student_dropout.int_student_demographics"
[0m23:02:16.050822 [debug] [Thread-4 (]: Using duckdb connection "model.student_dropout.int_program_context"
[0m23:02:16.050968 [debug] [Thread-2 (]: On model.student_dropout.int_student_demographics: /* {"app": "dbt", "dbt_version": "1.11.8", "profile_name": "student_dropout", "target_name": "dev", "node_id": "model.student_dropout.int_student_demographics"} */
alter view "student_dropout"."main_intermediate"."int_student_demographics" rename to "int_student_demographics__dbt_backup"
[0m23:02:16.051091 [debug] [Thread-3 (]: SQL status: OK in 0.001 seconds
[0m23:02:16.051205 [debug] [Thread-4 (]: On model.student_dropout.int_program_context: /* {"app": "dbt", "dbt_version": "1.11.8", "profile_name": "student_dropout", "target_name": "dev", "node_id": "model.student_dropout.int_program_context"} */
alter view "student_dropout"."main_intermediate"."int_program_context__dbt_tmp" rename to "int_program_context"
[0m23:02:16.052175 [debug] [Thread-3 (]: Using duckdb connection "model.student_dropout.int_economic_context"
[0m23:02:16.052328 [debug] [Thread-3 (]: On model.student_dropout.int_economic_context: /* {"app": "dbt", "dbt_version": "1.11.8", "profile_name": "student_dropout", "target_name": "dev", "node_id": "model.student_dropout.int_economic_context"} */
alter view "student_dropout"."main_intermediate"."int_economic_context__dbt_tmp" rename to "int_economic_context"
[0m23:02:16.052504 [debug] [Thread-2 (]: SQL status: OK in 0.001 seconds
[0m23:02:16.053407 [debug] [Thread-2 (]: Using duckdb connection "model.student_dropout.int_student_demographics"
[0m23:02:16.053536 [debug] [Thread-2 (]: On model.student_dropout.int_student_demographics: /* {"app": "dbt", "dbt_version": "1.11.8", "profile_name": "student_dropout", "target_name": "dev", "node_id": "model.student_dropout.int_student_demographics"} */
alter view "student_dropout"."main_intermediate"."int_student_demographics__dbt_tmp" rename to "int_student_demographics"
[0m23:02:16.053686 [debug] [Thread-4 (]: SQL status: OK in 0.001 seconds
[0m23:02:16.053820 [debug] [Thread-3 (]: SQL status: OK in 0.001 seconds
[0m23:02:16.054302 [debug] [Thread-4 (]: On model.student_dropout.int_program_context: COMMIT
[0m23:02:16.054780 [debug] [Thread-3 (]: On model.student_dropout.int_economic_context: COMMIT
[0m23:02:16.054937 [debug] [Thread-2 (]: SQL status: OK in 0.001 seconds
[0m23:02:16.055049 [debug] [Thread-4 (]: Using duckdb connection "model.student_dropout.int_program_context"
[0m23:02:16.055164 [debug] [Thread-3 (]: Using duckdb connection "model.student_dropout.int_economic_context"
[0m23:02:16.055602 [debug] [Thread-2 (]: On model.student_dropout.int_student_demographics: COMMIT
[0m23:02:16.055719 [debug] [Thread-4 (]: On model.student_dropout.int_program_context: COMMIT
[0m23:02:16.055824 [debug] [Thread-3 (]: On model.student_dropout.int_economic_context: COMMIT
[0m23:02:16.055928 [debug] [Thread-2 (]: Using duckdb connection "model.student_dropout.int_student_demographics"
[0m23:02:16.056093 [debug] [Thread-2 (]: On model.student_dropout.int_student_demographics: COMMIT
[0m23:02:16.056297 [debug] [Thread-4 (]: SQL status: OK in 0.000 seconds
[0m23:02:16.057670 [debug] [Thread-4 (]: Using duckdb connection "model.student_dropout.int_program_context"
[0m23:02:16.057799 [debug] [Thread-4 (]: On model.student_dropout.int_program_context: /* {"app": "dbt", "dbt_version": "1.11.8", "profile_name": "student_dropout", "target_name": "dev", "node_id": "model.student_dropout.int_program_context"} */

      drop view if exists "student_dropout"."main_intermediate"."int_program_context__dbt_backup" cascade
    
[0m23:02:16.057924 [debug] [Thread-3 (]: SQL status: OK in 0.002 seconds
[0m23:02:16.058076 [debug] [Thread-2 (]: SQL status: OK in 0.002 seconds
[0m23:02:16.058900 [debug] [Thread-3 (]: Using duckdb connection "model.student_dropout.int_economic_context"
[0m23:02:16.059697 [debug] [Thread-2 (]: Using duckdb connection "model.student_dropout.int_student_demographics"
[0m23:02:16.059819 [debug] [Thread-4 (]: SQL status: OK in 0.002 seconds
[0m23:02:16.059940 [debug] [Thread-3 (]: On model.student_dropout.int_economic_context: /* {"app": "dbt", "dbt_version": "1.11.8", "profile_name": "student_dropout", "target_name": "dev", "node_id": "model.student_dropout.int_economic_context"} */

      drop view if exists "student_dropout"."main_intermediate"."int_economic_context__dbt_backup" cascade
    
[0m23:02:16.060071 [debug] [Thread-2 (]: On model.student_dropout.int_student_demographics: /* {"app": "dbt", "dbt_version": "1.11.8", "profile_name": "student_dropout", "target_name": "dev", "node_id": "model.student_dropout.int_student_demographics"} */

      drop view if exists "student_dropout"."main_intermediate"."int_student_demographics__dbt_backup" cascade
    
[0m23:02:16.060516 [debug] [Thread-4 (]: On model.student_dropout.int_program_context: Close
[0m23:02:16.060801 [debug] [Thread-4 (]: Sending event: {'category': 'dbt', 'action': 'run_model', 'label': '68b37be2-f8e2-479e-9a2d-cbb56d8a2961', 'context': [<snowplow_tracker.self_describing_json.SelfDescribingJson object at 0x10d24bd40>]}
[0m23:02:16.060946 [debug] [Thread-3 (]: SQL status: OK in 0.000 seconds
[0m23:02:16.061662 [debug] [Thread-3 (]: On model.student_dropout.int_economic_context: Close
[0m23:02:16.061787 [debug] [Thread-2 (]: SQL status: OK in 0.001 seconds
[0m23:02:16.061200 [info ] [Thread-4 (]: 3 of 5 OK created sql view model main_intermediate.int_program_context ......... [[32mOK[0m in 0.05s]
[0m23:02:16.062004 [debug] [Thread-3 (]: Sending event: {'category': 'dbt', 'action': 'run_model', 'label': '68b37be2-f8e2-479e-9a2d-cbb56d8a2961', 'context': [<snowplow_tracker.self_describing_json.SelfDescribingJson object at 0x10d739850>]}
[0m23:02:16.062414 [debug] [Thread-2 (]: On model.student_dropout.int_student_demographics: Close
[0m23:02:16.062599 [debug] [Thread-4 (]: Finished running node model.student_dropout.int_program_context
[0m23:02:16.062810 [info ] [Thread-3 (]: 2 of 5 OK created sql view model main_intermediate.int_economic_context ........ [[32mOK[0m in 0.05s]
[0m23:02:16.063011 [debug] [Thread-2 (]: Sending event: {'category': 'dbt', 'action': 'run_model', 'label': '68b37be2-f8e2-479e-9a2d-cbb56d8a2961', 'context': [<snowplow_tracker.self_describing_json.SelfDescribingJson object at 0x10d7897c0>]}
[0m23:02:16.063258 [debug] [Thread-3 (]: Finished running node model.student_dropout.int_economic_context
[0m23:02:16.063465 [info ] [Thread-2 (]: 4 of 5 OK created sql view model main_intermediate.int_student_demographics .... [[32mOK[0m in 0.05s]
[0m23:02:16.063681 [debug] [Thread-2 (]: Finished running node model.student_dropout.int_student_demographics
[0m23:02:16.063932 [debug] [Thread-1 (]: Began running node model.student_dropout.fct_enrollment_outcomes
[0m23:02:16.064125 [info ] [Thread-1 (]: 5 of 5 START sql table model main_marts.fct_enrollment_outcomes ................ [RUN]
[0m23:02:16.064280 [debug] [Thread-1 (]: Re-using an available connection from the pool (formerly model.student_dropout.stg_students, now model.student_dropout.fct_enrollment_outcomes)
[0m23:02:16.064404 [debug] [Thread-1 (]: Began compiling node model.student_dropout.fct_enrollment_outcomes
[0m23:02:16.065772 [debug] [Thread-1 (]: Writing injected SQL for node "model.student_dropout.fct_enrollment_outcomes"
[0m23:02:16.066261 [debug] [Thread-1 (]: Began executing node model.student_dropout.fct_enrollment_outcomes
[0m23:02:16.073202 [debug] [Thread-1 (]: Writing runtime sql for node "model.student_dropout.fct_enrollment_outcomes"
[0m23:02:16.073524 [debug] [Thread-1 (]: Using duckdb connection "model.student_dropout.fct_enrollment_outcomes"
[0m23:02:16.073640 [debug] [Thread-1 (]: On model.student_dropout.fct_enrollment_outcomes: BEGIN
[0m23:02:16.073742 [debug] [Thread-1 (]: Opening a new connection, currently in state closed
[0m23:02:16.073959 [debug] [Thread-1 (]: SQL status: OK in 0.000 seconds
[0m23:02:16.074074 [debug] [Thread-1 (]: Using duckdb connection "model.student_dropout.fct_enrollment_outcomes"
[0m23:02:16.074229 [debug] [Thread-1 (]: On model.student_dropout.fct_enrollment_outcomes: /* {"app": "dbt", "dbt_version": "1.11.8", "profile_name": "student_dropout", "target_name": "dev", "node_id": "model.student_dropout.fct_enrollment_outcomes"} */

  
    
    

    create  table
      "student_dropout"."main_marts"."fct_enrollment_outcomes__dbt_tmp"
  
    as (
      -- fct_enrollment_outcomes.sql
-- Fact table at student grain.
-- Holds academic performance metrics, foreign keys to dimensions,
-- demographic attributes, macroeconomic context, and the outcome target.

with students as (
    select
        row_number() over () as student_key,
        *
    from "student_dropout"."main_staging"."stg_students"
),

program_keys as (
    select * from "student_dropout"."main_intermediate"."int_program_context"
),

economic_keys as (
    select * from "student_dropout"."main_intermediate"."int_economic_context"
),

demographics as (
    select * from "student_dropout"."main_intermediate"."int_student_demographics"
)

select
    -- keys
    s.student_key,
    p.program_key,
    e.economic_context_key,

    -- enrollment context
    s.application_mode,
    s.application_order,
    s.previous_qualification,
    s.previous_qualification_grade,
    s.admission_grade,

    -- financial
    s.is_scholarship_holder,
    s.tuition_fees_up_to_date,
    s.is_debtor,

    -- demographics (from int_student_demographics)
    d.age_at_enrollment,
    d.gender,
    d.gender_label,
    d.nationality,
    d.is_international,
    d.is_displaced,
    d.has_special_needs,
    d.marital_status,
    d.marital_status_label,
    d.mothers_qualification,
    d.fathers_qualification,
    d.mothers_occupation,
    d.fathers_occupation,

    -- macroeconomic context (from int_economic_context)
    e.unemployment_rate,
    e.inflation_rate,
    e.gdp,

    -- semester 1 performance
    s.sem1_units_credited,
    s.sem1_units_enrolled,
    s.sem1_evaluations,
    s.sem1_units_approved,
    s.sem1_grade,
    s.sem1_units_no_eval,

    -- semester 2 performance
    s.sem2_units_credited,
    s.sem2_units_enrolled,
    s.sem2_evaluations,
    s.sem2_units_approved,
    s.sem2_grade,
    s.sem2_units_no_eval,

    -- derived metrics (DuckDB-compatible, no safe_divide)
    case
        when s.sem1_units_enrolled = 0 then null
        else cast(s.sem1_units_approved as double) / s.sem1_units_enrolled
    end as sem1_approval_rate,
    case
        when s.sem2_units_enrolled = 0 then null
        else cast(s.sem2_units_approved as double) / s.sem2_units_enrolled
    end as sem2_approval_rate,

    -- target
    s.outcome

from students s
left join program_keys p
    on p.course_id = s.course_id
    and p.attendance_type = s.attendance_type
left join economic_keys e
    on e.unemployment_rate = s.unemployment_rate
    and e.inflation_rate = s.inflation_rate
    and e.gdp = s.gdp
left join demographics d
    on d.student_key = s.student_key
    );
  
  
[0m23:02:16.183672 [debug] [Thread-1 (]: SQL status: OK in 0.109 seconds
[0m23:02:16.185814 [debug] [Thread-1 (]: Using duckdb connection "model.student_dropout.fct_enrollment_outcomes"
[0m23:02:16.185957 [debug] [Thread-1 (]: On model.student_dropout.fct_enrollment_outcomes: /* {"app": "dbt", "dbt_version": "1.11.8", "profile_name": "student_dropout", "target_name": "dev", "node_id": "model.student_dropout.fct_enrollment_outcomes"} */

    SELECT index_name
    FROM duckdb_indexes()
    WHERE schema_name = 'main_marts'
      AND table_name = 'fct_enrollment_outcomes'
  
[0m23:02:16.186260 [debug] [Thread-1 (]: SQL status: OK in 0.000 seconds
[0m23:02:16.186659 [debug] [Thread-1 (]: Using duckdb connection "model.student_dropout.fct_enrollment_outcomes"
[0m23:02:16.186779 [debug] [Thread-1 (]: On model.student_dropout.fct_enrollment_outcomes: /* {"app": "dbt", "dbt_version": "1.11.8", "profile_name": "student_dropout", "target_name": "dev", "node_id": "model.student_dropout.fct_enrollment_outcomes"} */

    SELECT COUNT(*) as remaining_indexes
    FROM duckdb_indexes()
    WHERE schema_name = 'main_marts'
      AND table_name = 'fct_enrollment_outcomes'
  
[0m23:02:16.187066 [debug] [Thread-1 (]: SQL status: OK in 0.000 seconds
[0m23:02:16.188223 [debug] [Thread-1 (]: Using duckdb connection "model.student_dropout.fct_enrollment_outcomes"
[0m23:02:16.188341 [debug] [Thread-1 (]: On model.student_dropout.fct_enrollment_outcomes: /* {"app": "dbt", "dbt_version": "1.11.8", "profile_name": "student_dropout", "target_name": "dev", "node_id": "model.student_dropout.fct_enrollment_outcomes"} */
alter table "student_dropout"."main_marts"."fct_enrollment_outcomes" rename to "fct_enrollment_outcomes__dbt_backup"
[0m23:02:16.188549 [debug] [Thread-1 (]: SQL status: OK in 0.000 seconds
[0m23:02:16.189424 [debug] [Thread-1 (]: Using duckdb connection "model.student_dropout.fct_enrollment_outcomes"
[0m23:02:16.189531 [debug] [Thread-1 (]: On model.student_dropout.fct_enrollment_outcomes: /* {"app": "dbt", "dbt_version": "1.11.8", "profile_name": "student_dropout", "target_name": "dev", "node_id": "model.student_dropout.fct_enrollment_outcomes"} */
alter table "student_dropout"."main_marts"."fct_enrollment_outcomes__dbt_tmp" rename to "fct_enrollment_outcomes"
[0m23:02:16.189714 [debug] [Thread-1 (]: SQL status: OK in 0.000 seconds
[0m23:02:16.191382 [debug] [Thread-1 (]: On model.student_dropout.fct_enrollment_outcomes: COMMIT
[0m23:02:16.191497 [debug] [Thread-1 (]: Using duckdb connection "model.student_dropout.fct_enrollment_outcomes"
[0m23:02:16.191595 [debug] [Thread-1 (]: On model.student_dropout.fct_enrollment_outcomes: COMMIT
[0m23:02:16.193576 [debug] [Thread-1 (]: SQL status: OK in 0.002 seconds
[0m23:02:16.194314 [debug] [Thread-1 (]: Using duckdb connection "model.student_dropout.fct_enrollment_outcomes"
[0m23:02:16.194422 [debug] [Thread-1 (]: On model.student_dropout.fct_enrollment_outcomes: /* {"app": "dbt", "dbt_version": "1.11.8", "profile_name": "student_dropout", "target_name": "dev", "node_id": "model.student_dropout.fct_enrollment_outcomes"} */

      drop table if exists "student_dropout"."main_marts"."fct_enrollment_outcomes__dbt_backup" cascade
    
[0m23:02:16.194733 [debug] [Thread-1 (]: SQL status: OK in 0.000 seconds
[0m23:02:16.195121 [debug] [Thread-1 (]: On model.student_dropout.fct_enrollment_outcomes: Close
[0m23:02:16.195307 [debug] [Thread-1 (]: Sending event: {'category': 'dbt', 'action': 'run_model', 'label': '68b37be2-f8e2-479e-9a2d-cbb56d8a2961', 'context': [<snowplow_tracker.self_describing_json.SelfDescribingJson object at 0x10d72d250>]}
[0m23:02:16.195512 [info ] [Thread-1 (]: 5 of 5 OK created sql table model main_marts.fct_enrollment_outcomes ........... [[32mOK[0m in 0.13s]
[0m23:02:16.195712 [debug] [Thread-1 (]: Finished running node model.student_dropout.fct_enrollment_outcomes
[0m23:02:16.196210 [debug] [MainThread]: Using duckdb connection "master"
[0m23:02:16.196325 [debug] [MainThread]: On master: BEGIN
[0m23:02:16.196417 [debug] [MainThread]: Opening a new connection, currently in state closed
[0m23:02:16.196594 [debug] [MainThread]: SQL status: OK in 0.000 seconds
[0m23:02:16.196686 [debug] [MainThread]: On master: COMMIT
[0m23:02:16.196770 [debug] [MainThread]: Using duckdb connection "master"
[0m23:02:16.196850 [debug] [MainThread]: On master: COMMIT
[0m23:02:16.196983 [debug] [MainThread]: SQL status: OK in 0.000 seconds
[0m23:02:16.197072 [debug] [MainThread]: On master: Close
[0m23:02:16.197192 [debug] [MainThread]: Connection 'master' was properly closed.
[0m23:02:16.197273 [debug] [MainThread]: Connection 'model.student_dropout.fct_enrollment_outcomes' was properly closed.
[0m23:02:16.197348 [debug] [MainThread]: Connection 'model.student_dropout.int_student_demographics' was properly closed.
[0m23:02:16.197422 [debug] [MainThread]: Connection 'model.student_dropout.int_economic_context' was properly closed.
[0m23:02:16.197496 [debug] [MainThread]: Connection 'model.student_dropout.int_program_context' was properly closed.
[0m23:02:16.197607 [info ] [MainThread]: 
[0m23:02:16.197727 [info ] [MainThread]: Finished running 1 table model, 4 view models in 0 hours 0 minutes and 0.30 seconds (0.30s).
[0m23:02:16.198077 [debug] [MainThread]: Command end result
[0m23:02:16.209514 [debug] [MainThread]: Wrote artifact WritableManifest to /Users/ogdata-mpb16/Documents/DataScienceProjects/student-dropout-retention-predictor/dbt/target/manifest.json
[0m23:02:16.210189 [debug] [MainThread]: Wrote artifact SemanticManifest to /Users/ogdata-mpb16/Documents/DataScienceProjects/student-dropout-retention-predictor/dbt/target/semantic_manifest.json
[0m23:02:16.212260 [debug] [MainThread]: Wrote artifact RunExecutionResult to /Users/ogdata-mpb16/Documents/DataScienceProjects/student-dropout-retention-predictor/dbt/target/run_results.json
[0m23:02:16.212376 [info ] [MainThread]: 
[0m23:02:16.212505 [info ] [MainThread]: [32mCompleted successfully[0m
[0m23:02:16.212608 [info ] [MainThread]: 
[0m23:02:16.212723 [info ] [MainThread]: Done. PASS=5 WARN=0 ERROR=0 SKIP=0 NO-OP=0 TOTAL=5
[0m23:02:16.213904 [debug] [MainThread]: Resource report: {"command_name": "run", "command_success": true, "command_wall_clock_time": 0.7228182, "process_in_blocks": "0", "process_kernel_time": 0.126925, "process_mem_max_rss": "202817536", "process_out_blocks": "0", "process_user_time": 1.206171}
[0m23:02:16.214058 [debug] [MainThread]: Command `dbt run` succeeded at 23:02:16.214031 after 0.72 seconds
[0m23:02:16.214178 [debug] [MainThread]: Sending event: {'category': 'dbt', 'action': 'invocation', 'label': 'end', 'context': [<snowplow_tracker.self_describing_json.SelfDescribingJson object at 0x10c4adf10>, <snowplow_tracker.self_describing_json.SelfDescribingJson object at 0x10c421e50>, <snowplow_tracker.self_describing_json.SelfDescribingJson object at 0x10c421880>]}
[0m23:02:16.214292 [debug] [MainThread]: Flushing usage events
[0m23:02:16.615396 [debug] [MainThread]: An error was encountered while trying to flush usage events
[0m23:02:23.592238 [debug] [MainThread]: Sending event: {'category': 'dbt', 'action': 'invocation', 'label': 'start', 'context': [<snowplow_tracker.self_describing_json.SelfDescribingJson object at 0x10521df10>, <snowplow_tracker.self_describing_json.SelfDescribingJson object at 0x111625f10>, <snowplow_tracker.self_describing_json.SelfDescribingJson object at 0x111625c70>]}


============================== 23:02:23.593765 | 882b5e11-5a3a-4b35-9e57-26a252c278ee ==============================
[0m23:02:23.593765 [info ] [MainThread]: Running with dbt=1.11.8
[0m23:02:23.594018 [debug] [MainThread]: running dbt with arguments {'fail_fast': 'False', 'warn_error': 'None', 'partial_parse': 'True', 'log_cache_events': 'False', 'no_print': 'None', 'empty': 'None', 'quiet': 'False', 'target_path': 'None', 'warn_error_options': 'WarnErrorOptionsV2(error=[], warn=[], silence=[])', 'use_colors': 'True', 'static_parser': 'True', 'introspect': 'True', 'log_format': 'default', 'version_check': 'True', 'indirect_selection': 'eager', 'send_anonymous_usage_stats': 'True', 'invocation_command': 'dbt test', 'debug': 'False', 'use_experimental_parser': 'False', 'write_json': 'True', 'cache_selected_only': 'False', 'printer_width': '80', 'profiles_dir': '/Users/ogdata-mpb16/Documents/DataScienceProjects/student-dropout-retention-predictor/dbt', 'log_path': '/Users/ogdata-mpb16/Documents/DataScienceProjects/student-dropout-retention-predictor/dbt/logs'}
[0m23:02:23.667115 [debug] [MainThread]: Sending event: {'category': 'dbt', 'action': 'project_id', 'label': '882b5e11-5a3a-4b35-9e57-26a252c278ee', 'context': [<snowplow_tracker.self_describing_json.SelfDescribingJson object at 0x1123ba720>]}
[0m23:02:23.687332 [debug] [MainThread]: Sending event: {'category': 'dbt', 'action': 'adapter_info', 'label': '882b5e11-5a3a-4b35-9e57-26a252c278ee', 'context': [<snowplow_tracker.self_describing_json.SelfDescribingJson object at 0x11047cbf0>]}
[0m23:02:23.688029 [info ] [MainThread]: Registered adapter: duckdb=1.10.1
[0m23:02:23.730992 [debug] [MainThread]: checksum: 7d524ac048c2100769df89d592e662e060a73ca564e31bd9c2a37efdfe8d8ab6, vars: {}, profile: , target: , version: 1.11.8
[0m23:02:23.772832 [debug] [MainThread]: Partial parsing enabled: 0 files deleted, 0 files added, 0 files changed.
[0m23:02:23.773009 [debug] [MainThread]: Nothing changed, skipping partial parsing.
[0m23:02:23.773109 [debug] [MainThread]: Partial parsing enabled, no changes found, skipping parsing
[0m23:02:23.789138 [debug] [MainThread]: Sending event: {'category': 'dbt', 'action': 'load_project', 'label': '882b5e11-5a3a-4b35-9e57-26a252c278ee', 'context': [<snowplow_tracker.self_describing_json.SelfDescribingJson object at 0x112422870>]}
[0m23:02:23.822243 [debug] [MainThread]: Wrote artifact WritableManifest to /Users/ogdata-mpb16/Documents/DataScienceProjects/student-dropout-retention-predictor/dbt/target/manifest.json
[0m23:02:23.822989 [debug] [MainThread]: Wrote artifact SemanticManifest to /Users/ogdata-mpb16/Documents/DataScienceProjects/student-dropout-retention-predictor/dbt/target/semantic_manifest.json
[0m23:02:23.829408 [debug] [MainThread]: Sending event: {'category': 'dbt', 'action': 'resource_counts', 'label': '882b5e11-5a3a-4b35-9e57-26a252c278ee', 'context': [<snowplow_tracker.self_describing_json.SelfDescribingJson object at 0x11296f410>]}
[0m23:02:23.829588 [info ] [MainThread]: Found 5 models, 12 data tests, 1 source, 475 macros
[0m23:02:23.829724 [debug] [MainThread]: Sending event: {'category': 'dbt', 'action': 'runnable_timing', 'label': '882b5e11-5a3a-4b35-9e57-26a252c278ee', 'context': [<snowplow_tracker.self_describing_json.SelfDescribingJson object at 0x112462060>]}
[0m23:02:23.830554 [info ] [MainThread]: 
[0m23:02:23.830689 [info ] [MainThread]: Concurrency: 4 threads (target='dev')
[0m23:02:23.830798 [info ] [MainThread]: 
[0m23:02:23.830981 [debug] [MainThread]: Acquiring new duckdb connection 'master'
[0m23:02:23.832615 [debug] [ThreadPool]: Acquiring new duckdb connection 'list_student_dropout_main_intermediate'
[0m23:02:23.832878 [debug] [ThreadPool]: Acquiring new duckdb connection 'list_student_dropout_main_staging'
[0m23:02:23.838221 [debug] [ThreadPool]: Acquiring new duckdb connection 'list_student_dropout_main_marts'
[0m23:02:23.850052 [debug] [ThreadPool]: Using duckdb connection "list_student_dropout_main_intermediate"
[0m23:02:23.850225 [debug] [ThreadPool]: Using duckdb connection "list_student_dropout_main_staging"
[0m23:02:23.850337 [debug] [ThreadPool]: Using duckdb connection "list_student_dropout_main_marts"
[0m23:02:23.850436 [debug] [ThreadPool]: On list_student_dropout_main_intermediate: BEGIN
[0m23:02:23.850537 [debug] [ThreadPool]: On list_student_dropout_main_staging: BEGIN
[0m23:02:23.850627 [debug] [ThreadPool]: On list_student_dropout_main_marts: BEGIN
[0m23:02:23.850720 [debug] [ThreadPool]: Opening a new connection, currently in state init
[0m23:02:23.850811 [debug] [ThreadPool]: Opening a new connection, currently in state init
[0m23:02:23.850900 [debug] [ThreadPool]: Opening a new connection, currently in state init
[0m23:02:23.856444 [debug] [ThreadPool]: SQL status: OK in 0.006 seconds
[0m23:02:23.856616 [debug] [ThreadPool]: Using duckdb connection "list_student_dropout_main_intermediate"
[0m23:02:23.856743 [debug] [ThreadPool]: On list_student_dropout_main_intermediate: /* {"app": "dbt", "dbt_version": "1.11.8", "profile_name": "student_dropout", "target_name": "dev", "connection_name": "list_student_dropout_main_intermediate"} */
select
      'student_dropout' as database,
      table_name as name,
      table_schema as schema,
      CASE table_type
        WHEN 'BASE TABLE' THEN 'table'
        WHEN 'VIEW' THEN 'view'
        WHEN 'LOCAL TEMPORARY' THEN 'table'
        END as type
    from system.information_schema.tables
    where lower(table_schema) = 'main_intermediate'
    and lower(table_catalog) = 'student_dropout'
  
[0m23:02:23.856865 [debug] [ThreadPool]: SQL status: OK in 0.006 seconds
[0m23:02:23.856964 [debug] [ThreadPool]: SQL status: OK in 0.006 seconds
[0m23:02:23.857119 [debug] [ThreadPool]: Using duckdb connection "list_student_dropout_main_marts"
[0m23:02:23.857233 [debug] [ThreadPool]: Using duckdb connection "list_student_dropout_main_staging"
[0m23:02:23.857351 [debug] [ThreadPool]: On list_student_dropout_main_marts: /* {"app": "dbt", "dbt_version": "1.11.8", "profile_name": "student_dropout", "target_name": "dev", "connection_name": "list_student_dropout_main_marts"} */
select
      'student_dropout' as database,
      table_name as name,
      table_schema as schema,
      CASE table_type
        WHEN 'BASE TABLE' THEN 'table'
        WHEN 'VIEW' THEN 'view'
        WHEN 'LOCAL TEMPORARY' THEN 'table'
        END as type
    from system.information_schema.tables
    where lower(table_schema) = 'main_marts'
    and lower(table_catalog) = 'student_dropout'
  
[0m23:02:23.857468 [debug] [ThreadPool]: On list_student_dropout_main_staging: /* {"app": "dbt", "dbt_version": "1.11.8", "profile_name": "student_dropout", "target_name": "dev", "connection_name": "list_student_dropout_main_staging"} */
select
      'student_dropout' as database,
      table_name as name,
      table_schema as schema,
      CASE table_type
        WHEN 'BASE TABLE' THEN 'table'
        WHEN 'VIEW' THEN 'view'
        WHEN 'LOCAL TEMPORARY' THEN 'table'
        END as type
    from system.information_schema.tables
    where lower(table_schema) = 'main_staging'
    and lower(table_catalog) = 'student_dropout'
  
[0m23:02:23.858599 [debug] [ThreadPool]: SQL status: OK in 0.001 seconds
[0m23:02:23.858759 [debug] [ThreadPool]: SQL status: OK in 0.002 seconds
[0m23:02:23.858903 [debug] [ThreadPool]: SQL status: OK in 0.001 seconds
[0m23:02:23.859365 [debug] [ThreadPool]: On list_student_dropout_main_marts: ROLLBACK
[0m23:02:23.859811 [debug] [ThreadPool]: On list_student_dropout_main_intermediate: ROLLBACK
[0m23:02:23.860215 [debug] [ThreadPool]: On list_student_dropout_main_staging: ROLLBACK
[0m23:02:23.860770 [debug] [ThreadPool]: Failed to rollback 'list_student_dropout_main_intermediate'
[0m23:02:23.861108 [debug] [ThreadPool]: Failed to rollback 'list_student_dropout_main_marts'
[0m23:02:23.861225 [debug] [ThreadPool]: On list_student_dropout_main_intermediate: Close
[0m23:02:23.861516 [debug] [ThreadPool]: Failed to rollback 'list_student_dropout_main_staging'
[0m23:02:23.861625 [debug] [ThreadPool]: On list_student_dropout_main_marts: Close
[0m23:02:23.861807 [debug] [ThreadPool]: On list_student_dropout_main_staging: Close
[0m23:02:23.862415 [debug] [MainThread]: Sending event: {'category': 'dbt', 'action': 'runnable_timing', 'label': '882b5e11-5a3a-4b35-9e57-26a252c278ee', 'context': [<snowplow_tracker.self_describing_json.SelfDescribingJson object at 0x1053eac90>]}
[0m23:02:23.862578 [debug] [MainThread]: Using duckdb connection "master"
[0m23:02:23.862676 [debug] [MainThread]: On master: BEGIN
[0m23:02:23.862761 [debug] [MainThread]: Opening a new connection, currently in state init
[0m23:02:23.862935 [debug] [MainThread]: SQL status: OK in 0.000 seconds
[0m23:02:23.863033 [debug] [MainThread]: On master: COMMIT
[0m23:02:23.863122 [debug] [MainThread]: Using duckdb connection "master"
[0m23:02:23.863204 [debug] [MainThread]: On master: COMMIT
[0m23:02:23.863337 [debug] [MainThread]: SQL status: OK in 0.000 seconds
[0m23:02:23.863432 [debug] [MainThread]: On master: Close
[0m23:02:23.864285 [debug] [Thread-1 (]: Began running node test.student_dropout.accepted_values_fct_enrollment_outcomes_outcome__Dropout__Enrolled__Graduate.6f5acbe8d3
[0m23:02:23.864431 [debug] [Thread-2 (]: Began running node test.student_dropout.accepted_values_stg_students_outcome__Dropout__Enrolled__Graduate.b6987725e8
[0m23:02:23.864730 [debug] [Thread-3 (]: Began running node test.student_dropout.not_null_fct_enrollment_outcomes_outcome.5dc63d9a92
[0m23:02:23.864600 [info ] [Thread-1 (]: 1 of 12 START test accepted_values_fct_enrollment_outcomes_outcome__Dropout__Enrolled__Graduate  [RUN]
[0m23:02:23.864930 [info ] [Thread-2 (]: 2 of 12 START test accepted_values_stg_students_outcome__Dropout__Enrolled__Graduate  [RUN]
[0m23:02:23.865088 [debug] [Thread-4 (]: Began running node test.student_dropout.not_null_fct_enrollment_outcomes_student_key.dcd4a8c056
[0m23:02:23.865203 [info ] [Thread-3 (]: 3 of 12 START test not_null_fct_enrollment_outcomes_outcome .................... [RUN]
[0m23:02:23.865360 [debug] [Thread-1 (]: Re-using an available connection from the pool (formerly list_student_dropout_main_intermediate, now test.student_dropout.accepted_values_fct_enrollment_outcomes_outcome__Dropout__Enrolled__Graduate.6f5acbe8d3)
[0m23:02:23.865485 [debug] [Thread-2 (]: Re-using an available connection from the pool (formerly list_student_dropout_main_staging, now test.student_dropout.accepted_values_stg_students_outcome__Dropout__Enrolled__Graduate.b6987725e8)
[0m23:02:23.865716 [info ] [Thread-4 (]: 4 of 12 START test not_null_fct_enrollment_outcomes_student_key ................ [RUN]
[0m23:02:23.865868 [debug] [Thread-3 (]: Re-using an available connection from the pool (formerly list_student_dropout_main_marts, now test.student_dropout.not_null_fct_enrollment_outcomes_outcome.5dc63d9a92)
[0m23:02:23.865987 [debug] [Thread-1 (]: Began compiling node test.student_dropout.accepted_values_fct_enrollment_outcomes_outcome__Dropout__Enrolled__Graduate.6f5acbe8d3
[0m23:02:23.866098 [debug] [Thread-2 (]: Began compiling node test.student_dropout.accepted_values_stg_students_outcome__Dropout__Enrolled__Graduate.b6987725e8
[0m23:02:23.866242 [debug] [Thread-4 (]: Acquiring new duckdb connection 'test.student_dropout.not_null_fct_enrollment_outcomes_student_key.dcd4a8c056'
[0m23:02:23.866352 [debug] [Thread-3 (]: Began compiling node test.student_dropout.not_null_fct_enrollment_outcomes_outcome.5dc63d9a92
[0m23:02:23.872289 [debug] [Thread-1 (]: Writing injected SQL for node "test.student_dropout.accepted_values_fct_enrollment_outcomes_outcome__Dropout__Enrolled__Graduate.6f5acbe8d3"
[0m23:02:23.874119 [debug] [Thread-2 (]: Writing injected SQL for node "test.student_dropout.accepted_values_stg_students_outcome__Dropout__Enrolled__Graduate.b6987725e8"
[0m23:02:23.874293 [debug] [Thread-4 (]: Began compiling node test.student_dropout.not_null_fct_enrollment_outcomes_student_key.dcd4a8c056
[0m23:02:23.877021 [debug] [Thread-3 (]: Writing injected SQL for node "test.student_dropout.not_null_fct_enrollment_outcomes_outcome.5dc63d9a92"
[0m23:02:23.879137 [debug] [Thread-4 (]: Writing injected SQL for node "test.student_dropout.not_null_fct_enrollment_outcomes_student_key.dcd4a8c056"
[0m23:02:23.879442 [debug] [Thread-2 (]: Began executing node test.student_dropout.accepted_values_stg_students_outcome__Dropout__Enrolled__Graduate.b6987725e8
[0m23:02:23.879573 [debug] [Thread-3 (]: Began executing node test.student_dropout.not_null_fct_enrollment_outcomes_outcome.5dc63d9a92
[0m23:02:23.879687 [debug] [Thread-1 (]: Began executing node test.student_dropout.accepted_values_fct_enrollment_outcomes_outcome__Dropout__Enrolled__Graduate.6f5acbe8d3
[0m23:02:23.904190 [debug] [Thread-2 (]: Writing runtime sql for node "test.student_dropout.accepted_values_stg_students_outcome__Dropout__Enrolled__Graduate.b6987725e8"
[0m23:02:23.905127 [debug] [Thread-3 (]: Writing runtime sql for node "test.student_dropout.not_null_fct_enrollment_outcomes_outcome.5dc63d9a92"
[0m23:02:23.905267 [debug] [Thread-4 (]: Began executing node test.student_dropout.not_null_fct_enrollment_outcomes_student_key.dcd4a8c056
[0m23:02:23.906115 [debug] [Thread-1 (]: Writing runtime sql for node "test.student_dropout.accepted_values_fct_enrollment_outcomes_outcome__Dropout__Enrolled__Graduate.6f5acbe8d3"
[0m23:02:23.907049 [debug] [Thread-4 (]: Writing runtime sql for node "test.student_dropout.not_null_fct_enrollment_outcomes_student_key.dcd4a8c056"
[0m23:02:23.907367 [debug] [Thread-2 (]: Using duckdb connection "test.student_dropout.accepted_values_stg_students_outcome__Dropout__Enrolled__Graduate.b6987725e8"
[0m23:02:23.907533 [debug] [Thread-3 (]: Using duckdb connection "test.student_dropout.not_null_fct_enrollment_outcomes_outcome.5dc63d9a92"
[0m23:02:23.907759 [debug] [Thread-2 (]: On test.student_dropout.accepted_values_stg_students_outcome__Dropout__Enrolled__Graduate.b6987725e8: BEGIN
[0m23:02:23.907907 [debug] [Thread-3 (]: On test.student_dropout.not_null_fct_enrollment_outcomes_outcome.5dc63d9a92: BEGIN
[0m23:02:23.908054 [debug] [Thread-4 (]: Using duckdb connection "test.student_dropout.not_null_fct_enrollment_outcomes_student_key.dcd4a8c056"
[0m23:02:23.908212 [debug] [Thread-1 (]: Using duckdb connection "test.student_dropout.accepted_values_fct_enrollment_outcomes_outcome__Dropout__Enrolled__Graduate.6f5acbe8d3"
[0m23:02:23.908354 [debug] [Thread-2 (]: Opening a new connection, currently in state closed
[0m23:02:23.908477 [debug] [Thread-3 (]: Opening a new connection, currently in state closed
[0m23:02:23.908602 [debug] [Thread-4 (]: On test.student_dropout.not_null_fct_enrollment_outcomes_student_key.dcd4a8c056: BEGIN
[0m23:02:23.908736 [debug] [Thread-1 (]: On test.student_dropout.accepted_values_fct_enrollment_outcomes_outcome__Dropout__Enrolled__Graduate.6f5acbe8d3: BEGIN
[0m23:02:23.909019 [debug] [Thread-4 (]: Opening a new connection, currently in state init
[0m23:02:23.909152 [debug] [Thread-1 (]: Opening a new connection, currently in state closed
[0m23:02:23.909284 [debug] [Thread-2 (]: SQL status: OK in 0.001 seconds
[0m23:02:23.909410 [debug] [Thread-3 (]: SQL status: OK in 0.001 seconds
[0m23:02:23.909624 [debug] [Thread-2 (]: Using duckdb connection "test.student_dropout.accepted_values_stg_students_outcome__Dropout__Enrolled__Graduate.b6987725e8"
[0m23:02:23.909748 [debug] [Thread-4 (]: SQL status: OK in 0.001 seconds
[0m23:02:23.909880 [debug] [Thread-3 (]: Using duckdb connection "test.student_dropout.not_null_fct_enrollment_outcomes_outcome.5dc63d9a92"
[0m23:02:23.910003 [debug] [Thread-1 (]: SQL status: OK in 0.001 seconds
[0m23:02:23.910130 [debug] [Thread-2 (]: On test.student_dropout.accepted_values_stg_students_outcome__Dropout__Enrolled__Graduate.b6987725e8: /* {"app": "dbt", "dbt_version": "1.11.8", "profile_name": "student_dropout", "target_name": "dev", "node_id": "test.student_dropout.accepted_values_stg_students_outcome__Dropout__Enrolled__Graduate.b6987725e8"} */

    
    select
      count(*) as failures,
      count(*) != 0 as should_warn,
      count(*) != 0 as should_error
    from (
      
    
  
    
    

with all_values as (

    select
        outcome as value_field,
        count(*) as n_records

    from "student_dropout"."main_staging"."stg_students"
    group by outcome

)

select *
from all_values
where value_field not in (
    'Dropout','Enrolled','Graduate'
)



  
  
      
    ) dbt_internal_test
[0m23:02:23.910264 [debug] [Thread-4 (]: Using duckdb connection "test.student_dropout.not_null_fct_enrollment_outcomes_student_key.dcd4a8c056"
[0m23:02:23.910389 [debug] [Thread-3 (]: On test.student_dropout.not_null_fct_enrollment_outcomes_outcome.5dc63d9a92: /* {"app": "dbt", "dbt_version": "1.11.8", "profile_name": "student_dropout", "target_name": "dev", "node_id": "test.student_dropout.not_null_fct_enrollment_outcomes_outcome.5dc63d9a92"} */

    
    select
      count(*) as failures,
      count(*) != 0 as should_warn,
      count(*) != 0 as should_error
    from (
      
    
  
    
    



select outcome
from "student_dropout"."main_marts"."fct_enrollment_outcomes"
where outcome is null



  
  
      
    ) dbt_internal_test
[0m23:02:23.910515 [debug] [Thread-1 (]: Using duckdb connection "test.student_dropout.accepted_values_fct_enrollment_outcomes_outcome__Dropout__Enrolled__Graduate.6f5acbe8d3"
[0m23:02:23.910715 [debug] [Thread-4 (]: On test.student_dropout.not_null_fct_enrollment_outcomes_student_key.dcd4a8c056: /* {"app": "dbt", "dbt_version": "1.11.8", "profile_name": "student_dropout", "target_name": "dev", "node_id": "test.student_dropout.not_null_fct_enrollment_outcomes_student_key.dcd4a8c056"} */

    
    select
      count(*) as failures,
      count(*) != 0 as should_warn,
      count(*) != 0 as should_error
    from (
      
    
  
    
    



select student_key
from "student_dropout"."main_marts"."fct_enrollment_outcomes"
where student_key is null



  
  
      
    ) dbt_internal_test
[0m23:02:23.910894 [debug] [Thread-1 (]: On test.student_dropout.accepted_values_fct_enrollment_outcomes_outcome__Dropout__Enrolled__Graduate.6f5acbe8d3: /* {"app": "dbt", "dbt_version": "1.11.8", "profile_name": "student_dropout", "target_name": "dev", "node_id": "test.student_dropout.accepted_values_fct_enrollment_outcomes_outcome__Dropout__Enrolled__Graduate.6f5acbe8d3"} */

    
    select
      count(*) as failures,
      count(*) != 0 as should_warn,
      count(*) != 0 as should_error
    from (
      
    
  
    
    

with all_values as (

    select
        outcome as value_field,
        count(*) as n_records

    from "student_dropout"."main_marts"."fct_enrollment_outcomes"
    group by outcome

)

select *
from all_values
where value_field not in (
    'Dropout','Enrolled','Graduate'
)



  
  
      
    ) dbt_internal_test
[0m23:02:23.911161 [debug] [Thread-3 (]: SQL status: OK in 0.000 seconds
[0m23:02:23.911306 [debug] [Thread-4 (]: SQL status: OK in 0.000 seconds
[0m23:02:23.912818 [debug] [Thread-4 (]: On test.student_dropout.not_null_fct_enrollment_outcomes_student_key.dcd4a8c056: ROLLBACK
[0m23:02:23.913371 [debug] [Thread-3 (]: On test.student_dropout.not_null_fct_enrollment_outcomes_outcome.5dc63d9a92: ROLLBACK
[0m23:02:23.913721 [debug] [Thread-4 (]: Failed to rollback 'test.student_dropout.not_null_fct_enrollment_outcomes_student_key.dcd4a8c056'
[0m23:02:23.913852 [debug] [Thread-1 (]: SQL status: OK in 0.003 seconds
[0m23:02:23.914183 [debug] [Thread-3 (]: Failed to rollback 'test.student_dropout.not_null_fct_enrollment_outcomes_outcome.5dc63d9a92'
[0m23:02:23.914311 [debug] [Thread-4 (]: On test.student_dropout.not_null_fct_enrollment_outcomes_student_key.dcd4a8c056: Close
[0m23:02:23.914468 [debug] [Thread-3 (]: On test.student_dropout.not_null_fct_enrollment_outcomes_outcome.5dc63d9a92: Close
[0m23:02:23.914967 [debug] [Thread-1 (]: On test.student_dropout.accepted_values_fct_enrollment_outcomes_outcome__Dropout__Enrolled__Graduate.6f5acbe8d3: ROLLBACK
[0m23:02:23.915181 [info ] [Thread-4 (]: 4 of 12 PASS not_null_fct_enrollment_outcomes_student_key ...................... [[32mPASS[0m in 0.05s]
[0m23:02:23.915391 [info ] [Thread-3 (]: 3 of 12 PASS not_null_fct_enrollment_outcomes_outcome .......................... [[32mPASS[0m in 0.05s]
[0m23:02:23.915743 [debug] [Thread-1 (]: Failed to rollback 'test.student_dropout.accepted_values_fct_enrollment_outcomes_outcome__Dropout__Enrolled__Graduate.6f5acbe8d3'
[0m23:02:23.915935 [debug] [Thread-4 (]: Finished running node test.student_dropout.not_null_fct_enrollment_outcomes_student_key.dcd4a8c056
[0m23:02:23.916123 [debug] [Thread-3 (]: Finished running node test.student_dropout.not_null_fct_enrollment_outcomes_outcome.5dc63d9a92
[0m23:02:23.916254 [debug] [Thread-1 (]: On test.student_dropout.accepted_values_fct_enrollment_outcomes_outcome__Dropout__Enrolled__Graduate.6f5acbe8d3: Close
[0m23:02:23.916399 [debug] [Thread-4 (]: Began running node test.student_dropout.not_null_int_economic_context_economic_context_key.a874d0de9a
[0m23:02:23.916564 [debug] [Thread-3 (]: Began running node test.student_dropout.not_null_int_program_context_program_key.fd59564871
[0m23:02:23.916776 [info ] [Thread-1 (]: 1 of 12 PASS accepted_values_fct_enrollment_outcomes_outcome__Dropout__Enrolled__Graduate  [[32mPASS[0m in 0.05s]
[0m23:02:23.916888 [info ] [Thread-4 (]: 5 of 12 START test not_null_int_economic_context_economic_context_key .......... [RUN]
[0m23:02:23.917034 [info ] [Thread-3 (]: 6 of 12 START test not_null_int_program_context_program_key .................... [RUN]
[0m23:02:23.917268 [debug] [Thread-1 (]: Finished running node test.student_dropout.accepted_values_fct_enrollment_outcomes_outcome__Dropout__Enrolled__Graduate.6f5acbe8d3
[0m23:02:23.917428 [debug] [Thread-4 (]: Re-using an available connection from the pool (formerly test.student_dropout.not_null_fct_enrollment_outcomes_student_key.dcd4a8c056, now test.student_dropout.not_null_int_economic_context_economic_context_key.a874d0de9a)
[0m23:02:23.917570 [debug] [Thread-3 (]: Re-using an available connection from the pool (formerly test.student_dropout.not_null_fct_enrollment_outcomes_outcome.5dc63d9a92, now test.student_dropout.not_null_int_program_context_program_key.fd59564871)
[0m23:02:23.917716 [debug] [Thread-1 (]: Began running node test.student_dropout.not_null_int_student_demographics_student_key.2d69200948
[0m23:02:23.917858 [debug] [Thread-4 (]: Began compiling node test.student_dropout.not_null_int_economic_context_economic_context_key.a874d0de9a
[0m23:02:23.917986 [debug] [Thread-3 (]: Began compiling node test.student_dropout.not_null_int_program_context_program_key.fd59564871
[0m23:02:23.919619 [debug] [Thread-4 (]: Writing injected SQL for node "test.student_dropout.not_null_int_economic_context_economic_context_key.a874d0de9a"
[0m23:02:23.918116 [info ] [Thread-1 (]: 7 of 12 START test not_null_int_student_demographics_student_key ............... [RUN]
[0m23:02:23.921010 [debug] [Thread-3 (]: Writing injected SQL for node "test.student_dropout.not_null_int_program_context_program_key.fd59564871"
[0m23:02:23.921189 [debug] [Thread-1 (]: Re-using an available connection from the pool (formerly test.student_dropout.accepted_values_fct_enrollment_outcomes_outcome__Dropout__Enrolled__Graduate.6f5acbe8d3, now test.student_dropout.not_null_int_student_demographics_student_key.2d69200948)
[0m23:02:23.921354 [debug] [Thread-1 (]: Began compiling node test.student_dropout.not_null_int_student_demographics_student_key.2d69200948
[0m23:02:23.922704 [debug] [Thread-1 (]: Writing injected SQL for node "test.student_dropout.not_null_int_student_demographics_student_key.2d69200948"
[0m23:02:23.922887 [debug] [Thread-4 (]: Began executing node test.student_dropout.not_null_int_economic_context_economic_context_key.a874d0de9a
[0m23:02:23.923038 [debug] [Thread-3 (]: Began executing node test.student_dropout.not_null_int_program_context_program_key.fd59564871
[0m23:02:23.923975 [debug] [Thread-4 (]: Writing runtime sql for node "test.student_dropout.not_null_int_economic_context_economic_context_key.a874d0de9a"
[0m23:02:23.924901 [debug] [Thread-3 (]: Writing runtime sql for node "test.student_dropout.not_null_int_program_context_program_key.fd59564871"
[0m23:02:23.925143 [debug] [Thread-1 (]: Began executing node test.student_dropout.not_null_int_student_demographics_student_key.2d69200948
[0m23:02:23.926875 [debug] [Thread-1 (]: Writing runtime sql for node "test.student_dropout.not_null_int_student_demographics_student_key.2d69200948"
[0m23:02:23.927166 [debug] [Thread-4 (]: Using duckdb connection "test.student_dropout.not_null_int_economic_context_economic_context_key.a874d0de9a"
[0m23:02:23.927303 [debug] [Thread-4 (]: On test.student_dropout.not_null_int_economic_context_economic_context_key.a874d0de9a: BEGIN
[0m23:02:23.927453 [debug] [Thread-1 (]: Using duckdb connection "test.student_dropout.not_null_int_student_demographics_student_key.2d69200948"
[0m23:02:23.927619 [debug] [Thread-3 (]: Using duckdb connection "test.student_dropout.not_null_int_program_context_program_key.fd59564871"
[0m23:02:23.927758 [debug] [Thread-4 (]: Opening a new connection, currently in state closed
[0m23:02:23.927887 [debug] [Thread-1 (]: On test.student_dropout.not_null_int_student_demographics_student_key.2d69200948: BEGIN
[0m23:02:23.928019 [debug] [Thread-3 (]: On test.student_dropout.not_null_int_program_context_program_key.fd59564871: BEGIN
[0m23:02:23.928217 [debug] [Thread-1 (]: Opening a new connection, currently in state closed
[0m23:02:23.928346 [debug] [Thread-3 (]: Opening a new connection, currently in state closed
[0m23:02:23.928476 [debug] [Thread-4 (]: SQL status: OK in 0.001 seconds
[0m23:02:23.928686 [debug] [Thread-4 (]: Using duckdb connection "test.student_dropout.not_null_int_economic_context_economic_context_key.a874d0de9a"
[0m23:02:23.928828 [debug] [Thread-4 (]: On test.student_dropout.not_null_int_economic_context_economic_context_key.a874d0de9a: /* {"app": "dbt", "dbt_version": "1.11.8", "profile_name": "student_dropout", "target_name": "dev", "node_id": "test.student_dropout.not_null_int_economic_context_economic_context_key.a874d0de9a"} */

    
    select
      count(*) as failures,
      count(*) != 0 as should_warn,
      count(*) != 0 as should_error
    from (
      
    
  
    
    



select economic_context_key
from "student_dropout"."main_intermediate"."int_economic_context"
where economic_context_key is null



  
  
      
    ) dbt_internal_test
[0m23:02:23.928962 [debug] [Thread-3 (]: SQL status: OK in 0.001 seconds
[0m23:02:23.929078 [debug] [Thread-1 (]: SQL status: OK in 0.001 seconds
[0m23:02:23.929246 [debug] [Thread-3 (]: Using duckdb connection "test.student_dropout.not_null_int_program_context_program_key.fd59564871"
[0m23:02:23.929368 [debug] [Thread-1 (]: Using duckdb connection "test.student_dropout.not_null_int_student_demographics_student_key.2d69200948"
[0m23:02:23.929495 [debug] [Thread-3 (]: On test.student_dropout.not_null_int_program_context_program_key.fd59564871: /* {"app": "dbt", "dbt_version": "1.11.8", "profile_name": "student_dropout", "target_name": "dev", "node_id": "test.student_dropout.not_null_int_program_context_program_key.fd59564871"} */

    
    select
      count(*) as failures,
      count(*) != 0 as should_warn,
      count(*) != 0 as should_error
    from (
      
    
  
    
    



select program_key
from "student_dropout"."main_intermediate"."int_program_context"
where program_key is null



  
  
      
    ) dbt_internal_test
[0m23:02:23.929632 [debug] [Thread-1 (]: On test.student_dropout.not_null_int_student_demographics_student_key.2d69200948: /* {"app": "dbt", "dbt_version": "1.11.8", "profile_name": "student_dropout", "target_name": "dev", "node_id": "test.student_dropout.not_null_int_student_demographics_student_key.2d69200948"} */

    
    select
      count(*) as failures,
      count(*) != 0 as should_warn,
      count(*) != 0 as should_error
    from (
      
    
  
    
    



select student_key
from "student_dropout"."main_intermediate"."int_student_demographics"
where student_key is null



  
  
      
    ) dbt_internal_test
[0m23:02:23.939418 [debug] [Thread-2 (]: SQL status: OK in 0.029 seconds
[0m23:02:23.940194 [debug] [Thread-2 (]: On test.student_dropout.accepted_values_stg_students_outcome__Dropout__Enrolled__Graduate.b6987725e8: ROLLBACK
[0m23:02:23.940618 [debug] [Thread-2 (]: Failed to rollback 'test.student_dropout.accepted_values_stg_students_outcome__Dropout__Enrolled__Graduate.b6987725e8'
[0m23:02:23.940751 [debug] [Thread-2 (]: On test.student_dropout.accepted_values_stg_students_outcome__Dropout__Enrolled__Graduate.b6987725e8: Close
[0m23:02:23.940960 [info ] [Thread-2 (]: 2 of 12 PASS accepted_values_stg_students_outcome__Dropout__Enrolled__Graduate . [[32mPASS[0m in 0.08s]
[0m23:02:23.941138 [debug] [Thread-2 (]: Finished running node test.student_dropout.accepted_values_stg_students_outcome__Dropout__Enrolled__Graduate.b6987725e8
[0m23:02:23.941261 [debug] [Thread-2 (]: Began running node test.student_dropout.not_null_stg_students_outcome.eb621094c6
[0m23:02:23.941419 [info ] [Thread-2 (]: 8 of 12 START test not_null_stg_students_outcome ............................... [RUN]
[0m23:02:23.941613 [debug] [Thread-2 (]: Re-using an available connection from the pool (formerly test.student_dropout.accepted_values_stg_students_outcome__Dropout__Enrolled__Graduate.b6987725e8, now test.student_dropout.not_null_stg_students_outcome.eb621094c6)
[0m23:02:23.941747 [debug] [Thread-2 (]: Began compiling node test.student_dropout.not_null_stg_students_outcome.eb621094c6
[0m23:02:23.943310 [debug] [Thread-2 (]: Writing injected SQL for node "test.student_dropout.not_null_stg_students_outcome.eb621094c6"
[0m23:02:23.943572 [debug] [Thread-2 (]: Began executing node test.student_dropout.not_null_stg_students_outcome.eb621094c6
[0m23:02:23.944441 [debug] [Thread-2 (]: Writing runtime sql for node "test.student_dropout.not_null_stg_students_outcome.eb621094c6"
[0m23:02:23.944674 [debug] [Thread-2 (]: Using duckdb connection "test.student_dropout.not_null_stg_students_outcome.eb621094c6"
[0m23:02:23.944801 [debug] [Thread-2 (]: On test.student_dropout.not_null_stg_students_outcome.eb621094c6: BEGIN
[0m23:02:23.944915 [debug] [Thread-2 (]: Opening a new connection, currently in state closed
[0m23:02:23.945147 [debug] [Thread-2 (]: SQL status: OK in 0.000 seconds
[0m23:02:23.945263 [debug] [Thread-2 (]: Using duckdb connection "test.student_dropout.not_null_stg_students_outcome.eb621094c6"
[0m23:02:23.945382 [debug] [Thread-2 (]: On test.student_dropout.not_null_stg_students_outcome.eb621094c6: /* {"app": "dbt", "dbt_version": "1.11.8", "profile_name": "student_dropout", "target_name": "dev", "node_id": "test.student_dropout.not_null_stg_students_outcome.eb621094c6"} */

    
    select
      count(*) as failures,
      count(*) != 0 as should_warn,
      count(*) != 0 as should_error
    from (
      
    
  
    
    



select outcome
from "student_dropout"."main_staging"."stg_students"
where outcome is null



  
  
      
    ) dbt_internal_test
[0m23:02:23.960751 [debug] [Thread-3 (]: SQL status: OK in 0.031 seconds
[0m23:02:23.961085 [debug] [Thread-1 (]: SQL status: OK in 0.031 seconds
[0m23:02:23.961719 [debug] [Thread-3 (]: On test.student_dropout.not_null_int_program_context_program_key.fd59564871: ROLLBACK
[0m23:02:23.961921 [debug] [Thread-4 (]: SQL status: OK in 0.033 seconds
[0m23:02:23.962494 [debug] [Thread-1 (]: On test.student_dropout.not_null_int_student_demographics_student_key.2d69200948: ROLLBACK
[0m23:02:23.962886 [debug] [Thread-3 (]: Failed to rollback 'test.student_dropout.not_null_int_program_context_program_key.fd59564871'
[0m23:02:23.963268 [debug] [Thread-1 (]: Failed to rollback 'test.student_dropout.not_null_int_student_demographics_student_key.2d69200948'
[0m23:02:23.963813 [debug] [Thread-4 (]: On test.student_dropout.not_null_int_economic_context_economic_context_key.a874d0de9a: ROLLBACK
[0m23:02:23.963952 [debug] [Thread-3 (]: On test.student_dropout.not_null_int_program_context_program_key.fd59564871: Close
[0m23:02:23.964087 [debug] [Thread-1 (]: On test.student_dropout.not_null_int_student_demographics_student_key.2d69200948: Close
[0m23:02:23.964415 [debug] [Thread-4 (]: Failed to rollback 'test.student_dropout.not_null_int_economic_context_economic_context_key.a874d0de9a'
[0m23:02:23.964678 [info ] [Thread-3 (]: 6 of 12 PASS not_null_int_program_context_program_key .......................... [[32mPASS[0m in 0.05s]
[0m23:02:23.964930 [info ] [Thread-1 (]: 7 of 12 PASS not_null_int_student_demographics_student_key ..................... [[32mPASS[0m in 0.04s]
[0m23:02:23.965097 [debug] [Thread-4 (]: On test.student_dropout.not_null_int_economic_context_economic_context_key.a874d0de9a: Close
[0m23:02:23.965289 [debug] [Thread-3 (]: Finished running node test.student_dropout.not_null_int_program_context_program_key.fd59564871
[0m23:02:23.965468 [debug] [Thread-1 (]: Finished running node test.student_dropout.not_null_int_student_demographics_student_key.2d69200948
[0m23:02:23.965647 [debug] [Thread-3 (]: Began running node test.student_dropout.unique_fct_enrollment_outcomes_student_key.46f567e1cb
[0m23:02:23.965858 [info ] [Thread-4 (]: 5 of 12 PASS not_null_int_economic_context_economic_context_key ................ [[32mPASS[0m in 0.05s]
[0m23:02:23.966048 [debug] [Thread-1 (]: Began running node test.student_dropout.unique_int_economic_context_economic_context_key.cea4eb238f
[0m23:02:23.966216 [info ] [Thread-3 (]: 9 of 12 START test unique_fct_enrollment_outcomes_student_key .................. [RUN]
[0m23:02:23.966428 [debug] [Thread-4 (]: Finished running node test.student_dropout.not_null_int_economic_context_economic_context_key.a874d0de9a
[0m23:02:23.966568 [info ] [Thread-1 (]: 10 of 12 START test unique_int_economic_context_economic_context_key ........... [RUN]
[0m23:02:23.966738 [debug] [Thread-3 (]: Re-using an available connection from the pool (formerly test.student_dropout.not_null_int_program_context_program_key.fd59564871, now test.student_dropout.unique_fct_enrollment_outcomes_student_key.46f567e1cb)
[0m23:02:23.966895 [debug] [Thread-4 (]: Began running node test.student_dropout.unique_int_program_context_program_key.998275a591
[0m23:02:23.967060 [debug] [Thread-1 (]: Re-using an available connection from the pool (formerly test.student_dropout.not_null_int_student_demographics_student_key.2d69200948, now test.student_dropout.unique_int_economic_context_economic_context_key.cea4eb238f)
[0m23:02:23.967192 [debug] [Thread-3 (]: Began compiling node test.student_dropout.unique_fct_enrollment_outcomes_student_key.46f567e1cb
[0m23:02:23.967315 [info ] [Thread-4 (]: 11 of 12 START test unique_int_program_context_program_key ..................... [RUN]
[0m23:02:23.967453 [debug] [Thread-1 (]: Began compiling node test.student_dropout.unique_int_economic_context_economic_context_key.cea4eb238f
[0m23:02:23.970091 [debug] [Thread-3 (]: Writing injected SQL for node "test.student_dropout.unique_fct_enrollment_outcomes_student_key.46f567e1cb"
[0m23:02:23.970276 [debug] [Thread-4 (]: Re-using an available connection from the pool (formerly test.student_dropout.not_null_int_economic_context_economic_context_key.a874d0de9a, now test.student_dropout.unique_int_program_context_program_key.998275a591)
[0m23:02:23.971687 [debug] [Thread-1 (]: Writing injected SQL for node "test.student_dropout.unique_int_economic_context_economic_context_key.cea4eb238f"
[0m23:02:23.971888 [debug] [Thread-4 (]: Began compiling node test.student_dropout.unique_int_program_context_program_key.998275a591
[0m23:02:23.973607 [debug] [Thread-4 (]: Writing injected SQL for node "test.student_dropout.unique_int_program_context_program_key.998275a591"
[0m23:02:23.973868 [debug] [Thread-3 (]: Began executing node test.student_dropout.unique_fct_enrollment_outcomes_student_key.46f567e1cb
[0m23:02:23.974908 [debug] [Thread-3 (]: Writing runtime sql for node "test.student_dropout.unique_fct_enrollment_outcomes_student_key.46f567e1cb"
[0m23:02:23.975089 [debug] [Thread-1 (]: Began executing node test.student_dropout.unique_int_economic_context_economic_context_key.cea4eb238f
[0m23:02:23.976138 [debug] [Thread-1 (]: Writing runtime sql for node "test.student_dropout.unique_int_economic_context_economic_context_key.cea4eb238f"
[0m23:02:23.976287 [debug] [Thread-4 (]: Began executing node test.student_dropout.unique_int_program_context_program_key.998275a591
[0m23:02:23.976558 [debug] [Thread-3 (]: Using duckdb connection "test.student_dropout.unique_fct_enrollment_outcomes_student_key.46f567e1cb"
[0m23:02:23.977558 [debug] [Thread-4 (]: Writing runtime sql for node "test.student_dropout.unique_int_program_context_program_key.998275a591"
[0m23:02:23.977732 [debug] [Thread-2 (]: SQL status: OK in 0.032 seconds
[0m23:02:23.977887 [debug] [Thread-3 (]: On test.student_dropout.unique_fct_enrollment_outcomes_student_key.46f567e1cb: BEGIN
[0m23:02:23.978091 [debug] [Thread-1 (]: Using duckdb connection "test.student_dropout.unique_int_economic_context_economic_context_key.cea4eb238f"
[0m23:02:23.978259 [debug] [Thread-3 (]: Opening a new connection, currently in state closed
[0m23:02:23.978395 [debug] [Thread-1 (]: On test.student_dropout.unique_int_economic_context_economic_context_key.cea4eb238f: BEGIN
[0m23:02:23.978987 [debug] [Thread-2 (]: On test.student_dropout.not_null_stg_students_outcome.eb621094c6: ROLLBACK
[0m23:02:23.979152 [debug] [Thread-4 (]: Using duckdb connection "test.student_dropout.unique_int_program_context_program_key.998275a591"
[0m23:02:23.979365 [debug] [Thread-1 (]: Opening a new connection, currently in state closed
[0m23:02:23.979529 [debug] [Thread-3 (]: SQL status: OK in 0.001 seconds
[0m23:02:23.979647 [debug] [Thread-4 (]: On test.student_dropout.unique_int_program_context_program_key.998275a591: BEGIN
[0m23:02:23.979972 [debug] [Thread-2 (]: Failed to rollback 'test.student_dropout.not_null_stg_students_outcome.eb621094c6'
[0m23:02:23.980161 [debug] [Thread-3 (]: Using duckdb connection "test.student_dropout.unique_fct_enrollment_outcomes_student_key.46f567e1cb"
[0m23:02:23.980288 [debug] [Thread-4 (]: Opening a new connection, currently in state closed
[0m23:02:23.980418 [debug] [Thread-1 (]: SQL status: OK in 0.001 seconds
[0m23:02:23.980541 [debug] [Thread-2 (]: On test.student_dropout.not_null_stg_students_outcome.eb621094c6: Close
[0m23:02:23.980682 [debug] [Thread-3 (]: On test.student_dropout.unique_fct_enrollment_outcomes_student_key.46f567e1cb: /* {"app": "dbt", "dbt_version": "1.11.8", "profile_name": "student_dropout", "target_name": "dev", "node_id": "test.student_dropout.unique_fct_enrollment_outcomes_student_key.46f567e1cb"} */

    
    select
      count(*) as failures,
      count(*) != 0 as should_warn,
      count(*) != 0 as should_error
    from (
      
    
  
    
    

select
    student_key as unique_field,
    count(*) as n_records

from "student_dropout"."main_marts"."fct_enrollment_outcomes"
where student_key is not null
group by student_key
having count(*) > 1



  
  
      
    ) dbt_internal_test
[0m23:02:23.980855 [debug] [Thread-1 (]: Using duckdb connection "test.student_dropout.unique_int_economic_context_economic_context_key.cea4eb238f"
[0m23:02:23.980997 [debug] [Thread-4 (]: SQL status: OK in 0.001 seconds
[0m23:02:23.981200 [info ] [Thread-2 (]: 8 of 12 PASS not_null_stg_students_outcome ..................................... [[32mPASS[0m in 0.04s]
[0m23:02:23.981421 [debug] [Thread-1 (]: On test.student_dropout.unique_int_economic_context_economic_context_key.cea4eb238f: /* {"app": "dbt", "dbt_version": "1.11.8", "profile_name": "student_dropout", "target_name": "dev", "node_id": "test.student_dropout.unique_int_economic_context_economic_context_key.cea4eb238f"} */

    
    select
      count(*) as failures,
      count(*) != 0 as should_warn,
      count(*) != 0 as should_error
    from (
      
    
  
    
    

select
    economic_context_key as unique_field,
    count(*) as n_records

from "student_dropout"."main_intermediate"."int_economic_context"
where economic_context_key is not null
group by economic_context_key
having count(*) > 1



  
  
      
    ) dbt_internal_test
[0m23:02:23.981556 [debug] [Thread-4 (]: Using duckdb connection "test.student_dropout.unique_int_program_context_program_key.998275a591"
[0m23:02:23.981765 [debug] [Thread-2 (]: Finished running node test.student_dropout.not_null_stg_students_outcome.eb621094c6
[0m23:02:23.982078 [debug] [Thread-4 (]: On test.student_dropout.unique_int_program_context_program_key.998275a591: /* {"app": "dbt", "dbt_version": "1.11.8", "profile_name": "student_dropout", "target_name": "dev", "node_id": "test.student_dropout.unique_int_program_context_program_key.998275a591"} */

    
    select
      count(*) as failures,
      count(*) != 0 as should_warn,
      count(*) != 0 as should_error
    from (
      
    
  
    
    

select
    program_key as unique_field,
    count(*) as n_records

from "student_dropout"."main_intermediate"."int_program_context"
where program_key is not null
group by program_key
having count(*) > 1



  
  
      
    ) dbt_internal_test
[0m23:02:23.982219 [debug] [Thread-3 (]: SQL status: OK in 0.001 seconds
[0m23:02:23.982373 [debug] [Thread-2 (]: Began running node test.student_dropout.unique_int_student_demographics_student_key.21c7995cdb
[0m23:02:23.983099 [debug] [Thread-3 (]: On test.student_dropout.unique_fct_enrollment_outcomes_student_key.46f567e1cb: ROLLBACK
[0m23:02:23.982617 [info ] [Thread-2 (]: 12 of 12 START test unique_int_student_demographics_student_key ................ [RUN]
[0m23:02:23.983494 [debug] [Thread-3 (]: Failed to rollback 'test.student_dropout.unique_fct_enrollment_outcomes_student_key.46f567e1cb'
[0m23:02:23.983652 [debug] [Thread-2 (]: Re-using an available connection from the pool (formerly test.student_dropout.not_null_stg_students_outcome.eb621094c6, now test.student_dropout.unique_int_student_demographics_student_key.21c7995cdb)
[0m23:02:23.983787 [debug] [Thread-3 (]: On test.student_dropout.unique_fct_enrollment_outcomes_student_key.46f567e1cb: Close
[0m23:02:23.983922 [debug] [Thread-2 (]: Began compiling node test.student_dropout.unique_int_student_demographics_student_key.21c7995cdb
[0m23:02:23.985614 [debug] [Thread-2 (]: Writing injected SQL for node "test.student_dropout.unique_int_student_demographics_student_key.21c7995cdb"
[0m23:02:23.985841 [info ] [Thread-3 (]: 9 of 12 PASS unique_fct_enrollment_outcomes_student_key ........................ [[32mPASS[0m in 0.02s]
[0m23:02:23.986178 [debug] [Thread-3 (]: Finished running node test.student_dropout.unique_fct_enrollment_outcomes_student_key.46f567e1cb
[0m23:02:23.986503 [debug] [Thread-2 (]: Began executing node test.student_dropout.unique_int_student_demographics_student_key.21c7995cdb
[0m23:02:23.987506 [debug] [Thread-2 (]: Writing runtime sql for node "test.student_dropout.unique_int_student_demographics_student_key.21c7995cdb"
[0m23:02:23.987802 [debug] [Thread-2 (]: Using duckdb connection "test.student_dropout.unique_int_student_demographics_student_key.21c7995cdb"
[0m23:02:23.987922 [debug] [Thread-2 (]: On test.student_dropout.unique_int_student_demographics_student_key.21c7995cdb: BEGIN
[0m23:02:23.988031 [debug] [Thread-2 (]: Opening a new connection, currently in state closed
[0m23:02:23.988270 [debug] [Thread-2 (]: SQL status: OK in 0.000 seconds
[0m23:02:23.988380 [debug] [Thread-2 (]: Using duckdb connection "test.student_dropout.unique_int_student_demographics_student_key.21c7995cdb"
[0m23:02:23.988502 [debug] [Thread-2 (]: On test.student_dropout.unique_int_student_demographics_student_key.21c7995cdb: /* {"app": "dbt", "dbt_version": "1.11.8", "profile_name": "student_dropout", "target_name": "dev", "node_id": "test.student_dropout.unique_int_student_demographics_student_key.21c7995cdb"} */

    
    select
      count(*) as failures,
      count(*) != 0 as should_warn,
      count(*) != 0 as should_error
    from (
      
    
  
    
    

select
    student_key as unique_field,
    count(*) as n_records

from "student_dropout"."main_intermediate"."int_student_demographics"
where student_key is not null
group by student_key
having count(*) > 1



  
  
      
    ) dbt_internal_test
[0m23:02:24.012504 [debug] [Thread-4 (]: SQL status: OK in 0.030 seconds
[0m23:02:24.013447 [debug] [Thread-4 (]: On test.student_dropout.unique_int_program_context_program_key.998275a591: ROLLBACK
[0m23:02:24.013696 [debug] [Thread-1 (]: SQL status: OK in 0.032 seconds
[0m23:02:24.014071 [debug] [Thread-4 (]: Failed to rollback 'test.student_dropout.unique_int_program_context_program_key.998275a591'
[0m23:02:24.014274 [debug] [Thread-4 (]: On test.student_dropout.unique_int_program_context_program_key.998275a591: Close
[0m23:02:24.014810 [debug] [Thread-1 (]: On test.student_dropout.unique_int_economic_context_economic_context_key.cea4eb238f: ROLLBACK
[0m23:02:24.015164 [debug] [Thread-1 (]: Failed to rollback 'test.student_dropout.unique_int_economic_context_economic_context_key.cea4eb238f'
[0m23:02:24.015300 [debug] [Thread-1 (]: On test.student_dropout.unique_int_economic_context_economic_context_key.cea4eb238f: Close
[0m23:02:24.015551 [info ] [Thread-4 (]: 11 of 12 PASS unique_int_program_context_program_key ........................... [[32mPASS[0m in 0.05s]
[0m23:02:24.015788 [debug] [Thread-4 (]: Finished running node test.student_dropout.unique_int_program_context_program_key.998275a591
[0m23:02:24.016029 [info ] [Thread-1 (]: 10 of 12 PASS unique_int_economic_context_economic_context_key ................. [[32mPASS[0m in 0.05s]
[0m23:02:24.016218 [debug] [Thread-1 (]: Finished running node test.student_dropout.unique_int_economic_context_economic_context_key.cea4eb238f
[0m23:02:24.016861 [debug] [Thread-2 (]: SQL status: OK in 0.028 seconds
[0m23:02:24.017453 [debug] [Thread-2 (]: On test.student_dropout.unique_int_student_demographics_student_key.21c7995cdb: ROLLBACK
[0m23:02:24.017784 [debug] [Thread-2 (]: Failed to rollback 'test.student_dropout.unique_int_student_demographics_student_key.21c7995cdb'
[0m23:02:24.017903 [debug] [Thread-2 (]: On test.student_dropout.unique_int_student_demographics_student_key.21c7995cdb: Close
[0m23:02:24.018089 [info ] [Thread-2 (]: 12 of 12 PASS unique_int_student_demographics_student_key ...................... [[32mPASS[0m in 0.03s]
[0m23:02:24.018268 [debug] [Thread-2 (]: Finished running node test.student_dropout.unique_int_student_demographics_student_key.21c7995cdb
[0m23:02:24.018830 [debug] [MainThread]: Using duckdb connection "master"
[0m23:02:24.018948 [debug] [MainThread]: On master: BEGIN
[0m23:02:24.019047 [debug] [MainThread]: Opening a new connection, currently in state closed
[0m23:02:24.019294 [debug] [MainThread]: SQL status: OK in 0.000 seconds
[0m23:02:24.019401 [debug] [MainThread]: On master: COMMIT
[0m23:02:24.019502 [debug] [MainThread]: Using duckdb connection "master"
[0m23:02:24.019590 [debug] [MainThread]: On master: COMMIT
[0m23:02:24.019751 [debug] [MainThread]: SQL status: OK in 0.000 seconds
[0m23:02:24.019847 [debug] [MainThread]: On master: Close
[0m23:02:24.019968 [debug] [MainThread]: Connection 'master' was properly closed.
[0m23:02:24.020052 [debug] [MainThread]: Connection 'test.student_dropout.unique_int_economic_context_economic_context_key.cea4eb238f' was properly closed.
[0m23:02:24.020130 [debug] [MainThread]: Connection 'test.student_dropout.unique_int_student_demographics_student_key.21c7995cdb' was properly closed.
[0m23:02:24.020206 [debug] [MainThread]: Connection 'test.student_dropout.unique_fct_enrollment_outcomes_student_key.46f567e1cb' was properly closed.
[0m23:02:24.020282 [debug] [MainThread]: Connection 'test.student_dropout.unique_int_program_context_program_key.998275a591' was properly closed.
[0m23:02:24.020384 [info ] [MainThread]: 
[0m23:02:24.020508 [info ] [MainThread]: Finished running 12 data tests in 0 hours 0 minutes and 0.19 seconds (0.19s).
[0m23:02:24.021152 [debug] [MainThread]: Command end result
[0m23:02:24.033199 [debug] [MainThread]: Wrote artifact WritableManifest to /Users/ogdata-mpb16/Documents/DataScienceProjects/student-dropout-retention-predictor/dbt/target/manifest.json
[0m23:02:24.034011 [debug] [MainThread]: Wrote artifact SemanticManifest to /Users/ogdata-mpb16/Documents/DataScienceProjects/student-dropout-retention-predictor/dbt/target/semantic_manifest.json
[0m23:02:24.036702 [debug] [MainThread]: Wrote artifact RunExecutionResult to /Users/ogdata-mpb16/Documents/DataScienceProjects/student-dropout-retention-predictor/dbt/target/run_results.json
[0m23:02:24.036842 [info ] [MainThread]: 
[0m23:02:24.036988 [info ] [MainThread]: [32mCompleted successfully[0m
[0m23:02:24.037102 [info ] [MainThread]: 
[0m23:02:24.037219 [info ] [MainThread]: Done. PASS=12 WARN=0 ERROR=0 SKIP=0 NO-OP=0 TOTAL=12
[0m23:02:24.038353 [debug] [MainThread]: Resource report: {"command_name": "test", "command_success": true, "command_wall_clock_time": 0.47139508, "process_in_blocks": "0", "process_kernel_time": 0.122661, "process_mem_max_rss": "189743104", "process_out_blocks": "0", "process_user_time": 1.092786}
[0m23:02:24.038518 [debug] [MainThread]: Command `dbt test` succeeded at 23:02:24.038485 after 0.47 seconds
[0m23:02:24.038659 [debug] [MainThread]: Sending event: {'category': 'dbt', 'action': 'invocation', 'label': 'end', 'context': [<snowplow_tracker.self_describing_json.SelfDescribingJson object at 0x1104f46b0>, <snowplow_tracker.self_describing_json.SelfDescribingJson object at 0x10530e810>, <snowplow_tracker.self_describing_json.SelfDescribingJson object at 0x11291edb0>]}
[0m23:02:24.038797 [debug] [MainThread]: Flushing usage events
[0m23:02:24.375534 [debug] [MainThread]: An error was encountered while trying to flush usage events
[0m23:18:59.384832 [debug] [MainThread]: Sending event: {'category': 'dbt', 'action': 'invocation', 'label': 'start', 'context': [<snowplow_tracker.self_describing_json.SelfDescribingJson object at 0x10b1f1700>, <snowplow_tracker.self_describing_json.SelfDescribingJson object at 0x10b522150>, <snowplow_tracker.self_describing_json.SelfDescribingJson object at 0x10b521eb0>]}


============================== 23:18:59.386320 | 876fc147-bd00-453b-928d-92ba9a693992 ==============================
[0m23:18:59.386320 [info ] [MainThread]: Running with dbt=1.11.8
[0m23:18:59.386584 [debug] [MainThread]: running dbt with arguments {'warn_error_options': 'WarnErrorOptionsV2(error=[], warn=[], silence=[])', 'partial_parse': 'True', 'cache_selected_only': 'False', 'send_anonymous_usage_stats': 'True', 'target_path': 'None', 'use_experimental_parser': 'False', 'write_json': 'True', 'warn_error': 'None', 'debug': 'False', 'profiles_dir': '/Users/ogdata-mpb16/Documents/DataScienceProjects/student-dropout-retention-predictor/dbt', 'quiet': 'False', 'printer_width': '80', 'version_check': 'True', 'indirect_selection': 'eager', 'fail_fast': 'False', 'no_print': 'None', 'log_format': 'default', 'use_colors': 'True', 'log_path': '/Users/ogdata-mpb16/Documents/DataScienceProjects/student-dropout-retention-predictor/dbt/logs', 'log_cache_events': 'False', 'static_parser': 'True', 'introspect': 'True', 'empty': 'False', 'invocation_command': 'dbt run'}
[0m23:18:59.458885 [debug] [MainThread]: Sending event: {'category': 'dbt', 'action': 'project_id', 'label': '876fc147-bd00-453b-928d-92ba9a693992', 'context': [<snowplow_tracker.self_describing_json.SelfDescribingJson object at 0x10a47c860>]}
[0m23:18:59.478684 [debug] [MainThread]: Sending event: {'category': 'dbt', 'action': 'adapter_info', 'label': '876fc147-bd00-453b-928d-92ba9a693992', 'context': [<snowplow_tracker.self_describing_json.SelfDescribingJson object at 0x10b21d880>]}
[0m23:18:59.479381 [info ] [MainThread]: Registered adapter: duckdb=1.10.1
[0m23:18:59.521578 [debug] [MainThread]: checksum: 7d524ac048c2100769df89d592e662e060a73ca564e31bd9c2a37efdfe8d8ab6, vars: {}, profile: , target: , version: 1.11.8
[0m23:18:59.563523 [debug] [MainThread]: Partial parsing enabled: 0 files deleted, 0 files added, 1 files changed.
[0m23:18:59.563820 [debug] [MainThread]: Partial parsing: updated file: student_dropout://models/staging/stg_students.sql
[0m23:18:59.719750 [debug] [MainThread]: Sending event: {'category': 'dbt', 'action': 'load_project', 'label': '876fc147-bd00-453b-928d-92ba9a693992', 'context': [<snowplow_tracker.self_describing_json.SelfDescribingJson object at 0x10c324380>]}
[0m23:18:59.751604 [debug] [MainThread]: Wrote artifact WritableManifest to /Users/ogdata-mpb16/Documents/DataScienceProjects/student-dropout-retention-predictor/dbt/target/manifest.json
[0m23:18:59.752360 [debug] [MainThread]: Wrote artifact SemanticManifest to /Users/ogdata-mpb16/Documents/DataScienceProjects/student-dropout-retention-predictor/dbt/target/semantic_manifest.json
[0m23:18:59.755583 [debug] [MainThread]: Sending event: {'category': 'dbt', 'action': 'resource_counts', 'label': '876fc147-bd00-453b-928d-92ba9a693992', 'context': [<snowplow_tracker.self_describing_json.SelfDescribingJson object at 0x10bdef9e0>]}
[0m23:18:59.755761 [info ] [MainThread]: Found 5 models, 12 data tests, 1 source, 475 macros
[0m23:18:59.755898 [debug] [MainThread]: Sending event: {'category': 'dbt', 'action': 'runnable_timing', 'label': '876fc147-bd00-453b-928d-92ba9a693992', 'context': [<snowplow_tracker.self_describing_json.SelfDescribingJson object at 0x10be985c0>]}
[0m23:18:59.756636 [info ] [MainThread]: 
[0m23:18:59.756767 [info ] [MainThread]: Concurrency: 4 threads (target='dev')
[0m23:18:59.756870 [info ] [MainThread]: 
[0m23:18:59.757042 [debug] [MainThread]: Acquiring new duckdb connection 'master'
[0m23:18:59.758692 [debug] [ThreadPool]: Acquiring new duckdb connection 'list_student_dropout'
[0m23:18:59.762826 [debug] [ThreadPool]: Acquiring new duckdb connection 'list_student_dropout'
[0m23:18:59.763661 [debug] [ThreadPool]: Acquiring new duckdb connection 'list_student_dropout'
[0m23:18:59.778196 [debug] [ThreadPool]: Using duckdb connection "list_student_dropout"
[0m23:18:59.778389 [debug] [ThreadPool]: Using duckdb connection "list_student_dropout"
[0m23:18:59.778530 [debug] [ThreadPool]: Using duckdb connection "list_student_dropout"
[0m23:18:59.778646 [debug] [ThreadPool]: On list_student_dropout: /* {"app": "dbt", "dbt_version": "1.11.8", "profile_name": "student_dropout", "target_name": "dev", "connection_name": "list_student_dropout"} */

    
    select schema_name
    from system.information_schema.schemata
    
    where lower(catalog_name) = '"student_dropout"'
    
  
  
[0m23:18:59.778773 [debug] [ThreadPool]: On list_student_dropout: /* {"app": "dbt", "dbt_version": "1.11.8", "profile_name": "student_dropout", "target_name": "dev", "connection_name": "list_student_dropout"} */

    
    select schema_name
    from system.information_schema.schemata
    
    where lower(catalog_name) = '"student_dropout"'
    
  
  
[0m23:18:59.778880 [debug] [ThreadPool]: On list_student_dropout: /* {"app": "dbt", "dbt_version": "1.11.8", "profile_name": "student_dropout", "target_name": "dev", "connection_name": "list_student_dropout"} */

    
    select schema_name
    from system.information_schema.schemata
    
    where lower(catalog_name) = '"student_dropout"'
    
  
  
[0m23:18:59.778979 [debug] [ThreadPool]: Opening a new connection, currently in state init
[0m23:18:59.779070 [debug] [ThreadPool]: Opening a new connection, currently in state init
[0m23:18:59.779154 [debug] [ThreadPool]: Opening a new connection, currently in state init
[0m23:18:59.784876 [debug] [ThreadPool]: SQL status: OK in 0.006 seconds
[0m23:18:59.785062 [debug] [ThreadPool]: SQL status: OK in 0.006 seconds
[0m23:18:59.785200 [debug] [ThreadPool]: SQL status: OK in 0.006 seconds
[0m23:18:59.785626 [debug] [ThreadPool]: On list_student_dropout: Close
[0m23:18:59.785995 [debug] [ThreadPool]: On list_student_dropout: Close
[0m23:18:59.786321 [debug] [ThreadPool]: On list_student_dropout: Close
[0m23:18:59.786706 [debug] [ThreadPool]: Re-using an available connection from the pool (formerly list_student_dropout, now create_student_dropout_main_staging)
[0m23:18:59.786890 [debug] [ThreadPool]: Re-using an available connection from the pool (formerly list_student_dropout, now create_student_dropout_main_marts)
[0m23:18:59.787082 [debug] [ThreadPool]: Re-using an available connection from the pool (formerly list_student_dropout, now create_student_dropout_main_intermediate)
[0m23:18:59.787279 [debug] [ThreadPool]: Creating schema "database: "student_dropout"
schema: "main_staging"
"
[0m23:18:59.787478 [debug] [ThreadPool]: Creating schema "database: "student_dropout"
schema: "main_marts"
"
[0m23:18:59.787655 [debug] [ThreadPool]: Creating schema "database: "student_dropout"
schema: "main_intermediate"
"
[0m23:18:59.790031 [debug] [ThreadPool]: Using duckdb connection "create_student_dropout_main_staging"
[0m23:18:59.790728 [debug] [ThreadPool]: Using duckdb connection "create_student_dropout_main_marts"
[0m23:18:59.791328 [debug] [ThreadPool]: Using duckdb connection "create_student_dropout_main_intermediate"
[0m23:18:59.791432 [debug] [ThreadPool]: On create_student_dropout_main_staging: /* {"app": "dbt", "dbt_version": "1.11.8", "profile_name": "student_dropout", "target_name": "dev", "connection_name": "create_student_dropout_main_staging"} */

    
        select type from duckdb_databases()
        where lower(database_name)='student_dropout'
        and type='sqlite'
    
  
[0m23:18:59.791531 [debug] [ThreadPool]: On create_student_dropout_main_marts: /* {"app": "dbt", "dbt_version": "1.11.8", "profile_name": "student_dropout", "target_name": "dev", "connection_name": "create_student_dropout_main_marts"} */

    
        select type from duckdb_databases()
        where lower(database_name)='student_dropout'
        and type='sqlite'
    
  
[0m23:18:59.791625 [debug] [ThreadPool]: On create_student_dropout_main_intermediate: /* {"app": "dbt", "dbt_version": "1.11.8", "profile_name": "student_dropout", "target_name": "dev", "connection_name": "create_student_dropout_main_intermediate"} */

    
        select type from duckdb_databases()
        where lower(database_name)='student_dropout'
        and type='sqlite'
    
  
[0m23:18:59.791719 [debug] [ThreadPool]: Opening a new connection, currently in state closed
[0m23:18:59.791814 [debug] [ThreadPool]: Opening a new connection, currently in state closed
[0m23:18:59.791900 [debug] [ThreadPool]: Opening a new connection, currently in state closed
[0m23:18:59.792278 [debug] [ThreadPool]: SQL status: OK in 0.001 seconds
[0m23:18:59.792434 [debug] [ThreadPool]: SQL status: OK in 0.001 seconds
[0m23:18:59.792584 [debug] [ThreadPool]: SQL status: OK in 0.001 seconds
[0m23:18:59.792984 [debug] [ThreadPool]: Using duckdb connection "create_student_dropout_main_staging"
[0m23:18:59.793325 [debug] [ThreadPool]: Using duckdb connection "create_student_dropout_main_marts"
[0m23:18:59.793669 [debug] [ThreadPool]: Using duckdb connection "create_student_dropout_main_intermediate"
[0m23:18:59.793763 [debug] [ThreadPool]: On create_student_dropout_main_staging: BEGIN
[0m23:18:59.793854 [debug] [ThreadPool]: On create_student_dropout_main_marts: BEGIN
[0m23:18:59.793944 [debug] [ThreadPool]: On create_student_dropout_main_intermediate: BEGIN
[0m23:18:59.794158 [debug] [ThreadPool]: SQL status: OK in 0.000 seconds
[0m23:18:59.794264 [debug] [ThreadPool]: Using duckdb connection "create_student_dropout_main_staging"
[0m23:18:59.794357 [debug] [ThreadPool]: On create_student_dropout_main_staging: /* {"app": "dbt", "dbt_version": "1.11.8", "profile_name": "student_dropout", "target_name": "dev", "connection_name": "create_student_dropout_main_staging"} */

    
    
        create schema if not exists "student_dropout"."main_staging"
    
[0m23:18:59.794453 [debug] [ThreadPool]: SQL status: OK in 0.000 seconds
[0m23:18:59.794593 [debug] [ThreadPool]: SQL status: OK in 0.000 seconds
[0m23:18:59.794714 [debug] [ThreadPool]: Using duckdb connection "create_student_dropout_main_marts"
[0m23:18:59.794817 [debug] [ThreadPool]: SQL status: OK in 0.000 seconds
[0m23:18:59.794913 [debug] [ThreadPool]: Using duckdb connection "create_student_dropout_main_intermediate"
[0m23:18:59.795015 [debug] [ThreadPool]: On create_student_dropout_main_marts: /* {"app": "dbt", "dbt_version": "1.11.8", "profile_name": "student_dropout", "target_name": "dev", "connection_name": "create_student_dropout_main_marts"} */

    
    
        create schema if not exists "student_dropout"."main_marts"
    
[0m23:18:59.795307 [debug] [ThreadPool]: On create_student_dropout_main_staging: COMMIT
[0m23:18:59.795416 [debug] [ThreadPool]: On create_student_dropout_main_intermediate: /* {"app": "dbt", "dbt_version": "1.11.8", "profile_name": "student_dropout", "target_name": "dev", "connection_name": "create_student_dropout_main_intermediate"} */

    
    
        create schema if not exists "student_dropout"."main_intermediate"
    
[0m23:18:59.795550 [debug] [ThreadPool]: Using duckdb connection "create_student_dropout_main_staging"
[0m23:18:59.795688 [debug] [ThreadPool]: SQL status: OK in 0.000 seconds
[0m23:18:59.795794 [debug] [ThreadPool]: On create_student_dropout_main_staging: COMMIT
[0m23:18:59.795885 [debug] [ThreadPool]: SQL status: OK in 0.000 seconds
[0m23:18:59.796124 [debug] [ThreadPool]: On create_student_dropout_main_marts: COMMIT
[0m23:18:59.796405 [debug] [ThreadPool]: On create_student_dropout_main_intermediate: COMMIT
[0m23:18:59.796508 [debug] [ThreadPool]: Using duckdb connection "create_student_dropout_main_marts"
[0m23:18:59.796606 [debug] [ThreadPool]: SQL status: OK in 0.000 seconds
[0m23:18:59.796697 [debug] [ThreadPool]: Using duckdb connection "create_student_dropout_main_intermediate"
[0m23:18:59.796787 [debug] [ThreadPool]: On create_student_dropout_main_marts: COMMIT
[0m23:18:59.796877 [debug] [ThreadPool]: On create_student_dropout_main_staging: Close
[0m23:18:59.796965 [debug] [ThreadPool]: On create_student_dropout_main_intermediate: COMMIT
[0m23:18:59.797212 [debug] [ThreadPool]: SQL status: OK in 0.000 seconds
[0m23:18:59.797314 [debug] [ThreadPool]: On create_student_dropout_main_marts: Close
[0m23:18:59.797403 [debug] [ThreadPool]: SQL status: OK in 0.000 seconds
[0m23:18:59.797513 [debug] [ThreadPool]: On create_student_dropout_main_intermediate: Close
[0m23:18:59.798066 [debug] [ThreadPool]: Re-using an available connection from the pool (formerly create_student_dropout_main_intermediate, now list_student_dropout_main_staging)
[0m23:18:59.798265 [debug] [ThreadPool]: Re-using an available connection from the pool (formerly create_student_dropout_main_staging, now list_student_dropout_main_marts)
[0m23:18:59.798426 [debug] [ThreadPool]: Re-using an available connection from the pool (formerly create_student_dropout_main_marts, now list_student_dropout_main_intermediate)
[0m23:18:59.800311 [debug] [ThreadPool]: Using duckdb connection "list_student_dropout_main_staging"
[0m23:18:59.800954 [debug] [ThreadPool]: Using duckdb connection "list_student_dropout_main_marts"
[0m23:18:59.801538 [debug] [ThreadPool]: Using duckdb connection "list_student_dropout_main_intermediate"
[0m23:18:59.801644 [debug] [ThreadPool]: On list_student_dropout_main_staging: BEGIN
[0m23:18:59.801743 [debug] [ThreadPool]: On list_student_dropout_main_marts: BEGIN
[0m23:18:59.801842 [debug] [ThreadPool]: On list_student_dropout_main_intermediate: BEGIN
[0m23:18:59.801932 [debug] [ThreadPool]: Opening a new connection, currently in state closed
[0m23:18:59.802013 [debug] [ThreadPool]: Opening a new connection, currently in state closed
[0m23:18:59.802096 [debug] [ThreadPool]: Opening a new connection, currently in state closed
[0m23:18:59.802334 [debug] [ThreadPool]: SQL status: OK in 0.000 seconds
[0m23:18:59.802430 [debug] [ThreadPool]: Using duckdb connection "list_student_dropout_main_staging"
[0m23:18:59.802525 [debug] [ThreadPool]: On list_student_dropout_main_staging: /* {"app": "dbt", "dbt_version": "1.11.8", "profile_name": "student_dropout", "target_name": "dev", "connection_name": "list_student_dropout_main_staging"} */
select
      'student_dropout' as database,
      table_name as name,
      table_schema as schema,
      CASE table_type
        WHEN 'BASE TABLE' THEN 'table'
        WHEN 'VIEW' THEN 'view'
        WHEN 'LOCAL TEMPORARY' THEN 'table'
        END as type
    from system.information_schema.tables
    where lower(table_schema) = 'main_staging'
    and lower(table_catalog) = 'student_dropout'
  
[0m23:18:59.802622 [debug] [ThreadPool]: SQL status: OK in 0.001 seconds
[0m23:18:59.802751 [debug] [ThreadPool]: SQL status: OK in 0.001 seconds
[0m23:18:59.802848 [debug] [ThreadPool]: Using duckdb connection "list_student_dropout_main_intermediate"
[0m23:18:59.802943 [debug] [ThreadPool]: Using duckdb connection "list_student_dropout_main_marts"
[0m23:18:59.803049 [debug] [ThreadPool]: On list_student_dropout_main_intermediate: /* {"app": "dbt", "dbt_version": "1.11.8", "profile_name": "student_dropout", "target_name": "dev", "connection_name": "list_student_dropout_main_intermediate"} */
select
      'student_dropout' as database,
      table_name as name,
      table_schema as schema,
      CASE table_type
        WHEN 'BASE TABLE' THEN 'table'
        WHEN 'VIEW' THEN 'view'
        WHEN 'LOCAL TEMPORARY' THEN 'table'
        END as type
    from system.information_schema.tables
    where lower(table_schema) = 'main_intermediate'
    and lower(table_catalog) = 'student_dropout'
  
[0m23:18:59.803157 [debug] [ThreadPool]: On list_student_dropout_main_marts: /* {"app": "dbt", "dbt_version": "1.11.8", "profile_name": "student_dropout", "target_name": "dev", "connection_name": "list_student_dropout_main_marts"} */
select
      'student_dropout' as database,
      table_name as name,
      table_schema as schema,
      CASE table_type
        WHEN 'BASE TABLE' THEN 'table'
        WHEN 'VIEW' THEN 'view'
        WHEN 'LOCAL TEMPORARY' THEN 'table'
        END as type
    from system.information_schema.tables
    where lower(table_schema) = 'main_marts'
    and lower(table_catalog) = 'student_dropout'
  
[0m23:18:59.804004 [debug] [ThreadPool]: SQL status: OK in 0.001 seconds
[0m23:18:59.804174 [debug] [ThreadPool]: SQL status: OK in 0.001 seconds
[0m23:18:59.804291 [debug] [ThreadPool]: SQL status: OK in 0.001 seconds
[0m23:18:59.804698 [debug] [ThreadPool]: On list_student_dropout_main_staging: ROLLBACK
[0m23:18:59.805091 [debug] [ThreadPool]: On list_student_dropout_main_marts: ROLLBACK
[0m23:18:59.805492 [debug] [ThreadPool]: On list_student_dropout_main_intermediate: ROLLBACK
[0m23:18:59.805977 [debug] [ThreadPool]: Failed to rollback 'list_student_dropout_main_intermediate'
[0m23:18:59.806129 [debug] [ThreadPool]: On list_student_dropout_main_intermediate: Close
[0m23:18:59.806400 [debug] [ThreadPool]: Failed to rollback 'list_student_dropout_main_staging'
[0m23:18:59.806715 [debug] [ThreadPool]: On list_student_dropout_main_staging: Close
[0m23:18:59.807007 [debug] [ThreadPool]: Failed to rollback 'list_student_dropout_main_marts'
[0m23:18:59.807207 [debug] [ThreadPool]: On list_student_dropout_main_marts: Close
[0m23:18:59.807465 [debug] [MainThread]: Sending event: {'category': 'dbt', 'action': 'runnable_timing', 'label': '876fc147-bd00-453b-928d-92ba9a693992', 'context': [<snowplow_tracker.self_describing_json.SelfDescribingJson object at 0x10c381520>]}
[0m23:18:59.807632 [debug] [MainThread]: Using duckdb connection "master"
[0m23:18:59.807738 [debug] [MainThread]: On master: BEGIN
[0m23:18:59.807834 [debug] [MainThread]: Opening a new connection, currently in state init
[0m23:18:59.807993 [debug] [MainThread]: SQL status: OK in 0.000 seconds
[0m23:18:59.808081 [debug] [MainThread]: On master: COMMIT
[0m23:18:59.808166 [debug] [MainThread]: Using duckdb connection "master"
[0m23:18:59.808250 [debug] [MainThread]: On master: COMMIT
[0m23:18:59.808380 [debug] [MainThread]: SQL status: OK in 0.000 seconds
[0m23:18:59.808470 [debug] [MainThread]: On master: Close
[0m23:18:59.809327 [debug] [Thread-1 (]: Began running node model.student_dropout.stg_students
[0m23:18:59.810143 [info ] [Thread-1 (]: 1 of 5 START sql view model main_staging.stg_students .......................... [RUN]
[0m23:18:59.810332 [debug] [Thread-1 (]: Re-using an available connection from the pool (formerly list_student_dropout_main_staging, now model.student_dropout.stg_students)
[0m23:18:59.810447 [debug] [Thread-1 (]: Began compiling node model.student_dropout.stg_students
[0m23:18:59.812781 [debug] [Thread-1 (]: Writing injected SQL for node "model.student_dropout.stg_students"
[0m23:18:59.813102 [debug] [Thread-1 (]: Began executing node model.student_dropout.stg_students
[0m23:18:59.823733 [debug] [Thread-1 (]: Writing runtime sql for node "model.student_dropout.stg_students"
[0m23:18:59.824152 [debug] [Thread-1 (]: Using duckdb connection "model.student_dropout.stg_students"
[0m23:18:59.824268 [debug] [Thread-1 (]: On model.student_dropout.stg_students: BEGIN
[0m23:18:59.824373 [debug] [Thread-1 (]: Opening a new connection, currently in state closed
[0m23:18:59.824638 [debug] [Thread-1 (]: SQL status: OK in 0.000 seconds
[0m23:18:59.824747 [debug] [Thread-1 (]: Using duckdb connection "model.student_dropout.stg_students"
[0m23:18:59.824932 [debug] [Thread-1 (]: On model.student_dropout.stg_students: /* {"app": "dbt", "dbt_version": "1.11.8", "profile_name": "student_dropout", "target_name": "dev", "node_id": "model.student_dropout.stg_students"} */

  
  create view "student_dropout"."main_staging"."stg_students__dbt_tmp" as (
    -- stg_students.sql
-- Staging layer: rename columns to snake_case, cast types, no business logic.
-- Source: UCI flat file read directly via DuckDB read_csv
-- Notes:
--   - UTF-8 BOM on first column stripped via columns parameter (explicit schema)
--   - Trailing tab on 'Daytime/evening attendance' stripped via trim()
--   - Semicolon delimiter confirmed from raw file inspection

with source as (
    select * from read_csv(
        '../data/raw/data_clean.csv',
        header = true,
        delim = ';',
        columns = {
            'Marital status': 'INTEGER',
            'Application mode': 'INTEGER',
            'Application order': 'INTEGER',
            'Course': 'INTEGER',
            'Daytime/evening attendance': 'INTEGER',
            'Previous qualification': 'INTEGER',
            'Previous qualification (grade)': 'DOUBLE',
            'Admission grade': 'DOUBLE',
            'Nacionality': 'INTEGER',
            'Gender': 'INTEGER',
            'Age at enrollment': 'INTEGER',
            'International': 'INTEGER',
            'Displaced': 'INTEGER',
            'Educational special needs': 'INTEGER',
            'Debtor': 'INTEGER',
            'Tuition fees up to date': 'INTEGER',
            'Scholarship holder': 'INTEGER',
            'Mother''s qualification': 'INTEGER',
            'Father''s qualification': 'INTEGER',
            'Mother''s occupation': 'INTEGER',
            'Father''s occupation': 'INTEGER',
            'Curricular units 1st sem (credited)': 'INTEGER',
            'Curricular units 1st sem (enrolled)': 'INTEGER',
            'Curricular units 1st sem (evaluations)': 'INTEGER',
            'Curricular units 1st sem (approved)': 'INTEGER',
            'Curricular units 1st sem (grade)': 'DOUBLE',
            'Curricular units 1st sem (without evaluations)': 'INTEGER',
            'Curricular units 2nd sem (credited)': 'INTEGER',
            'Curricular units 2nd sem (enrolled)': 'INTEGER',
            'Curricular units 2nd sem (evaluations)': 'INTEGER',
            'Curricular units 2nd sem (approved)': 'INTEGER',
            'Curricular units 2nd sem (grade)': 'DOUBLE',
            'Curricular units 2nd sem (without evaluations)': 'INTEGER',
            'Unemployment rate': 'DOUBLE',
            'Inflation rate': 'DOUBLE',
            'GDP': 'DOUBLE',
            'Target': 'VARCHAR'
        }
    )
),

renamed as (
    select
        -- enrollment & program
        "Marital status"                                    as marital_status,
        "Application mode"                                  as application_mode,
        "Application order"                                 as application_order,
        "Course"                                            as course_id,
        "Daytime/evening attendance"                        as attendance_type,

        -- prior academic background
        "Previous qualification"                            as previous_qualification,
        "Previous qualification (grade)"                    as previous_qualification_grade,
        "Admission grade"                                   as admission_grade,

        -- student demographics
        "Nacionality"                                       as nationality,
        "Gender"                                            as gender,
        "Age at enrollment"                                 as age_at_enrollment,
        "International"                                     as is_international,
        "Displaced"                                         as is_displaced,

        -- household background
        "Mother's qualification"                            as mothers_qualification,
        "Father's qualification"                            as fathers_qualification,
        "Mother's occupation"                               as mothers_occupation,
        "Father's occupation"                               as fathers_occupation,

        -- financial & support
        "Scholarship holder"                                as is_scholarship_holder,
        "Tuition fees up to date"                           as tuition_fees_up_to_date,
        "Debtor"                                            as is_debtor,
        "Educational special needs"                         as has_special_needs,

        -- semester 1 academic performance
        "Curricular units 1st sem (credited)"               as sem1_units_credited,
        "Curricular units 1st sem (enrolled)"               as sem1_units_enrolled,
        "Curricular units 1st sem (evaluations)"            as sem1_evaluations,
        "Curricular units 1st sem (approved)"               as sem1_units_approved,
        "Curricular units 1st sem (grade)"                  as sem1_grade,
        "Curricular units 1st sem (without evaluations)"    as sem1_units_no_eval,

        -- semester 2 academic performance
        "Curricular units 2nd sem (credited)"               as sem2_units_credited,
        "Curricular units 2nd sem (enrolled)"               as sem2_units_enrolled,
        "Curricular units 2nd sem (evaluations)"            as sem2_evaluations,
        "Curricular units 2nd sem (approved)"               as sem2_units_approved,
        "Curricular units 2nd sem (grade)"                  as sem2_grade,
        "Curricular units 2nd sem (without evaluations)"    as sem2_units_no_eval,

        -- macroeconomic context
        "Unemployment rate"                                 as unemployment_rate,
        "Inflation rate"                                    as inflation_rate,
        "GDP"                                               as gdp,

        -- target
        "Target"                                            as outcome

    from source
)

select * from renamed
  );

[0m23:18:59.853598 [debug] [Thread-1 (]: SQL status: OK in 0.028 seconds
[0m23:18:59.855950 [debug] [Thread-1 (]: Using duckdb connection "model.student_dropout.stg_students"
[0m23:18:59.856077 [debug] [Thread-1 (]: On model.student_dropout.stg_students: /* {"app": "dbt", "dbt_version": "1.11.8", "profile_name": "student_dropout", "target_name": "dev", "node_id": "model.student_dropout.stg_students"} */
alter view "student_dropout"."main_staging"."stg_students" rename to "stg_students__dbt_backup"
[0m23:18:59.856343 [debug] [Thread-1 (]: SQL status: OK in 0.000 seconds
[0m23:18:59.857317 [debug] [Thread-1 (]: Using duckdb connection "model.student_dropout.stg_students"
[0m23:18:59.857431 [debug] [Thread-1 (]: On model.student_dropout.stg_students: /* {"app": "dbt", "dbt_version": "1.11.8", "profile_name": "student_dropout", "target_name": "dev", "node_id": "model.student_dropout.stg_students"} */
alter view "student_dropout"."main_staging"."stg_students__dbt_tmp" rename to "stg_students"
[0m23:18:59.857634 [debug] [Thread-1 (]: SQL status: OK in 0.000 seconds
[0m23:18:59.862283 [debug] [Thread-1 (]: On model.student_dropout.stg_students: COMMIT
[0m23:18:59.862404 [debug] [Thread-1 (]: Using duckdb connection "model.student_dropout.stg_students"
[0m23:18:59.862501 [debug] [Thread-1 (]: On model.student_dropout.stg_students: COMMIT
[0m23:18:59.862974 [debug] [Thread-1 (]: SQL status: OK in 0.000 seconds
[0m23:18:59.864830 [debug] [Thread-1 (]: Using duckdb connection "model.student_dropout.stg_students"
[0m23:18:59.864948 [debug] [Thread-1 (]: On model.student_dropout.stg_students: /* {"app": "dbt", "dbt_version": "1.11.8", "profile_name": "student_dropout", "target_name": "dev", "node_id": "model.student_dropout.stg_students"} */

      drop view if exists "student_dropout"."main_staging"."stg_students__dbt_backup" cascade
    
[0m23:18:59.865232 [debug] [Thread-1 (]: SQL status: OK in 0.000 seconds
[0m23:18:59.865997 [debug] [Thread-1 (]: On model.student_dropout.stg_students: Close
[0m23:18:59.866576 [debug] [Thread-1 (]: Sending event: {'category': 'dbt', 'action': 'run_model', 'label': '876fc147-bd00-453b-928d-92ba9a693992', 'context': [<snowplow_tracker.self_describing_json.SelfDescribingJson object at 0x107a0e7b0>]}
[0m23:18:59.866793 [info ] [Thread-1 (]: 1 of 5 OK created sql view model main_staging.stg_students ..................... [[32mOK[0m in 0.06s]
[0m23:18:59.867001 [debug] [Thread-1 (]: Finished running node model.student_dropout.stg_students
[0m23:18:59.867327 [debug] [Thread-3 (]: Began running node model.student_dropout.int_economic_context
[0m23:18:59.867485 [debug] [Thread-4 (]: Began running node model.student_dropout.int_program_context
[0m23:18:59.867762 [debug] [Thread-2 (]: Began running node model.student_dropout.int_student_demographics
[0m23:18:59.867656 [info ] [Thread-3 (]: 2 of 5 START sql view model main_intermediate.int_economic_context ............. [RUN]
[0m23:18:59.867918 [info ] [Thread-4 (]: 3 of 5 START sql view model main_intermediate.int_program_context .............. [RUN]
[0m23:18:59.868170 [info ] [Thread-2 (]: 4 of 5 START sql view model main_intermediate.int_student_demographics ......... [RUN]
[0m23:18:59.868371 [debug] [Thread-3 (]: Re-using an available connection from the pool (formerly list_student_dropout_main_intermediate, now model.student_dropout.int_economic_context)
[0m23:18:59.868533 [debug] [Thread-4 (]: Acquiring new duckdb connection 'model.student_dropout.int_program_context'
[0m23:18:59.868681 [debug] [Thread-2 (]: Re-using an available connection from the pool (formerly list_student_dropout_main_marts, now model.student_dropout.int_student_demographics)
[0m23:18:59.868818 [debug] [Thread-3 (]: Began compiling node model.student_dropout.int_economic_context
[0m23:18:59.868941 [debug] [Thread-4 (]: Began compiling node model.student_dropout.int_program_context
[0m23:18:59.869071 [debug] [Thread-2 (]: Began compiling node model.student_dropout.int_student_demographics
[0m23:18:59.870075 [debug] [Thread-3 (]: Writing injected SQL for node "model.student_dropout.int_economic_context"
[0m23:18:59.871000 [debug] [Thread-4 (]: Writing injected SQL for node "model.student_dropout.int_program_context"
[0m23:18:59.871822 [debug] [Thread-2 (]: Writing injected SQL for node "model.student_dropout.int_student_demographics"
[0m23:18:59.872095 [debug] [Thread-3 (]: Began executing node model.student_dropout.int_economic_context
[0m23:18:59.872226 [debug] [Thread-2 (]: Began executing node model.student_dropout.int_student_demographics
[0m23:18:59.872357 [debug] [Thread-4 (]: Began executing node model.student_dropout.int_program_context
[0m23:18:59.874375 [debug] [Thread-3 (]: Writing runtime sql for node "model.student_dropout.int_economic_context"
[0m23:18:59.875466 [debug] [Thread-2 (]: Writing runtime sql for node "model.student_dropout.int_student_demographics"
[0m23:18:59.876499 [debug] [Thread-4 (]: Writing runtime sql for node "model.student_dropout.int_program_context"
[0m23:18:59.876802 [debug] [Thread-3 (]: Using duckdb connection "model.student_dropout.int_economic_context"
[0m23:18:59.876946 [debug] [Thread-4 (]: Using duckdb connection "model.student_dropout.int_program_context"
[0m23:18:59.877094 [debug] [Thread-2 (]: Using duckdb connection "model.student_dropout.int_student_demographics"
[0m23:18:59.877219 [debug] [Thread-3 (]: On model.student_dropout.int_economic_context: BEGIN
[0m23:18:59.877346 [debug] [Thread-4 (]: On model.student_dropout.int_program_context: BEGIN
[0m23:18:59.877473 [debug] [Thread-2 (]: On model.student_dropout.int_student_demographics: BEGIN
[0m23:18:59.877593 [debug] [Thread-3 (]: Opening a new connection, currently in state closed
[0m23:18:59.877709 [debug] [Thread-4 (]: Opening a new connection, currently in state init
[0m23:18:59.877827 [debug] [Thread-2 (]: Opening a new connection, currently in state closed
[0m23:18:59.878107 [debug] [Thread-3 (]: SQL status: OK in 0.001 seconds
[0m23:18:59.878232 [debug] [Thread-3 (]: Using duckdb connection "model.student_dropout.int_economic_context"
[0m23:18:59.878355 [debug] [Thread-2 (]: SQL status: OK in 0.001 seconds
[0m23:18:59.878501 [debug] [Thread-3 (]: On model.student_dropout.int_economic_context: /* {"app": "dbt", "dbt_version": "1.11.8", "profile_name": "student_dropout", "target_name": "dev", "node_id": "model.student_dropout.int_economic_context"} */

  
  create view "student_dropout"."main_intermediate"."int_economic_context__dbt_tmp" as (
    -- int_economic_context.sql
-- Extracts macroeconomic features into their own grain.
-- These are period-level attributes shared across students —
-- keeping them in the fact table would be semantically incorrect
-- and redundant across thousands of rows.

with base as (
    select distinct
        unemployment_rate,
        inflation_rate,
        gdp,
        -- surrogate key: md5 hash of combined macro indicators (DuckDB-native, no dbt_utils needed)
        md5(
            cast(unemployment_rate as varchar) || '|' ||
            cast(inflation_rate as varchar) || '|' ||
            cast(gdp as varchar)
        ) as economic_context_key
    from "student_dropout"."main_staging"."stg_students"
)

select
    economic_context_key,
    unemployment_rate,
    inflation_rate,
    gdp
from base
  );

[0m23:18:59.878641 [debug] [Thread-4 (]: SQL status: OK in 0.001 seconds
[0m23:18:59.878755 [debug] [Thread-2 (]: Using duckdb connection "model.student_dropout.int_student_demographics"
[0m23:18:59.878944 [debug] [Thread-4 (]: Using duckdb connection "model.student_dropout.int_program_context"
[0m23:18:59.879095 [debug] [Thread-2 (]: On model.student_dropout.int_student_demographics: /* {"app": "dbt", "dbt_version": "1.11.8", "profile_name": "student_dropout", "target_name": "dev", "node_id": "model.student_dropout.int_student_demographics"} */

  
  create view "student_dropout"."main_intermediate"."int_student_demographics__dbt_tmp" as (
    -- int_student_demographics.sql
-- Isolates student-level demographic and household attributes.
-- These describe the student, not the enrollment event.

with base as (
    select
        -- student identifier (row number as surrogate — no natural key in dataset)
        row_number() over () as student_key,
        nationality,
        gender,
        age_at_enrollment,
        is_international,
        is_displaced,
        has_special_needs,
        marital_status,
        mothers_qualification,
        fathers_qualification,
        mothers_occupation,
        fathers_occupation
    from "student_dropout"."main_staging"."stg_students"
)

select
    student_key,
    nationality,
    gender,
    case gender
        when 1 then 'Male'
        when 0 then 'Female'
        else 'Unknown'
    end as gender_label,
    age_at_enrollment,
    is_international,
    is_displaced,
    has_special_needs,
    marital_status,
    case marital_status
        when 1 then 'Single'
        when 2 then 'Married'
        when 3 then 'Widower'
        when 4 then 'Divorced'
        when 5 then 'Facto union'
        when 6 then 'Legally separated'
        else 'Unknown'
    end as marital_status_label,
    mothers_qualification,
    fathers_qualification,
    mothers_occupation,
    fathers_occupation
from base
  );

[0m23:18:59.879272 [debug] [Thread-4 (]: On model.student_dropout.int_program_context: /* {"app": "dbt", "dbt_version": "1.11.8", "profile_name": "student_dropout", "target_name": "dev", "node_id": "model.student_dropout.int_program_context"} */

  
  create view "student_dropout"."main_intermediate"."int_program_context__dbt_tmp" as (
    -- int_program_context.sql
-- Extracts course/program attributes from the student-level flat file.
-- Course is a property of the program, not the individual student.

with base as (
    select distinct
        course_id,
        attendance_type,
        md5(
            cast(course_id as varchar) || '|' ||
            cast(attendance_type as varchar)
        ) as program_key
    from "student_dropout"."main_staging"."stg_students"
)

select
    program_key,
    course_id,
    attendance_type,
    case attendance_type
        when 1 then 'Daytime'
        when 0 then 'Evening'
        else 'Unknown'
    end as attendance_label,
    case course_id
        when 33    then 'Biofuel Production Technologies'
        when 171   then 'Animation and Multimedia Design'
        when 8014  then 'Social Service (evening)'
        when 9003  then 'Agronomy'
        when 9070  then 'Communication Design'
        when 9085  then 'Veterinary Nursing'
        when 9119  then 'Informatics Engineering'
        when 9130  then 'Equinculture'
        when 9147  then 'Management'
        when 9238  then 'Social Service'
        when 9254  then 'Tourism'
        when 9500  then 'Nursing'
        when 9556  then 'Oral Hygiene'
        when 9670  then 'Advertising and Marketing Management'
        when 9773  then 'Journalism and Communication'
        when 9853  then 'Basic Education'
        when 9991  then 'Management (evening)'
        else 'Other'
    end as course_name
from base
  );

[0m23:18:59.907814 [debug] [Thread-3 (]: SQL status: OK in 0.029 seconds
[0m23:18:59.909143 [debug] [Thread-3 (]: Using duckdb connection "model.student_dropout.int_economic_context"
[0m23:18:59.909298 [debug] [Thread-3 (]: On model.student_dropout.int_economic_context: /* {"app": "dbt", "dbt_version": "1.11.8", "profile_name": "student_dropout", "target_name": "dev", "node_id": "model.student_dropout.int_economic_context"} */
alter view "student_dropout"."main_intermediate"."int_economic_context" rename to "int_economic_context__dbt_backup"
[0m23:18:59.909435 [debug] [Thread-4 (]: SQL status: OK in 0.030 seconds
[0m23:18:59.910486 [debug] [Thread-4 (]: Using duckdb connection "model.student_dropout.int_program_context"
[0m23:18:59.910649 [debug] [Thread-4 (]: On model.student_dropout.int_program_context: /* {"app": "dbt", "dbt_version": "1.11.8", "profile_name": "student_dropout", "target_name": "dev", "node_id": "model.student_dropout.int_program_context"} */
alter view "student_dropout"."main_intermediate"."int_program_context" rename to "int_program_context__dbt_backup"
[0m23:18:59.910790 [debug] [Thread-2 (]: SQL status: OK in 0.031 seconds
[0m23:18:59.911775 [debug] [Thread-2 (]: Using duckdb connection "model.student_dropout.int_student_demographics"
[0m23:18:59.911897 [debug] [Thread-3 (]: SQL status: OK in 0.002 seconds
[0m23:18:59.912015 [debug] [Thread-2 (]: On model.student_dropout.int_student_demographics: /* {"app": "dbt", "dbt_version": "1.11.8", "profile_name": "student_dropout", "target_name": "dev", "node_id": "model.student_dropout.int_student_demographics"} */
alter view "student_dropout"."main_intermediate"."int_student_demographics" rename to "int_student_demographics__dbt_backup"
[0m23:18:59.912128 [debug] [Thread-4 (]: SQL status: OK in 0.001 seconds
[0m23:18:59.913074 [debug] [Thread-3 (]: Using duckdb connection "model.student_dropout.int_economic_context"
[0m23:18:59.914076 [debug] [Thread-4 (]: Using duckdb connection "model.student_dropout.int_program_context"
[0m23:18:59.914209 [debug] [Thread-3 (]: On model.student_dropout.int_economic_context: /* {"app": "dbt", "dbt_version": "1.11.8", "profile_name": "student_dropout", "target_name": "dev", "node_id": "model.student_dropout.int_economic_context"} */
alter view "student_dropout"."main_intermediate"."int_economic_context__dbt_tmp" rename to "int_economic_context"
[0m23:18:59.914326 [debug] [Thread-2 (]: SQL status: OK in 0.001 seconds
[0m23:18:59.914435 [debug] [Thread-4 (]: On model.student_dropout.int_program_context: /* {"app": "dbt", "dbt_version": "1.11.8", "profile_name": "student_dropout", "target_name": "dev", "node_id": "model.student_dropout.int_program_context"} */
alter view "student_dropout"."main_intermediate"."int_program_context__dbt_tmp" rename to "int_program_context"
[0m23:18:59.915407 [debug] [Thread-2 (]: Using duckdb connection "model.student_dropout.int_student_demographics"
[0m23:18:59.915562 [debug] [Thread-3 (]: SQL status: OK in 0.001 seconds
[0m23:18:59.915721 [debug] [Thread-2 (]: On model.student_dropout.int_student_demographics: /* {"app": "dbt", "dbt_version": "1.11.8", "profile_name": "student_dropout", "target_name": "dev", "node_id": "model.student_dropout.int_student_demographics"} */
alter view "student_dropout"."main_intermediate"."int_student_demographics__dbt_tmp" rename to "int_student_demographics"
[0m23:18:59.916218 [debug] [Thread-3 (]: On model.student_dropout.int_economic_context: COMMIT
[0m23:18:59.916333 [debug] [Thread-4 (]: SQL status: OK in 0.001 seconds
[0m23:18:59.916485 [debug] [Thread-3 (]: Using duckdb connection "model.student_dropout.int_economic_context"
[0m23:18:59.917026 [debug] [Thread-4 (]: On model.student_dropout.int_program_context: COMMIT
[0m23:18:59.917161 [debug] [Thread-2 (]: SQL status: OK in 0.001 seconds
[0m23:18:59.917300 [debug] [Thread-3 (]: On model.student_dropout.int_economic_context: COMMIT
[0m23:18:59.917425 [debug] [Thread-4 (]: Using duckdb connection "model.student_dropout.int_program_context"
[0m23:18:59.917928 [debug] [Thread-2 (]: On model.student_dropout.int_student_demographics: COMMIT
[0m23:18:59.918091 [debug] [Thread-4 (]: On model.student_dropout.int_program_context: COMMIT
[0m23:18:59.918222 [debug] [Thread-2 (]: Using duckdb connection "model.student_dropout.int_student_demographics"
[0m23:18:59.918357 [debug] [Thread-3 (]: SQL status: OK in 0.000 seconds
[0m23:18:59.918511 [debug] [Thread-2 (]: On model.student_dropout.int_student_demographics: COMMIT
[0m23:18:59.919272 [debug] [Thread-3 (]: Using duckdb connection "model.student_dropout.int_economic_context"
[0m23:18:59.919401 [debug] [Thread-4 (]: SQL status: OK in 0.001 seconds
[0m23:18:59.919569 [debug] [Thread-3 (]: On model.student_dropout.int_economic_context: /* {"app": "dbt", "dbt_version": "1.11.8", "profile_name": "student_dropout", "target_name": "dev", "node_id": "model.student_dropout.int_economic_context"} */

      drop view if exists "student_dropout"."main_intermediate"."int_economic_context__dbt_backup" cascade
    
[0m23:18:59.920895 [debug] [Thread-4 (]: Using duckdb connection "model.student_dropout.int_program_context"
[0m23:18:59.921063 [debug] [Thread-2 (]: SQL status: OK in 0.002 seconds
[0m23:18:59.921200 [debug] [Thread-4 (]: On model.student_dropout.int_program_context: /* {"app": "dbt", "dbt_version": "1.11.8", "profile_name": "student_dropout", "target_name": "dev", "node_id": "model.student_dropout.int_program_context"} */

      drop view if exists "student_dropout"."main_intermediate"."int_program_context__dbt_backup" cascade
    
[0m23:18:59.921939 [debug] [Thread-2 (]: Using duckdb connection "model.student_dropout.int_student_demographics"
[0m23:18:59.922051 [debug] [Thread-3 (]: SQL status: OK in 0.001 seconds
[0m23:18:59.922207 [debug] [Thread-2 (]: On model.student_dropout.int_student_demographics: /* {"app": "dbt", "dbt_version": "1.11.8", "profile_name": "student_dropout", "target_name": "dev", "node_id": "model.student_dropout.int_student_demographics"} */

      drop view if exists "student_dropout"."main_intermediate"."int_student_demographics__dbt_backup" cascade
    
[0m23:18:59.922666 [debug] [Thread-3 (]: On model.student_dropout.int_economic_context: Close
[0m23:18:59.922792 [debug] [Thread-4 (]: SQL status: OK in 0.001 seconds
[0m23:18:59.923268 [debug] [Thread-4 (]: On model.student_dropout.int_program_context: Close
[0m23:18:59.923469 [debug] [Thread-3 (]: Sending event: {'category': 'dbt', 'action': 'run_model', 'label': '876fc147-bd00-453b-928d-92ba9a693992', 'context': [<snowplow_tracker.self_describing_json.SelfDescribingJson object at 0x10c93ac60>]}
[0m23:18:59.923662 [debug] [Thread-4 (]: Sending event: {'category': 'dbt', 'action': 'run_model', 'label': '876fc147-bd00-453b-928d-92ba9a693992', 'context': [<snowplow_tracker.self_describing_json.SelfDescribingJson object at 0x10c93c200>]}
[0m23:18:59.923831 [debug] [Thread-2 (]: SQL status: OK in 0.001 seconds
[0m23:18:59.924045 [info ] [Thread-3 (]: 2 of 5 OK created sql view model main_intermediate.int_economic_context ........ [[32mOK[0m in 0.06s]
[0m23:18:59.924686 [debug] [Thread-2 (]: On model.student_dropout.int_student_demographics: Close
[0m23:18:59.924270 [info ] [Thread-4 (]: 3 of 5 OK created sql view model main_intermediate.int_program_context ......... [[32mOK[0m in 0.06s]
[0m23:18:59.924891 [debug] [Thread-3 (]: Finished running node model.student_dropout.int_economic_context
[0m23:18:59.925070 [debug] [Thread-2 (]: Sending event: {'category': 'dbt', 'action': 'run_model', 'label': '876fc147-bd00-453b-928d-92ba9a693992', 'context': [<snowplow_tracker.self_describing_json.SelfDescribingJson object at 0x10c93c5c0>]}
[0m23:18:59.925254 [debug] [Thread-4 (]: Finished running node model.student_dropout.int_program_context
[0m23:18:59.925521 [info ] [Thread-2 (]: 4 of 5 OK created sql view model main_intermediate.int_student_demographics .... [[32mOK[0m in 0.06s]
[0m23:18:59.925745 [debug] [Thread-2 (]: Finished running node model.student_dropout.int_student_demographics
[0m23:18:59.925970 [debug] [Thread-1 (]: Began running node model.student_dropout.fct_enrollment_outcomes
[0m23:18:59.926126 [info ] [Thread-1 (]: 5 of 5 START sql table model main_marts.fct_enrollment_outcomes ................ [RUN]
[0m23:18:59.926314 [debug] [Thread-1 (]: Re-using an available connection from the pool (formerly model.student_dropout.stg_students, now model.student_dropout.fct_enrollment_outcomes)
[0m23:18:59.926440 [debug] [Thread-1 (]: Began compiling node model.student_dropout.fct_enrollment_outcomes
[0m23:18:59.927752 [debug] [Thread-1 (]: Writing injected SQL for node "model.student_dropout.fct_enrollment_outcomes"
[0m23:18:59.928018 [debug] [Thread-1 (]: Began executing node model.student_dropout.fct_enrollment_outcomes
[0m23:18:59.934611 [debug] [Thread-1 (]: Writing runtime sql for node "model.student_dropout.fct_enrollment_outcomes"
[0m23:18:59.934866 [debug] [Thread-1 (]: Using duckdb connection "model.student_dropout.fct_enrollment_outcomes"
[0m23:18:59.934974 [debug] [Thread-1 (]: On model.student_dropout.fct_enrollment_outcomes: BEGIN
[0m23:18:59.935084 [debug] [Thread-1 (]: Opening a new connection, currently in state closed
[0m23:18:59.935281 [debug] [Thread-1 (]: SQL status: OK in 0.000 seconds
[0m23:18:59.935394 [debug] [Thread-1 (]: Using duckdb connection "model.student_dropout.fct_enrollment_outcomes"
[0m23:18:59.935549 [debug] [Thread-1 (]: On model.student_dropout.fct_enrollment_outcomes: /* {"app": "dbt", "dbt_version": "1.11.8", "profile_name": "student_dropout", "target_name": "dev", "node_id": "model.student_dropout.fct_enrollment_outcomes"} */

  
    
    

    create  table
      "student_dropout"."main_marts"."fct_enrollment_outcomes__dbt_tmp"
  
    as (
      -- fct_enrollment_outcomes.sql
-- Fact table at student grain.
-- Holds academic performance metrics, foreign keys to dimensions,
-- demographic attributes, macroeconomic context, and the outcome target.

with students as (
    select
        row_number() over () as student_key,
        *
    from "student_dropout"."main_staging"."stg_students"
),

program_keys as (
    select * from "student_dropout"."main_intermediate"."int_program_context"
),

economic_keys as (
    select * from "student_dropout"."main_intermediate"."int_economic_context"
),

demographics as (
    select * from "student_dropout"."main_intermediate"."int_student_demographics"
)

select
    -- keys
    s.student_key,
    p.program_key,
    e.economic_context_key,

    -- enrollment context
    s.application_mode,
    s.application_order,
    s.previous_qualification,
    s.previous_qualification_grade,
    s.admission_grade,

    -- financial
    s.is_scholarship_holder,
    s.tuition_fees_up_to_date,
    s.is_debtor,

    -- demographics (from int_student_demographics)
    d.age_at_enrollment,
    d.gender,
    d.gender_label,
    d.nationality,
    d.is_international,
    d.is_displaced,
    d.has_special_needs,
    d.marital_status,
    d.marital_status_label,
    d.mothers_qualification,
    d.fathers_qualification,
    d.mothers_occupation,
    d.fathers_occupation,

    -- macroeconomic context (from int_economic_context)
    e.unemployment_rate,
    e.inflation_rate,
    e.gdp,

    -- semester 1 performance
    s.sem1_units_credited,
    s.sem1_units_enrolled,
    s.sem1_evaluations,
    s.sem1_units_approved,
    s.sem1_grade,
    s.sem1_units_no_eval,

    -- semester 2 performance
    s.sem2_units_credited,
    s.sem2_units_enrolled,
    s.sem2_evaluations,
    s.sem2_units_approved,
    s.sem2_grade,
    s.sem2_units_no_eval,

    -- derived metrics (DuckDB-compatible, no safe_divide)
    case
        when s.sem1_units_enrolled = 0 then null
        else cast(s.sem1_units_approved as double) / s.sem1_units_enrolled
    end as sem1_approval_rate,
    case
        when s.sem2_units_enrolled = 0 then null
        else cast(s.sem2_units_approved as double) / s.sem2_units_enrolled
    end as sem2_approval_rate,

    -- target
    s.outcome

from students s
left join program_keys p
    on p.course_id = s.course_id
    and p.attendance_type = s.attendance_type
left join economic_keys e
    on e.unemployment_rate = s.unemployment_rate
    and e.inflation_rate = s.inflation_rate
    and e.gdp = s.gdp
left join demographics d
    on d.student_key = s.student_key
    );
  
  
[0m23:19:00.056875 [debug] [Thread-1 (]: SQL status: OK in 0.121 seconds
[0m23:19:00.059017 [debug] [Thread-1 (]: Using duckdb connection "model.student_dropout.fct_enrollment_outcomes"
[0m23:19:00.059164 [debug] [Thread-1 (]: On model.student_dropout.fct_enrollment_outcomes: /* {"app": "dbt", "dbt_version": "1.11.8", "profile_name": "student_dropout", "target_name": "dev", "node_id": "model.student_dropout.fct_enrollment_outcomes"} */

    SELECT index_name
    FROM duckdb_indexes()
    WHERE schema_name = 'main_marts'
      AND table_name = 'fct_enrollment_outcomes'
  
[0m23:19:00.059484 [debug] [Thread-1 (]: SQL status: OK in 0.000 seconds
[0m23:19:00.059894 [debug] [Thread-1 (]: Using duckdb connection "model.student_dropout.fct_enrollment_outcomes"
[0m23:19:00.060005 [debug] [Thread-1 (]: On model.student_dropout.fct_enrollment_outcomes: /* {"app": "dbt", "dbt_version": "1.11.8", "profile_name": "student_dropout", "target_name": "dev", "node_id": "model.student_dropout.fct_enrollment_outcomes"} */

    SELECT COUNT(*) as remaining_indexes
    FROM duckdb_indexes()
    WHERE schema_name = 'main_marts'
      AND table_name = 'fct_enrollment_outcomes'
  
[0m23:19:00.060276 [debug] [Thread-1 (]: SQL status: OK in 0.000 seconds
[0m23:19:00.061437 [debug] [Thread-1 (]: Using duckdb connection "model.student_dropout.fct_enrollment_outcomes"
[0m23:19:00.061560 [debug] [Thread-1 (]: On model.student_dropout.fct_enrollment_outcomes: /* {"app": "dbt", "dbt_version": "1.11.8", "profile_name": "student_dropout", "target_name": "dev", "node_id": "model.student_dropout.fct_enrollment_outcomes"} */
alter table "student_dropout"."main_marts"."fct_enrollment_outcomes" rename to "fct_enrollment_outcomes__dbt_backup"
[0m23:19:00.061757 [debug] [Thread-1 (]: SQL status: OK in 0.000 seconds
[0m23:19:00.062676 [debug] [Thread-1 (]: Using duckdb connection "model.student_dropout.fct_enrollment_outcomes"
[0m23:19:00.062785 [debug] [Thread-1 (]: On model.student_dropout.fct_enrollment_outcomes: /* {"app": "dbt", "dbt_version": "1.11.8", "profile_name": "student_dropout", "target_name": "dev", "node_id": "model.student_dropout.fct_enrollment_outcomes"} */
alter table "student_dropout"."main_marts"."fct_enrollment_outcomes__dbt_tmp" rename to "fct_enrollment_outcomes"
[0m23:19:00.062972 [debug] [Thread-1 (]: SQL status: OK in 0.000 seconds
[0m23:19:00.064620 [debug] [Thread-1 (]: On model.student_dropout.fct_enrollment_outcomes: COMMIT
[0m23:19:00.064744 [debug] [Thread-1 (]: Using duckdb connection "model.student_dropout.fct_enrollment_outcomes"
[0m23:19:00.064842 [debug] [Thread-1 (]: On model.student_dropout.fct_enrollment_outcomes: COMMIT
[0m23:19:00.066304 [debug] [Thread-1 (]: SQL status: OK in 0.001 seconds
[0m23:19:00.067066 [debug] [Thread-1 (]: Using duckdb connection "model.student_dropout.fct_enrollment_outcomes"
[0m23:19:00.067172 [debug] [Thread-1 (]: On model.student_dropout.fct_enrollment_outcomes: /* {"app": "dbt", "dbt_version": "1.11.8", "profile_name": "student_dropout", "target_name": "dev", "node_id": "model.student_dropout.fct_enrollment_outcomes"} */

      drop table if exists "student_dropout"."main_marts"."fct_enrollment_outcomes__dbt_backup" cascade
    
[0m23:19:00.067536 [debug] [Thread-1 (]: SQL status: OK in 0.000 seconds
[0m23:19:00.067942 [debug] [Thread-1 (]: On model.student_dropout.fct_enrollment_outcomes: Close
[0m23:19:00.068153 [debug] [Thread-1 (]: Sending event: {'category': 'dbt', 'action': 'run_model', 'label': '876fc147-bd00-453b-928d-92ba9a693992', 'context': [<snowplow_tracker.self_describing_json.SelfDescribingJson object at 0x10c93c710>]}
[0m23:19:00.068373 [info ] [Thread-1 (]: 5 of 5 OK created sql table model main_marts.fct_enrollment_outcomes ........... [[32mOK[0m in 0.14s]
[0m23:19:00.068576 [debug] [Thread-1 (]: Finished running node model.student_dropout.fct_enrollment_outcomes
[0m23:19:00.069106 [debug] [MainThread]: Using duckdb connection "master"
[0m23:19:00.069245 [debug] [MainThread]: On master: BEGIN
[0m23:19:00.069347 [debug] [MainThread]: Opening a new connection, currently in state closed
[0m23:19:00.069533 [debug] [MainThread]: SQL status: OK in 0.000 seconds
[0m23:19:00.069631 [debug] [MainThread]: On master: COMMIT
[0m23:19:00.069717 [debug] [MainThread]: Using duckdb connection "master"
[0m23:19:00.069799 [debug] [MainThread]: On master: COMMIT
[0m23:19:00.069934 [debug] [MainThread]: SQL status: OK in 0.000 seconds
[0m23:19:00.070025 [debug] [MainThread]: On master: Close
[0m23:19:00.070139 [debug] [MainThread]: Connection 'master' was properly closed.
[0m23:19:00.070223 [debug] [MainThread]: Connection 'model.student_dropout.fct_enrollment_outcomes' was properly closed.
[0m23:19:00.070298 [debug] [MainThread]: Connection 'model.student_dropout.int_student_demographics' was properly closed.
[0m23:19:00.070391 [debug] [MainThread]: Connection 'model.student_dropout.int_economic_context' was properly closed.
[0m23:19:00.070473 [debug] [MainThread]: Connection 'model.student_dropout.int_program_context' was properly closed.
[0m23:19:00.070588 [info ] [MainThread]: 
[0m23:19:00.070706 [info ] [MainThread]: Finished running 1 table model, 4 view models in 0 hours 0 minutes and 0.31 seconds (0.31s).
[0m23:19:00.071057 [debug] [MainThread]: Command end result
[0m23:19:00.082080 [debug] [MainThread]: Wrote artifact WritableManifest to /Users/ogdata-mpb16/Documents/DataScienceProjects/student-dropout-retention-predictor/dbt/target/manifest.json
[0m23:19:00.082789 [debug] [MainThread]: Wrote artifact SemanticManifest to /Users/ogdata-mpb16/Documents/DataScienceProjects/student-dropout-retention-predictor/dbt/target/semantic_manifest.json
[0m23:19:00.084790 [debug] [MainThread]: Wrote artifact RunExecutionResult to /Users/ogdata-mpb16/Documents/DataScienceProjects/student-dropout-retention-predictor/dbt/target/run_results.json
[0m23:19:00.084897 [info ] [MainThread]: 
[0m23:19:00.085027 [info ] [MainThread]: [32mCompleted successfully[0m
[0m23:19:00.085130 [info ] [MainThread]: 
[0m23:19:00.085248 [info ] [MainThread]: Done. PASS=5 WARN=0 ERROR=0 SKIP=0 NO-OP=0 TOTAL=5
[0m23:19:00.086323 [debug] [MainThread]: Resource report: {"command_name": "run", "command_success": true, "command_wall_clock_time": 0.7278209, "process_in_blocks": "0", "process_kernel_time": 0.134658, "process_mem_max_rss": "209436672", "process_out_blocks": "0", "process_user_time": 1.215802}
[0m23:19:00.086471 [debug] [MainThread]: Command `dbt run` succeeded at 23:19:00.086444 after 0.73 seconds
[0m23:19:00.086593 [debug] [MainThread]: Sending event: {'category': 'dbt', 'action': 'invocation', 'label': 'end', 'context': [<snowplow_tracker.self_describing_json.SelfDescribingJson object at 0x10b0779b0>, <snowplow_tracker.self_describing_json.SelfDescribingJson object at 0x10b521fd0>, <snowplow_tracker.self_describing_json.SelfDescribingJson object at 0x10c6fcb90>]}
[0m23:19:00.086708 [debug] [MainThread]: Flushing usage events
[0m23:19:00.475956 [debug] [MainThread]: An error was encountered while trying to flush usage events
[0m23:19:03.262776 [debug] [MainThread]: Sending event: {'category': 'dbt', 'action': 'invocation', 'label': 'start', 'context': [<snowplow_tracker.self_describing_json.SelfDescribingJson object at 0x104a7cc80>, <snowplow_tracker.self_describing_json.SelfDescribingJson object at 0x104a32090>, <snowplow_tracker.self_describing_json.SelfDescribingJson object at 0x105e25c40>]}


============================== 23:19:03.264279 | 5139b9ec-0181-4e75-bbbc-767e28e5723b ==============================
[0m23:19:03.264279 [info ] [MainThread]: Running with dbt=1.11.8
[0m23:19:03.264525 [debug] [MainThread]: running dbt with arguments {'write_json': 'True', 'send_anonymous_usage_stats': 'True', 'printer_width': '80', 'warn_error': 'None', 'use_experimental_parser': 'False', 'target_path': 'None', 'no_print': 'None', 'log_cache_events': 'False', 'indirect_selection': 'eager', 'empty': 'None', 'introspect': 'True', 'partial_parse': 'True', 'profiles_dir': '/Users/ogdata-mpb16/Documents/DataScienceProjects/student-dropout-retention-predictor/dbt', 'cache_selected_only': 'False', 'quiet': 'False', 'warn_error_options': 'WarnErrorOptionsV2(error=[], warn=[], silence=[])', 'invocation_command': 'dbt test', 'debug': 'False', 'static_parser': 'True', 'use_colors': 'True', 'version_check': 'True', 'fail_fast': 'False', 'log_format': 'default', 'log_path': '/Users/ogdata-mpb16/Documents/DataScienceProjects/student-dropout-retention-predictor/dbt/logs'}
[0m23:19:03.335911 [debug] [MainThread]: Sending event: {'category': 'dbt', 'action': 'project_id', 'label': '5139b9ec-0181-4e75-bbbc-767e28e5723b', 'context': [<snowplow_tracker.self_describing_json.SelfDescribingJson object at 0x104ce4b00>]}
[0m23:19:03.356093 [debug] [MainThread]: Sending event: {'category': 'dbt', 'action': 'adapter_info', 'label': '5139b9ec-0181-4e75-bbbc-767e28e5723b', 'context': [<snowplow_tracker.self_describing_json.SelfDescribingJson object at 0x105da5af0>]}
[0m23:19:03.356994 [info ] [MainThread]: Registered adapter: duckdb=1.10.1
[0m23:19:03.399691 [debug] [MainThread]: checksum: 7d524ac048c2100769df89d592e662e060a73ca564e31bd9c2a37efdfe8d8ab6, vars: {}, profile: , target: , version: 1.11.8
[0m23:19:03.441382 [debug] [MainThread]: Partial parsing enabled: 0 files deleted, 0 files added, 0 files changed.
[0m23:19:03.441562 [debug] [MainThread]: Nothing changed, skipping partial parsing.
[0m23:19:03.441665 [debug] [MainThread]: Partial parsing enabled, no changes found, skipping parsing
[0m23:19:03.457761 [debug] [MainThread]: Sending event: {'category': 'dbt', 'action': 'load_project', 'label': '5139b9ec-0181-4e75-bbbc-767e28e5723b', 'context': [<snowplow_tracker.self_describing_json.SelfDescribingJson object at 0x106cc0860>]}
[0m23:19:03.491131 [debug] [MainThread]: Wrote artifact WritableManifest to /Users/ogdata-mpb16/Documents/DataScienceProjects/student-dropout-retention-predictor/dbt/target/manifest.json
[0m23:19:03.491892 [debug] [MainThread]: Wrote artifact SemanticManifest to /Users/ogdata-mpb16/Documents/DataScienceProjects/student-dropout-retention-predictor/dbt/target/semantic_manifest.json
[0m23:19:03.498518 [debug] [MainThread]: Sending event: {'category': 'dbt', 'action': 'resource_counts', 'label': '5139b9ec-0181-4e75-bbbc-767e28e5723b', 'context': [<snowplow_tracker.self_describing_json.SelfDescribingJson object at 0x10716f1d0>]}
[0m23:19:03.498716 [info ] [MainThread]: Found 5 models, 12 data tests, 1 source, 475 macros
[0m23:19:03.498849 [debug] [MainThread]: Sending event: {'category': 'dbt', 'action': 'runnable_timing', 'label': '5139b9ec-0181-4e75-bbbc-767e28e5723b', 'context': [<snowplow_tracker.self_describing_json.SelfDescribingJson object at 0x1070a8620>]}
[0m23:19:03.499706 [info ] [MainThread]: 
[0m23:19:03.499837 [info ] [MainThread]: Concurrency: 4 threads (target='dev')
[0m23:19:03.499941 [info ] [MainThread]: 
[0m23:19:03.500126 [debug] [MainThread]: Acquiring new duckdb connection 'master'
[0m23:19:03.501811 [debug] [ThreadPool]: Acquiring new duckdb connection 'list_student_dropout_main_staging'
[0m23:19:03.502094 [debug] [ThreadPool]: Acquiring new duckdb connection 'list_student_dropout_main_marts'
[0m23:19:03.507492 [debug] [ThreadPool]: Acquiring new duckdb connection 'list_student_dropout_main_intermediate'
[0m23:19:03.519633 [debug] [ThreadPool]: Using duckdb connection "list_student_dropout_main_staging"
[0m23:19:03.519808 [debug] [ThreadPool]: Using duckdb connection "list_student_dropout_main_marts"
[0m23:19:03.519940 [debug] [ThreadPool]: Using duckdb connection "list_student_dropout_main_intermediate"
[0m23:19:03.520048 [debug] [ThreadPool]: On list_student_dropout_main_staging: BEGIN
[0m23:19:03.520159 [debug] [ThreadPool]: On list_student_dropout_main_marts: BEGIN
[0m23:19:03.520253 [debug] [ThreadPool]: On list_student_dropout_main_intermediate: BEGIN
[0m23:19:03.520346 [debug] [ThreadPool]: Opening a new connection, currently in state init
[0m23:19:03.520440 [debug] [ThreadPool]: Opening a new connection, currently in state init
[0m23:19:03.520524 [debug] [ThreadPool]: Opening a new connection, currently in state init
[0m23:19:03.525935 [debug] [ThreadPool]: SQL status: OK in 0.006 seconds
[0m23:19:03.526116 [debug] [ThreadPool]: Using duckdb connection "list_student_dropout_main_staging"
[0m23:19:03.526242 [debug] [ThreadPool]: SQL status: OK in 0.006 seconds
[0m23:19:03.526342 [debug] [ThreadPool]: SQL status: OK in 0.006 seconds
[0m23:19:03.526440 [debug] [ThreadPool]: On list_student_dropout_main_staging: /* {"app": "dbt", "dbt_version": "1.11.8", "profile_name": "student_dropout", "target_name": "dev", "connection_name": "list_student_dropout_main_staging"} */
select
      'student_dropout' as database,
      table_name as name,
      table_schema as schema,
      CASE table_type
        WHEN 'BASE TABLE' THEN 'table'
        WHEN 'VIEW' THEN 'view'
        WHEN 'LOCAL TEMPORARY' THEN 'table'
        END as type
    from system.information_schema.tables
    where lower(table_schema) = 'main_staging'
    and lower(table_catalog) = 'student_dropout'
  
[0m23:19:03.526540 [debug] [ThreadPool]: Using duckdb connection "list_student_dropout_main_intermediate"
[0m23:19:03.526629 [debug] [ThreadPool]: Using duckdb connection "list_student_dropout_main_marts"
[0m23:19:03.526810 [debug] [ThreadPool]: On list_student_dropout_main_intermediate: /* {"app": "dbt", "dbt_version": "1.11.8", "profile_name": "student_dropout", "target_name": "dev", "connection_name": "list_student_dropout_main_intermediate"} */
select
      'student_dropout' as database,
      table_name as name,
      table_schema as schema,
      CASE table_type
        WHEN 'BASE TABLE' THEN 'table'
        WHEN 'VIEW' THEN 'view'
        WHEN 'LOCAL TEMPORARY' THEN 'table'
        END as type
    from system.information_schema.tables
    where lower(table_schema) = 'main_intermediate'
    and lower(table_catalog) = 'student_dropout'
  
[0m23:19:03.526967 [debug] [ThreadPool]: On list_student_dropout_main_marts: /* {"app": "dbt", "dbt_version": "1.11.8", "profile_name": "student_dropout", "target_name": "dev", "connection_name": "list_student_dropout_main_marts"} */
select
      'student_dropout' as database,
      table_name as name,
      table_schema as schema,
      CASE table_type
        WHEN 'BASE TABLE' THEN 'table'
        WHEN 'VIEW' THEN 'view'
        WHEN 'LOCAL TEMPORARY' THEN 'table'
        END as type
    from system.information_schema.tables
    where lower(table_schema) = 'main_marts'
    and lower(table_catalog) = 'student_dropout'
  
[0m23:19:03.528273 [debug] [ThreadPool]: SQL status: OK in 0.002 seconds
[0m23:19:03.528463 [debug] [ThreadPool]: SQL status: OK in 0.001 seconds
[0m23:19:03.528582 [debug] [ThreadPool]: SQL status: OK in 0.001 seconds
[0m23:19:03.529042 [debug] [ThreadPool]: On list_student_dropout_main_staging: ROLLBACK
[0m23:19:03.529441 [debug] [ThreadPool]: On list_student_dropout_main_marts: ROLLBACK
[0m23:19:03.529868 [debug] [ThreadPool]: On list_student_dropout_main_intermediate: ROLLBACK
[0m23:19:03.530355 [debug] [ThreadPool]: Failed to rollback 'list_student_dropout_main_staging'
[0m23:19:03.530471 [debug] [ThreadPool]: On list_student_dropout_main_staging: Close
[0m23:19:03.530822 [debug] [ThreadPool]: Failed to rollback 'list_student_dropout_main_marts'
[0m23:19:03.530996 [debug] [ThreadPool]: On list_student_dropout_main_marts: Close
[0m23:19:03.531314 [debug] [ThreadPool]: Failed to rollback 'list_student_dropout_main_intermediate'
[0m23:19:03.531619 [debug] [ThreadPool]: On list_student_dropout_main_intermediate: Close
[0m23:19:03.531973 [debug] [MainThread]: Sending event: {'category': 'dbt', 'action': 'runnable_timing', 'label': '5139b9ec-0181-4e75-bbbc-767e28e5723b', 'context': [<snowplow_tracker.self_describing_json.SelfDescribingJson object at 0x107139c70>]}
[0m23:19:03.532132 [debug] [MainThread]: Using duckdb connection "master"
[0m23:19:03.532221 [debug] [MainThread]: On master: BEGIN
[0m23:19:03.532305 [debug] [MainThread]: Opening a new connection, currently in state init
[0m23:19:03.532466 [debug] [MainThread]: SQL status: OK in 0.000 seconds
[0m23:19:03.532560 [debug] [MainThread]: On master: COMMIT
[0m23:19:03.532644 [debug] [MainThread]: Using duckdb connection "master"
[0m23:19:03.532726 [debug] [MainThread]: On master: COMMIT
[0m23:19:03.532851 [debug] [MainThread]: SQL status: OK in 0.000 seconds
[0m23:19:03.532944 [debug] [MainThread]: On master: Close
[0m23:19:03.533744 [debug] [Thread-1 (]: Began running node test.student_dropout.accepted_values_fct_enrollment_outcomes_outcome__Dropout__Enrolled__Graduate.6f5acbe8d3
[0m23:19:03.533879 [debug] [Thread-2 (]: Began running node test.student_dropout.accepted_values_stg_students_outcome__Dropout__Enrolled__Graduate.b6987725e8
[0m23:19:03.534007 [info ] [Thread-1 (]: 1 of 12 START test accepted_values_fct_enrollment_outcomes_outcome__Dropout__Enrolled__Graduate  [RUN]
[0m23:19:03.534170 [debug] [Thread-3 (]: Began running node test.student_dropout.not_null_fct_enrollment_outcomes_outcome.5dc63d9a92
[0m23:19:03.534300 [info ] [Thread-2 (]: 2 of 12 START test accepted_values_stg_students_outcome__Dropout__Enrolled__Graduate  [RUN]
[0m23:19:03.534461 [debug] [Thread-1 (]: Re-using an available connection from the pool (formerly list_student_dropout_main_staging, now test.student_dropout.accepted_values_fct_enrollment_outcomes_outcome__Dropout__Enrolled__Graduate.6f5acbe8d3)
[0m23:19:03.534586 [debug] [Thread-4 (]: Began running node test.student_dropout.not_null_fct_enrollment_outcomes_student_key.dcd4a8c056
[0m23:19:03.534699 [info ] [Thread-3 (]: 3 of 12 START test not_null_fct_enrollment_outcomes_outcome .................... [RUN]
[0m23:19:03.534847 [debug] [Thread-2 (]: Re-using an available connection from the pool (formerly list_student_dropout_main_marts, now test.student_dropout.accepted_values_stg_students_outcome__Dropout__Enrolled__Graduate.b6987725e8)
[0m23:19:03.535082 [debug] [Thread-1 (]: Began compiling node test.student_dropout.accepted_values_fct_enrollment_outcomes_outcome__Dropout__Enrolled__Graduate.6f5acbe8d3
[0m23:19:03.535198 [info ] [Thread-4 (]: 4 of 12 START test not_null_fct_enrollment_outcomes_student_key ................ [RUN]
[0m23:19:03.535335 [debug] [Thread-3 (]: Re-using an available connection from the pool (formerly list_student_dropout_main_intermediate, now test.student_dropout.not_null_fct_enrollment_outcomes_outcome.5dc63d9a92)
[0m23:19:03.535453 [debug] [Thread-2 (]: Began compiling node test.student_dropout.accepted_values_stg_students_outcome__Dropout__Enrolled__Graduate.b6987725e8
[0m23:19:03.541375 [debug] [Thread-1 (]: Writing injected SQL for node "test.student_dropout.accepted_values_fct_enrollment_outcomes_outcome__Dropout__Enrolled__Graduate.6f5acbe8d3"
[0m23:19:03.541581 [debug] [Thread-4 (]: Acquiring new duckdb connection 'test.student_dropout.not_null_fct_enrollment_outcomes_student_key.dcd4a8c056'
[0m23:19:03.541711 [debug] [Thread-3 (]: Began compiling node test.student_dropout.not_null_fct_enrollment_outcomes_outcome.5dc63d9a92
[0m23:19:03.543385 [debug] [Thread-2 (]: Writing injected SQL for node "test.student_dropout.accepted_values_stg_students_outcome__Dropout__Enrolled__Graduate.b6987725e8"
[0m23:19:03.543608 [debug] [Thread-4 (]: Began compiling node test.student_dropout.not_null_fct_enrollment_outcomes_student_key.dcd4a8c056
[0m23:19:03.546250 [debug] [Thread-3 (]: Writing injected SQL for node "test.student_dropout.not_null_fct_enrollment_outcomes_outcome.5dc63d9a92"
[0m23:19:03.548299 [debug] [Thread-4 (]: Writing injected SQL for node "test.student_dropout.not_null_fct_enrollment_outcomes_student_key.dcd4a8c056"
[0m23:19:03.548437 [debug] [Thread-1 (]: Began executing node test.student_dropout.accepted_values_fct_enrollment_outcomes_outcome__Dropout__Enrolled__Graduate.6f5acbe8d3
[0m23:19:03.573325 [debug] [Thread-3 (]: Began executing node test.student_dropout.not_null_fct_enrollment_outcomes_outcome.5dc63d9a92
[0m23:19:03.573206 [debug] [Thread-1 (]: Writing runtime sql for node "test.student_dropout.accepted_values_fct_enrollment_outcomes_outcome__Dropout__Enrolled__Graduate.6f5acbe8d3"
[0m23:19:03.573619 [debug] [Thread-2 (]: Began executing node test.student_dropout.accepted_values_stg_students_outcome__Dropout__Enrolled__Graduate.b6987725e8
[0m23:19:03.574490 [debug] [Thread-3 (]: Writing runtime sql for node "test.student_dropout.not_null_fct_enrollment_outcomes_outcome.5dc63d9a92"
[0m23:19:03.575391 [debug] [Thread-2 (]: Writing runtime sql for node "test.student_dropout.accepted_values_stg_students_outcome__Dropout__Enrolled__Graduate.b6987725e8"
[0m23:19:03.575581 [debug] [Thread-4 (]: Began executing node test.student_dropout.not_null_fct_enrollment_outcomes_student_key.dcd4a8c056
[0m23:19:03.576574 [debug] [Thread-4 (]: Writing runtime sql for node "test.student_dropout.not_null_fct_enrollment_outcomes_student_key.dcd4a8c056"
[0m23:19:03.576780 [debug] [Thread-3 (]: Using duckdb connection "test.student_dropout.not_null_fct_enrollment_outcomes_outcome.5dc63d9a92"
[0m23:19:03.576998 [debug] [Thread-3 (]: On test.student_dropout.not_null_fct_enrollment_outcomes_outcome.5dc63d9a92: BEGIN
[0m23:19:03.577203 [debug] [Thread-2 (]: Using duckdb connection "test.student_dropout.accepted_values_stg_students_outcome__Dropout__Enrolled__Graduate.b6987725e8"
[0m23:19:03.577341 [debug] [Thread-3 (]: Opening a new connection, currently in state closed
[0m23:19:03.577475 [debug] [Thread-2 (]: On test.student_dropout.accepted_values_stg_students_outcome__Dropout__Enrolled__Graduate.b6987725e8: BEGIN
[0m23:19:03.577625 [debug] [Thread-1 (]: Using duckdb connection "test.student_dropout.accepted_values_fct_enrollment_outcomes_outcome__Dropout__Enrolled__Graduate.6f5acbe8d3"
[0m23:19:03.577786 [debug] [Thread-4 (]: Using duckdb connection "test.student_dropout.not_null_fct_enrollment_outcomes_student_key.dcd4a8c056"
[0m23:19:03.577996 [debug] [Thread-2 (]: Opening a new connection, currently in state closed
[0m23:19:03.578125 [debug] [Thread-1 (]: On test.student_dropout.accepted_values_fct_enrollment_outcomes_outcome__Dropout__Enrolled__Graduate.6f5acbe8d3: BEGIN
[0m23:19:03.578256 [debug] [Thread-3 (]: SQL status: OK in 0.001 seconds
[0m23:19:03.578383 [debug] [Thread-4 (]: On test.student_dropout.not_null_fct_enrollment_outcomes_student_key.dcd4a8c056: BEGIN
[0m23:19:03.578554 [debug] [Thread-1 (]: Opening a new connection, currently in state closed
[0m23:19:03.578674 [debug] [Thread-3 (]: Using duckdb connection "test.student_dropout.not_null_fct_enrollment_outcomes_outcome.5dc63d9a92"
[0m23:19:03.578795 [debug] [Thread-2 (]: SQL status: OK in 0.001 seconds
[0m23:19:03.578901 [debug] [Thread-4 (]: Opening a new connection, currently in state init
[0m23:19:03.579076 [debug] [Thread-3 (]: On test.student_dropout.not_null_fct_enrollment_outcomes_outcome.5dc63d9a92: /* {"app": "dbt", "dbt_version": "1.11.8", "profile_name": "student_dropout", "target_name": "dev", "node_id": "test.student_dropout.not_null_fct_enrollment_outcomes_outcome.5dc63d9a92"} */

    
    select
      count(*) as failures,
      count(*) != 0 as should_warn,
      count(*) != 0 as should_error
    from (
      
    
  
    
    



select outcome
from "student_dropout"."main_marts"."fct_enrollment_outcomes"
where outcome is null



  
  
      
    ) dbt_internal_test
[0m23:19:03.579211 [debug] [Thread-2 (]: Using duckdb connection "test.student_dropout.accepted_values_stg_students_outcome__Dropout__Enrolled__Graduate.b6987725e8"
[0m23:19:03.579332 [debug] [Thread-1 (]: SQL status: OK in 0.001 seconds
[0m23:19:03.579560 [debug] [Thread-2 (]: On test.student_dropout.accepted_values_stg_students_outcome__Dropout__Enrolled__Graduate.b6987725e8: /* {"app": "dbt", "dbt_version": "1.11.8", "profile_name": "student_dropout", "target_name": "dev", "node_id": "test.student_dropout.accepted_values_stg_students_outcome__Dropout__Enrolled__Graduate.b6987725e8"} */

    
    select
      count(*) as failures,
      count(*) != 0 as should_warn,
      count(*) != 0 as should_error
    from (
      
    
  
    
    

with all_values as (

    select
        outcome as value_field,
        count(*) as n_records

    from "student_dropout"."main_staging"."stg_students"
    group by outcome

)

select *
from all_values
where value_field not in (
    'Dropout','Enrolled','Graduate'
)



  
  
      
    ) dbt_internal_test
[0m23:19:03.579691 [debug] [Thread-4 (]: SQL status: OK in 0.001 seconds
[0m23:19:03.579806 [debug] [Thread-1 (]: Using duckdb connection "test.student_dropout.accepted_values_fct_enrollment_outcomes_outcome__Dropout__Enrolled__Graduate.6f5acbe8d3"
[0m23:19:03.579944 [debug] [Thread-3 (]: SQL status: OK in 0.000 seconds
[0m23:19:03.580120 [debug] [Thread-4 (]: Using duckdb connection "test.student_dropout.not_null_fct_enrollment_outcomes_student_key.dcd4a8c056"
[0m23:19:03.580251 [debug] [Thread-1 (]: On test.student_dropout.accepted_values_fct_enrollment_outcomes_outcome__Dropout__Enrolled__Graduate.6f5acbe8d3: /* {"app": "dbt", "dbt_version": "1.11.8", "profile_name": "student_dropout", "target_name": "dev", "node_id": "test.student_dropout.accepted_values_fct_enrollment_outcomes_outcome__Dropout__Enrolled__Graduate.6f5acbe8d3"} */

    
    select
      count(*) as failures,
      count(*) != 0 as should_warn,
      count(*) != 0 as should_error
    from (
      
    
  
    
    

with all_values as (

    select
        outcome as value_field,
        count(*) as n_records

    from "student_dropout"."main_marts"."fct_enrollment_outcomes"
    group by outcome

)

select *
from all_values
where value_field not in (
    'Dropout','Enrolled','Graduate'
)



  
  
      
    ) dbt_internal_test
[0m23:19:03.580418 [debug] [Thread-4 (]: On test.student_dropout.not_null_fct_enrollment_outcomes_student_key.dcd4a8c056: /* {"app": "dbt", "dbt_version": "1.11.8", "profile_name": "student_dropout", "target_name": "dev", "node_id": "test.student_dropout.not_null_fct_enrollment_outcomes_student_key.dcd4a8c056"} */

    
    select
      count(*) as failures,
      count(*) != 0 as should_warn,
      count(*) != 0 as should_error
    from (
      
    
  
    
    



select student_key
from "student_dropout"."main_marts"."fct_enrollment_outcomes"
where student_key is null



  
  
      
    ) dbt_internal_test
[0m23:19:03.581926 [debug] [Thread-3 (]: On test.student_dropout.not_null_fct_enrollment_outcomes_outcome.5dc63d9a92: ROLLBACK
[0m23:19:03.582383 [debug] [Thread-3 (]: Failed to rollback 'test.student_dropout.not_null_fct_enrollment_outcomes_outcome.5dc63d9a92'
[0m23:19:03.582531 [debug] [Thread-3 (]: On test.student_dropout.not_null_fct_enrollment_outcomes_outcome.5dc63d9a92: Close
[0m23:19:03.582659 [debug] [Thread-4 (]: SQL status: OK in 0.001 seconds
[0m23:19:03.582796 [debug] [Thread-1 (]: SQL status: OK in 0.001 seconds
[0m23:19:03.583011 [info ] [Thread-3 (]: 3 of 12 PASS not_null_fct_enrollment_outcomes_outcome .......................... [[32mPASS[0m in 0.05s]
[0m23:19:03.583575 [debug] [Thread-4 (]: On test.student_dropout.not_null_fct_enrollment_outcomes_student_key.dcd4a8c056: ROLLBACK
[0m23:19:03.584045 [debug] [Thread-1 (]: On test.student_dropout.accepted_values_fct_enrollment_outcomes_outcome__Dropout__Enrolled__Graduate.6f5acbe8d3: ROLLBACK
[0m23:19:03.584253 [debug] [Thread-3 (]: Finished running node test.student_dropout.not_null_fct_enrollment_outcomes_outcome.5dc63d9a92
[0m23:19:03.584592 [debug] [Thread-4 (]: Failed to rollback 'test.student_dropout.not_null_fct_enrollment_outcomes_student_key.dcd4a8c056'
[0m23:19:03.584766 [debug] [Thread-3 (]: Began running node test.student_dropout.not_null_int_economic_context_economic_context_key.a874d0de9a
[0m23:19:03.585058 [debug] [Thread-1 (]: Failed to rollback 'test.student_dropout.accepted_values_fct_enrollment_outcomes_outcome__Dropout__Enrolled__Graduate.6f5acbe8d3'
[0m23:19:03.585210 [debug] [Thread-4 (]: On test.student_dropout.not_null_fct_enrollment_outcomes_student_key.dcd4a8c056: Close
[0m23:19:03.585456 [debug] [Thread-1 (]: On test.student_dropout.accepted_values_fct_enrollment_outcomes_outcome__Dropout__Enrolled__Graduate.6f5acbe8d3: Close
[0m23:19:03.585346 [info ] [Thread-3 (]: 5 of 12 START test not_null_int_economic_context_economic_context_key .......... [RUN]
[0m23:19:03.585693 [info ] [Thread-4 (]: 4 of 12 PASS not_null_fct_enrollment_outcomes_student_key ...................... [[32mPASS[0m in 0.04s]
[0m23:19:03.585864 [debug] [Thread-3 (]: Re-using an available connection from the pool (formerly test.student_dropout.not_null_fct_enrollment_outcomes_outcome.5dc63d9a92, now test.student_dropout.not_null_int_economic_context_economic_context_key.a874d0de9a)
[0m23:19:03.586191 [debug] [Thread-4 (]: Finished running node test.student_dropout.not_null_fct_enrollment_outcomes_student_key.dcd4a8c056
[0m23:19:03.586040 [info ] [Thread-1 (]: 1 of 12 PASS accepted_values_fct_enrollment_outcomes_outcome__Dropout__Enrolled__Graduate  [[32mPASS[0m in 0.05s]
[0m23:19:03.586373 [debug] [Thread-3 (]: Began compiling node test.student_dropout.not_null_int_economic_context_economic_context_key.a874d0de9a
[0m23:19:03.586508 [debug] [Thread-4 (]: Began running node test.student_dropout.not_null_int_program_context_program_key.fd59564871
[0m23:19:03.586692 [debug] [Thread-1 (]: Finished running node test.student_dropout.accepted_values_fct_enrollment_outcomes_outcome__Dropout__Enrolled__Graduate.6f5acbe8d3
[0m23:19:03.588165 [debug] [Thread-3 (]: Writing injected SQL for node "test.student_dropout.not_null_int_economic_context_economic_context_key.a874d0de9a"
[0m23:19:03.588300 [info ] [Thread-4 (]: 6 of 12 START test not_null_int_program_context_program_key .................... [RUN]
[0m23:19:03.588465 [debug] [Thread-1 (]: Began running node test.student_dropout.not_null_int_student_demographics_student_key.2d69200948
[0m23:19:03.588666 [debug] [Thread-4 (]: Re-using an available connection from the pool (formerly test.student_dropout.not_null_fct_enrollment_outcomes_student_key.dcd4a8c056, now test.student_dropout.not_null_int_program_context_program_key.fd59564871)
[0m23:19:03.588817 [info ] [Thread-1 (]: 7 of 12 START test not_null_int_student_demographics_student_key ............... [RUN]
[0m23:19:03.588978 [debug] [Thread-4 (]: Began compiling node test.student_dropout.not_null_int_program_context_program_key.fd59564871
[0m23:19:03.589154 [debug] [Thread-1 (]: Re-using an available connection from the pool (formerly test.student_dropout.accepted_values_fct_enrollment_outcomes_outcome__Dropout__Enrolled__Graduate.6f5acbe8d3, now test.student_dropout.not_null_int_student_demographics_student_key.2d69200948)
[0m23:19:03.589298 [debug] [Thread-3 (]: Began executing node test.student_dropout.not_null_int_economic_context_economic_context_key.a874d0de9a
[0m23:19:03.590992 [debug] [Thread-4 (]: Writing injected SQL for node "test.student_dropout.not_null_int_program_context_program_key.fd59564871"
[0m23:19:03.591181 [debug] [Thread-1 (]: Began compiling node test.student_dropout.not_null_int_student_demographics_student_key.2d69200948
[0m23:19:03.592166 [debug] [Thread-3 (]: Writing runtime sql for node "test.student_dropout.not_null_int_economic_context_economic_context_key.a874d0de9a"
[0m23:19:03.593626 [debug] [Thread-1 (]: Writing injected SQL for node "test.student_dropout.not_null_int_student_demographics_student_key.2d69200948"
[0m23:19:03.593888 [debug] [Thread-4 (]: Began executing node test.student_dropout.not_null_int_program_context_program_key.fd59564871
[0m23:19:03.594020 [debug] [Thread-1 (]: Began executing node test.student_dropout.not_null_int_student_demographics_student_key.2d69200948
[0m23:19:03.594187 [debug] [Thread-3 (]: Using duckdb connection "test.student_dropout.not_null_int_economic_context_economic_context_key.a874d0de9a"
[0m23:19:03.595092 [debug] [Thread-4 (]: Writing runtime sql for node "test.student_dropout.not_null_int_program_context_program_key.fd59564871"
[0m23:19:03.596571 [debug] [Thread-1 (]: Writing runtime sql for node "test.student_dropout.not_null_int_student_demographics_student_key.2d69200948"
[0m23:19:03.596713 [debug] [Thread-3 (]: On test.student_dropout.not_null_int_economic_context_economic_context_key.a874d0de9a: BEGIN
[0m23:19:03.596914 [debug] [Thread-3 (]: Opening a new connection, currently in state closed
[0m23:19:03.597186 [debug] [Thread-4 (]: Using duckdb connection "test.student_dropout.not_null_int_program_context_program_key.fd59564871"
[0m23:19:03.597336 [debug] [Thread-1 (]: Using duckdb connection "test.student_dropout.not_null_int_student_demographics_student_key.2d69200948"
[0m23:19:03.597464 [debug] [Thread-4 (]: On test.student_dropout.not_null_int_program_context_program_key.fd59564871: BEGIN
[0m23:19:03.597585 [debug] [Thread-3 (]: SQL status: OK in 0.001 seconds
[0m23:19:03.597703 [debug] [Thread-1 (]: On test.student_dropout.not_null_int_student_demographics_student_key.2d69200948: BEGIN
[0m23:19:03.597827 [debug] [Thread-4 (]: Opening a new connection, currently in state closed
[0m23:19:03.597949 [debug] [Thread-3 (]: Using duckdb connection "test.student_dropout.not_null_int_economic_context_economic_context_key.a874d0de9a"
[0m23:19:03.598065 [debug] [Thread-1 (]: Opening a new connection, currently in state closed
[0m23:19:03.598236 [debug] [Thread-3 (]: On test.student_dropout.not_null_int_economic_context_economic_context_key.a874d0de9a: /* {"app": "dbt", "dbt_version": "1.11.8", "profile_name": "student_dropout", "target_name": "dev", "node_id": "test.student_dropout.not_null_int_economic_context_economic_context_key.a874d0de9a"} */

    
    select
      count(*) as failures,
      count(*) != 0 as should_warn,
      count(*) != 0 as should_error
    from (
      
    
  
    
    



select economic_context_key
from "student_dropout"."main_intermediate"."int_economic_context"
where economic_context_key is null



  
  
      
    ) dbt_internal_test
[0m23:19:03.598408 [debug] [Thread-4 (]: SQL status: OK in 0.001 seconds
[0m23:19:03.598582 [debug] [Thread-1 (]: SQL status: OK in 0.001 seconds
[0m23:19:03.598701 [debug] [Thread-4 (]: Using duckdb connection "test.student_dropout.not_null_int_program_context_program_key.fd59564871"
[0m23:19:03.598829 [debug] [Thread-1 (]: Using duckdb connection "test.student_dropout.not_null_int_student_demographics_student_key.2d69200948"
[0m23:19:03.598958 [debug] [Thread-4 (]: On test.student_dropout.not_null_int_program_context_program_key.fd59564871: /* {"app": "dbt", "dbt_version": "1.11.8", "profile_name": "student_dropout", "target_name": "dev", "node_id": "test.student_dropout.not_null_int_program_context_program_key.fd59564871"} */

    
    select
      count(*) as failures,
      count(*) != 0 as should_warn,
      count(*) != 0 as should_error
    from (
      
    
  
    
    



select program_key
from "student_dropout"."main_intermediate"."int_program_context"
where program_key is null



  
  
      
    ) dbt_internal_test
[0m23:19:03.599096 [debug] [Thread-1 (]: On test.student_dropout.not_null_int_student_demographics_student_key.2d69200948: /* {"app": "dbt", "dbt_version": "1.11.8", "profile_name": "student_dropout", "target_name": "dev", "node_id": "test.student_dropout.not_null_int_student_demographics_student_key.2d69200948"} */

    
    select
      count(*) as failures,
      count(*) != 0 as should_warn,
      count(*) != 0 as should_error
    from (
      
    
  
    
    



select student_key
from "student_dropout"."main_intermediate"."int_student_demographics"
where student_key is null



  
  
      
    ) dbt_internal_test
[0m23:19:03.612234 [debug] [Thread-2 (]: SQL status: OK in 0.032 seconds
[0m23:19:03.612921 [debug] [Thread-2 (]: On test.student_dropout.accepted_values_stg_students_outcome__Dropout__Enrolled__Graduate.b6987725e8: ROLLBACK
[0m23:19:03.613315 [debug] [Thread-2 (]: Failed to rollback 'test.student_dropout.accepted_values_stg_students_outcome__Dropout__Enrolled__Graduate.b6987725e8'
[0m23:19:03.613442 [debug] [Thread-2 (]: On test.student_dropout.accepted_values_stg_students_outcome__Dropout__Enrolled__Graduate.b6987725e8: Close
[0m23:19:03.613664 [info ] [Thread-2 (]: 2 of 12 PASS accepted_values_stg_students_outcome__Dropout__Enrolled__Graduate . [[32mPASS[0m in 0.08s]
[0m23:19:03.613862 [debug] [Thread-2 (]: Finished running node test.student_dropout.accepted_values_stg_students_outcome__Dropout__Enrolled__Graduate.b6987725e8
[0m23:19:03.614001 [debug] [Thread-2 (]: Began running node test.student_dropout.not_null_stg_students_outcome.eb621094c6
[0m23:19:03.614166 [info ] [Thread-2 (]: 8 of 12 START test not_null_stg_students_outcome ............................... [RUN]
[0m23:19:03.614335 [debug] [Thread-2 (]: Re-using an available connection from the pool (formerly test.student_dropout.accepted_values_stg_students_outcome__Dropout__Enrolled__Graduate.b6987725e8, now test.student_dropout.not_null_stg_students_outcome.eb621094c6)
[0m23:19:03.614462 [debug] [Thread-2 (]: Began compiling node test.student_dropout.not_null_stg_students_outcome.eb621094c6
[0m23:19:03.616078 [debug] [Thread-2 (]: Writing injected SQL for node "test.student_dropout.not_null_stg_students_outcome.eb621094c6"
[0m23:19:03.616371 [debug] [Thread-2 (]: Began executing node test.student_dropout.not_null_stg_students_outcome.eb621094c6
[0m23:19:03.617231 [debug] [Thread-2 (]: Writing runtime sql for node "test.student_dropout.not_null_stg_students_outcome.eb621094c6"
[0m23:19:03.617456 [debug] [Thread-2 (]: Using duckdb connection "test.student_dropout.not_null_stg_students_outcome.eb621094c6"
[0m23:19:03.617576 [debug] [Thread-2 (]: On test.student_dropout.not_null_stg_students_outcome.eb621094c6: BEGIN
[0m23:19:03.617691 [debug] [Thread-2 (]: Opening a new connection, currently in state closed
[0m23:19:03.617918 [debug] [Thread-2 (]: SQL status: OK in 0.000 seconds
[0m23:19:03.618033 [debug] [Thread-2 (]: Using duckdb connection "test.student_dropout.not_null_stg_students_outcome.eb621094c6"
[0m23:19:03.618150 [debug] [Thread-2 (]: On test.student_dropout.not_null_stg_students_outcome.eb621094c6: /* {"app": "dbt", "dbt_version": "1.11.8", "profile_name": "student_dropout", "target_name": "dev", "node_id": "test.student_dropout.not_null_stg_students_outcome.eb621094c6"} */

    
    select
      count(*) as failures,
      count(*) != 0 as should_warn,
      count(*) != 0 as should_error
    from (
      
    
  
    
    



select outcome
from "student_dropout"."main_staging"."stg_students"
where outcome is null



  
  
      
    ) dbt_internal_test
[0m23:19:03.631236 [debug] [Thread-1 (]: SQL status: OK in 0.032 seconds
[0m23:19:03.632053 [debug] [Thread-1 (]: On test.student_dropout.not_null_int_student_demographics_student_key.2d69200948: ROLLBACK
[0m23:19:03.632235 [debug] [Thread-4 (]: SQL status: OK in 0.033 seconds
[0m23:19:03.632575 [debug] [Thread-1 (]: Failed to rollback 'test.student_dropout.not_null_int_student_demographics_student_key.2d69200948'
[0m23:19:03.632708 [debug] [Thread-3 (]: SQL status: OK in 0.034 seconds
[0m23:19:03.632849 [debug] [Thread-1 (]: On test.student_dropout.not_null_int_student_demographics_student_key.2d69200948: Close
[0m23:19:03.633365 [debug] [Thread-4 (]: On test.student_dropout.not_null_int_program_context_program_key.fd59564871: ROLLBACK
[0m23:19:03.633864 [debug] [Thread-3 (]: On test.student_dropout.not_null_int_economic_context_economic_context_key.a874d0de9a: ROLLBACK
[0m23:19:03.634213 [debug] [Thread-4 (]: Failed to rollback 'test.student_dropout.not_null_int_program_context_program_key.fd59564871'
[0m23:19:03.634424 [info ] [Thread-1 (]: 7 of 12 PASS not_null_int_student_demographics_student_key ..................... [[32mPASS[0m in 0.05s]
[0m23:19:03.634806 [debug] [Thread-3 (]: Failed to rollback 'test.student_dropout.not_null_int_economic_context_economic_context_key.a874d0de9a'
[0m23:19:03.634935 [debug] [Thread-4 (]: On test.student_dropout.not_null_int_program_context_program_key.fd59564871: Close
[0m23:19:03.635117 [debug] [Thread-1 (]: Finished running node test.student_dropout.not_null_int_student_demographics_student_key.2d69200948
[0m23:19:03.635242 [debug] [Thread-3 (]: On test.student_dropout.not_null_int_economic_context_economic_context_key.a874d0de9a: Close
[0m23:19:03.635429 [info ] [Thread-4 (]: 6 of 12 PASS not_null_int_program_context_program_key .......................... [[32mPASS[0m in 0.05s]
[0m23:19:03.635590 [debug] [Thread-1 (]: Began running node test.student_dropout.unique_fct_enrollment_outcomes_student_key.46f567e1cb
[0m23:19:03.635800 [debug] [Thread-4 (]: Finished running node test.student_dropout.not_null_int_program_context_program_key.fd59564871
[0m23:19:03.635964 [info ] [Thread-3 (]: 5 of 12 PASS not_null_int_economic_context_economic_context_key ................ [[32mPASS[0m in 0.05s]
[0m23:19:03.636117 [info ] [Thread-1 (]: 9 of 12 START test unique_fct_enrollment_outcomes_student_key .................. [RUN]
[0m23:19:03.636267 [debug] [Thread-4 (]: Began running node test.student_dropout.unique_int_economic_context_economic_context_key.cea4eb238f
[0m23:19:03.636458 [debug] [Thread-3 (]: Finished running node test.student_dropout.not_null_int_economic_context_economic_context_key.a874d0de9a
[0m23:19:03.636611 [debug] [Thread-1 (]: Re-using an available connection from the pool (formerly test.student_dropout.not_null_int_student_demographics_student_key.2d69200948, now test.student_dropout.unique_fct_enrollment_outcomes_student_key.46f567e1cb)
[0m23:19:03.636749 [info ] [Thread-4 (]: 10 of 12 START test unique_int_economic_context_economic_context_key ........... [RUN]
[0m23:19:03.636904 [debug] [Thread-3 (]: Began running node test.student_dropout.unique_int_program_context_program_key.998275a591
[0m23:19:03.637034 [debug] [Thread-1 (]: Began compiling node test.student_dropout.unique_fct_enrollment_outcomes_student_key.46f567e1cb
[0m23:19:03.637202 [debug] [Thread-4 (]: Re-using an available connection from the pool (formerly test.student_dropout.not_null_int_program_context_program_key.fd59564871, now test.student_dropout.unique_int_economic_context_economic_context_key.cea4eb238f)
[0m23:19:03.637347 [info ] [Thread-3 (]: 11 of 12 START test unique_int_program_context_program_key ..................... [RUN]
[0m23:19:03.639773 [debug] [Thread-1 (]: Writing injected SQL for node "test.student_dropout.unique_fct_enrollment_outcomes_student_key.46f567e1cb"
[0m23:19:03.639920 [debug] [Thread-4 (]: Began compiling node test.student_dropout.unique_int_economic_context_economic_context_key.cea4eb238f
[0m23:19:03.640097 [debug] [Thread-3 (]: Re-using an available connection from the pool (formerly test.student_dropout.not_null_int_economic_context_economic_context_key.a874d0de9a, now test.student_dropout.unique_int_program_context_program_key.998275a591)
[0m23:19:03.641687 [debug] [Thread-4 (]: Writing injected SQL for node "test.student_dropout.unique_int_economic_context_economic_context_key.cea4eb238f"
[0m23:19:03.641841 [debug] [Thread-3 (]: Began compiling node test.student_dropout.unique_int_program_context_program_key.998275a591
[0m23:19:03.643286 [debug] [Thread-3 (]: Writing injected SQL for node "test.student_dropout.unique_int_program_context_program_key.998275a591"
[0m23:19:03.643495 [debug] [Thread-1 (]: Began executing node test.student_dropout.unique_fct_enrollment_outcomes_student_key.46f567e1cb
[0m23:19:03.643623 [debug] [Thread-4 (]: Began executing node test.student_dropout.unique_int_economic_context_economic_context_key.cea4eb238f
[0m23:19:03.644472 [debug] [Thread-1 (]: Writing runtime sql for node "test.student_dropout.unique_fct_enrollment_outcomes_student_key.46f567e1cb"
[0m23:19:03.645351 [debug] [Thread-4 (]: Writing runtime sql for node "test.student_dropout.unique_int_economic_context_economic_context_key.cea4eb238f"
[0m23:19:03.645520 [debug] [Thread-3 (]: Began executing node test.student_dropout.unique_int_program_context_program_key.998275a591
[0m23:19:03.646432 [debug] [Thread-3 (]: Writing runtime sql for node "test.student_dropout.unique_int_program_context_program_key.998275a591"
[0m23:19:03.646661 [debug] [Thread-4 (]: Using duckdb connection "test.student_dropout.unique_int_economic_context_economic_context_key.cea4eb238f"
[0m23:19:03.646805 [debug] [Thread-1 (]: Using duckdb connection "test.student_dropout.unique_fct_enrollment_outcomes_student_key.46f567e1cb"
[0m23:19:03.646939 [debug] [Thread-4 (]: On test.student_dropout.unique_int_economic_context_economic_context_key.cea4eb238f: BEGIN
[0m23:19:03.647079 [debug] [Thread-3 (]: Using duckdb connection "test.student_dropout.unique_int_program_context_program_key.998275a591"
[0m23:19:03.647222 [debug] [Thread-1 (]: On test.student_dropout.unique_fct_enrollment_outcomes_student_key.46f567e1cb: BEGIN
[0m23:19:03.647373 [debug] [Thread-4 (]: Opening a new connection, currently in state closed
[0m23:19:03.647502 [debug] [Thread-3 (]: On test.student_dropout.unique_int_program_context_program_key.998275a591: BEGIN
[0m23:19:03.647634 [debug] [Thread-1 (]: Opening a new connection, currently in state closed
[0m23:19:03.647841 [debug] [Thread-3 (]: Opening a new connection, currently in state closed
[0m23:19:03.648080 [debug] [Thread-4 (]: SQL status: OK in 0.001 seconds
[0m23:19:03.648216 [debug] [Thread-1 (]: SQL status: OK in 0.001 seconds
[0m23:19:03.648342 [debug] [Thread-4 (]: Using duckdb connection "test.student_dropout.unique_int_economic_context_economic_context_key.cea4eb238f"
[0m23:19:03.648477 [debug] [Thread-3 (]: SQL status: OK in 0.001 seconds
[0m23:19:03.648602 [debug] [Thread-1 (]: Using duckdb connection "test.student_dropout.unique_fct_enrollment_outcomes_student_key.46f567e1cb"
[0m23:19:03.648746 [debug] [Thread-4 (]: On test.student_dropout.unique_int_economic_context_economic_context_key.cea4eb238f: /* {"app": "dbt", "dbt_version": "1.11.8", "profile_name": "student_dropout", "target_name": "dev", "node_id": "test.student_dropout.unique_int_economic_context_economic_context_key.cea4eb238f"} */

    
    select
      count(*) as failures,
      count(*) != 0 as should_warn,
      count(*) != 0 as should_error
    from (
      
    
  
    
    

select
    economic_context_key as unique_field,
    count(*) as n_records

from "student_dropout"."main_intermediate"."int_economic_context"
where economic_context_key is not null
group by economic_context_key
having count(*) > 1



  
  
      
    ) dbt_internal_test
[0m23:19:03.648897 [debug] [Thread-3 (]: Using duckdb connection "test.student_dropout.unique_int_program_context_program_key.998275a591"
[0m23:19:03.649034 [debug] [Thread-1 (]: On test.student_dropout.unique_fct_enrollment_outcomes_student_key.46f567e1cb: /* {"app": "dbt", "dbt_version": "1.11.8", "profile_name": "student_dropout", "target_name": "dev", "node_id": "test.student_dropout.unique_fct_enrollment_outcomes_student_key.46f567e1cb"} */

    
    select
      count(*) as failures,
      count(*) != 0 as should_warn,
      count(*) != 0 as should_error
    from (
      
    
  
    
    

select
    student_key as unique_field,
    count(*) as n_records

from "student_dropout"."main_marts"."fct_enrollment_outcomes"
where student_key is not null
group by student_key
having count(*) > 1



  
  
      
    ) dbt_internal_test
[0m23:19:03.649198 [debug] [Thread-3 (]: On test.student_dropout.unique_int_program_context_program_key.998275a591: /* {"app": "dbt", "dbt_version": "1.11.8", "profile_name": "student_dropout", "target_name": "dev", "node_id": "test.student_dropout.unique_int_program_context_program_key.998275a591"} */

    
    select
      count(*) as failures,
      count(*) != 0 as should_warn,
      count(*) != 0 as should_error
    from (
      
    
  
    
    

select
    program_key as unique_field,
    count(*) as n_records

from "student_dropout"."main_intermediate"."int_program_context"
where program_key is not null
group by program_key
having count(*) > 1



  
  
      
    ) dbt_internal_test
[0m23:19:03.649388 [debug] [Thread-2 (]: SQL status: OK in 0.031 seconds
[0m23:19:03.650249 [debug] [Thread-2 (]: On test.student_dropout.not_null_stg_students_outcome.eb621094c6: ROLLBACK
[0m23:19:03.650459 [debug] [Thread-1 (]: SQL status: OK in 0.001 seconds
[0m23:19:03.650834 [debug] [Thread-2 (]: Failed to rollback 'test.student_dropout.not_null_stg_students_outcome.eb621094c6'
[0m23:19:03.651235 [debug] [Thread-1 (]: On test.student_dropout.unique_fct_enrollment_outcomes_student_key.46f567e1cb: ROLLBACK
[0m23:19:03.651355 [debug] [Thread-2 (]: On test.student_dropout.not_null_stg_students_outcome.eb621094c6: Close
[0m23:19:03.651668 [debug] [Thread-1 (]: Failed to rollback 'test.student_dropout.unique_fct_enrollment_outcomes_student_key.46f567e1cb'
[0m23:19:03.651976 [debug] [Thread-1 (]: On test.student_dropout.unique_fct_enrollment_outcomes_student_key.46f567e1cb: Close
[0m23:19:03.651873 [info ] [Thread-2 (]: 8 of 12 PASS not_null_stg_students_outcome ..................................... [[32mPASS[0m in 0.04s]
[0m23:19:03.652194 [info ] [Thread-1 (]: 9 of 12 PASS unique_fct_enrollment_outcomes_student_key ........................ [[32mPASS[0m in 0.02s]
[0m23:19:03.652380 [debug] [Thread-2 (]: Finished running node test.student_dropout.not_null_stg_students_outcome.eb621094c6
[0m23:19:03.652556 [debug] [Thread-1 (]: Finished running node test.student_dropout.unique_fct_enrollment_outcomes_student_key.46f567e1cb
[0m23:19:03.652684 [debug] [Thread-2 (]: Began running node test.student_dropout.unique_int_student_demographics_student_key.21c7995cdb
[0m23:19:03.652849 [info ] [Thread-2 (]: 12 of 12 START test unique_int_student_demographics_student_key ................ [RUN]
[0m23:19:03.652997 [debug] [Thread-2 (]: Re-using an available connection from the pool (formerly test.student_dropout.not_null_stg_students_outcome.eb621094c6, now test.student_dropout.unique_int_student_demographics_student_key.21c7995cdb)
[0m23:19:03.653118 [debug] [Thread-2 (]: Began compiling node test.student_dropout.unique_int_student_demographics_student_key.21c7995cdb
[0m23:19:03.654465 [debug] [Thread-2 (]: Writing injected SQL for node "test.student_dropout.unique_int_student_demographics_student_key.21c7995cdb"
[0m23:19:03.654701 [debug] [Thread-2 (]: Began executing node test.student_dropout.unique_int_student_demographics_student_key.21c7995cdb
[0m23:19:03.655470 [debug] [Thread-2 (]: Writing runtime sql for node "test.student_dropout.unique_int_student_demographics_student_key.21c7995cdb"
[0m23:19:03.655656 [debug] [Thread-2 (]: Using duckdb connection "test.student_dropout.unique_int_student_demographics_student_key.21c7995cdb"
[0m23:19:03.655763 [debug] [Thread-2 (]: On test.student_dropout.unique_int_student_demographics_student_key.21c7995cdb: BEGIN
[0m23:19:03.655865 [debug] [Thread-2 (]: Opening a new connection, currently in state closed
[0m23:19:03.656043 [debug] [Thread-2 (]: SQL status: OK in 0.000 seconds
[0m23:19:03.656154 [debug] [Thread-2 (]: Using duckdb connection "test.student_dropout.unique_int_student_demographics_student_key.21c7995cdb"
[0m23:19:03.656273 [debug] [Thread-2 (]: On test.student_dropout.unique_int_student_demographics_student_key.21c7995cdb: /* {"app": "dbt", "dbt_version": "1.11.8", "profile_name": "student_dropout", "target_name": "dev", "node_id": "test.student_dropout.unique_int_student_demographics_student_key.21c7995cdb"} */

    
    select
      count(*) as failures,
      count(*) != 0 as should_warn,
      count(*) != 0 as should_error
    from (
      
    
  
    
    

select
    student_key as unique_field,
    count(*) as n_records

from "student_dropout"."main_intermediate"."int_student_demographics"
where student_key is not null
group by student_key
having count(*) > 1



  
  
      
    ) dbt_internal_test
[0m23:19:03.681976 [debug] [Thread-3 (]: SQL status: OK in 0.032 seconds
[0m23:19:03.682797 [debug] [Thread-3 (]: On test.student_dropout.unique_int_program_context_program_key.998275a591: ROLLBACK
[0m23:19:03.683195 [debug] [Thread-3 (]: Failed to rollback 'test.student_dropout.unique_int_program_context_program_key.998275a591'
[0m23:19:03.683311 [debug] [Thread-3 (]: On test.student_dropout.unique_int_program_context_program_key.998275a591: Close
[0m23:19:03.683446 [debug] [Thread-4 (]: SQL status: OK in 0.034 seconds
[0m23:19:03.683701 [info ] [Thread-3 (]: 11 of 12 PASS unique_int_program_context_program_key ........................... [[32mPASS[0m in 0.04s]
[0m23:19:03.684196 [debug] [Thread-4 (]: On test.student_dropout.unique_int_economic_context_economic_context_key.cea4eb238f: ROLLBACK
[0m23:19:03.684388 [debug] [Thread-3 (]: Finished running node test.student_dropout.unique_int_program_context_program_key.998275a591
[0m23:19:03.684770 [debug] [Thread-4 (]: Failed to rollback 'test.student_dropout.unique_int_economic_context_economic_context_key.cea4eb238f'
[0m23:19:03.684974 [debug] [Thread-4 (]: On test.student_dropout.unique_int_economic_context_economic_context_key.cea4eb238f: Close
[0m23:19:03.685202 [info ] [Thread-4 (]: 10 of 12 PASS unique_int_economic_context_economic_context_key ................. [[32mPASS[0m in 0.05s]
[0m23:19:03.685396 [debug] [Thread-4 (]: Finished running node test.student_dropout.unique_int_economic_context_economic_context_key.cea4eb238f
[0m23:19:03.686738 [debug] [Thread-2 (]: SQL status: OK in 0.030 seconds
[0m23:19:03.687269 [debug] [Thread-2 (]: On test.student_dropout.unique_int_student_demographics_student_key.21c7995cdb: ROLLBACK
[0m23:19:03.687555 [debug] [Thread-2 (]: Failed to rollback 'test.student_dropout.unique_int_student_demographics_student_key.21c7995cdb'
[0m23:19:03.687664 [debug] [Thread-2 (]: On test.student_dropout.unique_int_student_demographics_student_key.21c7995cdb: Close
[0m23:19:03.687831 [info ] [Thread-2 (]: 12 of 12 PASS unique_int_student_demographics_student_key ...................... [[32mPASS[0m in 0.03s]
[0m23:19:03.688012 [debug] [Thread-2 (]: Finished running node test.student_dropout.unique_int_student_demographics_student_key.21c7995cdb
[0m23:19:03.688536 [debug] [MainThread]: Using duckdb connection "master"
[0m23:19:03.688645 [debug] [MainThread]: On master: BEGIN
[0m23:19:03.688736 [debug] [MainThread]: Opening a new connection, currently in state closed
[0m23:19:03.688928 [debug] [MainThread]: SQL status: OK in 0.000 seconds
[0m23:19:03.689021 [debug] [MainThread]: On master: COMMIT
[0m23:19:03.689108 [debug] [MainThread]: Using duckdb connection "master"
[0m23:19:03.689199 [debug] [MainThread]: On master: COMMIT
[0m23:19:03.689350 [debug] [MainThread]: SQL status: OK in 0.000 seconds
[0m23:19:03.689438 [debug] [MainThread]: On master: Close
[0m23:19:03.689574 [debug] [MainThread]: Connection 'master' was properly closed.
[0m23:19:03.689675 [debug] [MainThread]: Connection 'test.student_dropout.unique_fct_enrollment_outcomes_student_key.46f567e1cb' was properly closed.
[0m23:19:03.689765 [debug] [MainThread]: Connection 'test.student_dropout.unique_int_student_demographics_student_key.21c7995cdb' was properly closed.
[0m23:19:03.689853 [debug] [MainThread]: Connection 'test.student_dropout.unique_int_program_context_program_key.998275a591' was properly closed.
[0m23:19:03.689937 [debug] [MainThread]: Connection 'test.student_dropout.unique_int_economic_context_economic_context_key.cea4eb238f' was properly closed.
[0m23:19:03.690060 [info ] [MainThread]: 
[0m23:19:03.690196 [info ] [MainThread]: Finished running 12 data tests in 0 hours 0 minutes and 0.19 seconds (0.19s).
[0m23:19:03.690875 [debug] [MainThread]: Command end result
[0m23:19:03.702425 [debug] [MainThread]: Wrote artifact WritableManifest to /Users/ogdata-mpb16/Documents/DataScienceProjects/student-dropout-retention-predictor/dbt/target/manifest.json
[0m23:19:03.703275 [debug] [MainThread]: Wrote artifact SemanticManifest to /Users/ogdata-mpb16/Documents/DataScienceProjects/student-dropout-retention-predictor/dbt/target/semantic_manifest.json
[0m23:19:03.706002 [debug] [MainThread]: Wrote artifact RunExecutionResult to /Users/ogdata-mpb16/Documents/DataScienceProjects/student-dropout-retention-predictor/dbt/target/run_results.json
[0m23:19:03.706137 [info ] [MainThread]: 
[0m23:19:03.706277 [info ] [MainThread]: [32mCompleted successfully[0m
[0m23:19:03.706387 [info ] [MainThread]: 
[0m23:19:03.706509 [info ] [MainThread]: Done. PASS=12 WARN=0 ERROR=0 SKIP=0 NO-OP=0 TOTAL=12
[0m23:19:03.707733 [debug] [MainThread]: Resource report: {"command_name": "test", "command_success": true, "command_wall_clock_time": 0.4700627, "process_in_blocks": "0", "process_kernel_time": 0.129415, "process_mem_max_rss": "188956672", "process_out_blocks": "0", "process_user_time": 1.11657}
[0m23:19:03.707952 [debug] [MainThread]: Command `dbt test` succeeded at 23:19:03.707914 after 0.47 seconds
[0m23:19:03.708100 [debug] [MainThread]: Sending event: {'category': 'dbt', 'action': 'invocation', 'label': 'end', 'context': [<snowplow_tracker.self_describing_json.SelfDescribingJson object at 0x107117f20>, <snowplow_tracker.self_describing_json.SelfDescribingJson object at 0x107117b30>, <snowplow_tracker.self_describing_json.SelfDescribingJson object at 0x106fa2a50>]}
[0m23:19:03.708236 [debug] [MainThread]: Flushing usage events
[0m23:19:04.056432 [debug] [MainThread]: An error was encountered while trying to flush usage events
[0m23:23:29.653458 [debug] [MainThread]: Sending event: {'category': 'dbt', 'action': 'invocation', 'label': 'start', 'context': [<snowplow_tracker.self_describing_json.SelfDescribingJson object at 0x10b32b8f0>, <snowplow_tracker.self_describing_json.SelfDescribingJson object at 0x10b721fa0>, <snowplow_tracker.self_describing_json.SelfDescribingJson object at 0x10b721d00>]}


============================== 23:23:29.654980 | be9ec988-c67a-42a0-8ad7-c2daef6b3a33 ==============================
[0m23:23:29.654980 [info ] [MainThread]: Running with dbt=1.11.8
[0m23:23:29.655226 [debug] [MainThread]: running dbt with arguments {'empty': 'False', 'introspect': 'True', 'static_parser': 'True', 'write_json': 'True', 'use_experimental_parser': 'False', 'send_anonymous_usage_stats': 'True', 'cache_selected_only': 'False', 'invocation_command': 'dbt run', 'target_path': 'None', 'debug': 'False', 'log_format': 'default', 'use_colors': 'True', 'warn_error_options': 'WarnErrorOptionsV2(error=[], warn=[], silence=[])', 'no_print': 'None', 'warn_error': 'None', 'profiles_dir': '/Users/ogdata-mpb16/Documents/DataScienceProjects/student-dropout-retention-predictor/dbt', 'partial_parse': 'True', 'log_cache_events': 'False', 'fail_fast': 'False', 'printer_width': '80', 'log_path': '/Users/ogdata-mpb16/Documents/DataScienceProjects/student-dropout-retention-predictor/dbt/logs', 'quiet': 'False', 'version_check': 'True', 'indirect_selection': 'eager'}
[0m23:23:29.728429 [debug] [MainThread]: Sending event: {'category': 'dbt', 'action': 'project_id', 'label': 'be9ec988-c67a-42a0-8ad7-c2daef6b3a33', 'context': [<snowplow_tracker.self_describing_json.SelfDescribingJson object at 0x10b7956d0>]}
[0m23:23:29.748485 [debug] [MainThread]: Sending event: {'category': 'dbt', 'action': 'adapter_info', 'label': 'be9ec988-c67a-42a0-8ad7-c2daef6b3a33', 'context': [<snowplow_tracker.self_describing_json.SelfDescribingJson object at 0x10bbbd8e0>]}
[0m23:23:29.749195 [info ] [MainThread]: Registered adapter: duckdb=1.10.1
[0m23:23:29.792593 [debug] [MainThread]: checksum: 7d524ac048c2100769df89d592e662e060a73ca564e31bd9c2a37efdfe8d8ab6, vars: {}, profile: , target: , version: 1.11.8
[0m23:23:29.835043 [debug] [MainThread]: Partial parsing enabled: 0 files deleted, 0 files added, 1 files changed.
[0m23:23:29.835322 [debug] [MainThread]: Partial parsing: updated file: student_dropout://models/staging/stg_students.sql
[0m23:23:29.993034 [debug] [MainThread]: Sending event: {'category': 'dbt', 'action': 'load_project', 'label': 'be9ec988-c67a-42a0-8ad7-c2daef6b3a33', 'context': [<snowplow_tracker.self_describing_json.SelfDescribingJson object at 0x10c315c10>]}
[0m23:23:30.025199 [debug] [MainThread]: Wrote artifact WritableManifest to /Users/ogdata-mpb16/Documents/DataScienceProjects/student-dropout-retention-predictor/dbt/target/manifest.json
[0m23:23:30.025919 [debug] [MainThread]: Wrote artifact SemanticManifest to /Users/ogdata-mpb16/Documents/DataScienceProjects/student-dropout-retention-predictor/dbt/target/semantic_manifest.json
[0m23:23:30.029147 [debug] [MainThread]: Sending event: {'category': 'dbt', 'action': 'resource_counts', 'label': 'be9ec988-c67a-42a0-8ad7-c2daef6b3a33', 'context': [<snowplow_tracker.self_describing_json.SelfDescribingJson object at 0x10c11de50>]}
[0m23:23:30.029323 [info ] [MainThread]: Found 5 models, 12 data tests, 1 source, 475 macros
[0m23:23:30.029453 [debug] [MainThread]: Sending event: {'category': 'dbt', 'action': 'runnable_timing', 'label': 'be9ec988-c67a-42a0-8ad7-c2daef6b3a33', 'context': [<snowplow_tracker.self_describing_json.SelfDescribingJson object at 0x10c0b8050>]}
[0m23:23:30.030199 [info ] [MainThread]: 
[0m23:23:30.030333 [info ] [MainThread]: Concurrency: 4 threads (target='dev')
[0m23:23:30.030436 [info ] [MainThread]: 
[0m23:23:30.030607 [debug] [MainThread]: Acquiring new duckdb connection 'master'
[0m23:23:30.032278 [debug] [ThreadPool]: Acquiring new duckdb connection 'list_student_dropout'
[0m23:23:30.036406 [debug] [ThreadPool]: Acquiring new duckdb connection 'list_student_dropout'
[0m23:23:30.037308 [debug] [ThreadPool]: Acquiring new duckdb connection 'list_student_dropout'
[0m23:23:30.052149 [debug] [ThreadPool]: Using duckdb connection "list_student_dropout"
[0m23:23:30.052346 [debug] [ThreadPool]: Using duckdb connection "list_student_dropout"
[0m23:23:30.052485 [debug] [ThreadPool]: Using duckdb connection "list_student_dropout"
[0m23:23:30.052600 [debug] [ThreadPool]: On list_student_dropout: /* {"app": "dbt", "dbt_version": "1.11.8", "profile_name": "student_dropout", "target_name": "dev", "connection_name": "list_student_dropout"} */

    
    select schema_name
    from system.information_schema.schemata
    
    where lower(catalog_name) = '"student_dropout"'
    
  
  
[0m23:23:30.052741 [debug] [ThreadPool]: On list_student_dropout: /* {"app": "dbt", "dbt_version": "1.11.8", "profile_name": "student_dropout", "target_name": "dev", "connection_name": "list_student_dropout"} */

    
    select schema_name
    from system.information_schema.schemata
    
    where lower(catalog_name) = '"student_dropout"'
    
  
  
[0m23:23:30.052850 [debug] [ThreadPool]: On list_student_dropout: /* {"app": "dbt", "dbt_version": "1.11.8", "profile_name": "student_dropout", "target_name": "dev", "connection_name": "list_student_dropout"} */

    
    select schema_name
    from system.information_schema.schemata
    
    where lower(catalog_name) = '"student_dropout"'
    
  
  
[0m23:23:30.052965 [debug] [ThreadPool]: Opening a new connection, currently in state init
[0m23:23:30.053056 [debug] [ThreadPool]: Opening a new connection, currently in state init
[0m23:23:30.053146 [debug] [ThreadPool]: Opening a new connection, currently in state init
[0m23:23:30.058752 [debug] [ThreadPool]: SQL status: OK in 0.006 seconds
[0m23:23:30.058924 [debug] [ThreadPool]: SQL status: OK in 0.006 seconds
[0m23:23:30.059042 [debug] [ThreadPool]: SQL status: OK in 0.006 seconds
[0m23:23:30.059489 [debug] [ThreadPool]: On list_student_dropout: Close
[0m23:23:30.059842 [debug] [ThreadPool]: On list_student_dropout: Close
[0m23:23:30.060200 [debug] [ThreadPool]: On list_student_dropout: Close
[0m23:23:30.060552 [debug] [ThreadPool]: Re-using an available connection from the pool (formerly list_student_dropout, now create_student_dropout_main_staging)
[0m23:23:30.060707 [debug] [ThreadPool]: Creating schema "database: "student_dropout"
schema: "main_staging"
"
[0m23:23:30.060844 [debug] [ThreadPool]: Re-using an available connection from the pool (formerly list_student_dropout, now create_student_dropout_main_intermediate)
[0m23:23:30.060967 [debug] [ThreadPool]: Re-using an available connection from the pool (formerly list_student_dropout, now create_student_dropout_main_marts)
[0m23:23:30.063324 [debug] [ThreadPool]: Using duckdb connection "create_student_dropout_main_staging"
[0m23:23:30.063500 [debug] [ThreadPool]: Creating schema "database: "student_dropout"
schema: "main_intermediate"
"
[0m23:23:30.063630 [debug] [ThreadPool]: Creating schema "database: "student_dropout"
schema: "main_marts"
"
[0m23:23:30.063728 [debug] [ThreadPool]: On create_student_dropout_main_staging: /* {"app": "dbt", "dbt_version": "1.11.8", "profile_name": "student_dropout", "target_name": "dev", "connection_name": "create_student_dropout_main_staging"} */

    
        select type from duckdb_databases()
        where lower(database_name)='student_dropout'
        and type='sqlite'
    
  
[0m23:23:30.064415 [debug] [ThreadPool]: Using duckdb connection "create_student_dropout_main_intermediate"
[0m23:23:30.065014 [debug] [ThreadPool]: Using duckdb connection "create_student_dropout_main_marts"
[0m23:23:30.065109 [debug] [ThreadPool]: Opening a new connection, currently in state closed
[0m23:23:30.065205 [debug] [ThreadPool]: On create_student_dropout_main_intermediate: /* {"app": "dbt", "dbt_version": "1.11.8", "profile_name": "student_dropout", "target_name": "dev", "connection_name": "create_student_dropout_main_intermediate"} */

    
        select type from duckdb_databases()
        where lower(database_name)='student_dropout'
        and type='sqlite'
    
  
[0m23:23:30.065300 [debug] [ThreadPool]: On create_student_dropout_main_marts: /* {"app": "dbt", "dbt_version": "1.11.8", "profile_name": "student_dropout", "target_name": "dev", "connection_name": "create_student_dropout_main_marts"} */

    
        select type from duckdb_databases()
        where lower(database_name)='student_dropout'
        and type='sqlite'
    
  
[0m23:23:30.065456 [debug] [ThreadPool]: Opening a new connection, currently in state closed
[0m23:23:30.065584 [debug] [ThreadPool]: Opening a new connection, currently in state closed
[0m23:23:30.065690 [debug] [ThreadPool]: SQL status: OK in 0.001 seconds
[0m23:23:30.066215 [debug] [ThreadPool]: Using duckdb connection "create_student_dropout_main_staging"
[0m23:23:30.066315 [debug] [ThreadPool]: On create_student_dropout_main_staging: BEGIN
[0m23:23:30.066439 [debug] [ThreadPool]: SQL status: OK in 0.001 seconds
[0m23:23:30.066557 [debug] [ThreadPool]: SQL status: OK in 0.001 seconds
[0m23:23:30.066690 [debug] [ThreadPool]: SQL status: OK in 0.000 seconds
[0m23:23:30.067020 [debug] [ThreadPool]: Using duckdb connection "create_student_dropout_main_intermediate"
[0m23:23:30.067138 [debug] [ThreadPool]: Using duckdb connection "create_student_dropout_main_staging"
[0m23:23:30.067513 [debug] [ThreadPool]: Using duckdb connection "create_student_dropout_main_marts"
[0m23:23:30.067609 [debug] [ThreadPool]: On create_student_dropout_main_intermediate: BEGIN
[0m23:23:30.067700 [debug] [ThreadPool]: On create_student_dropout_main_staging: /* {"app": "dbt", "dbt_version": "1.11.8", "profile_name": "student_dropout", "target_name": "dev", "connection_name": "create_student_dropout_main_staging"} */

    
    
        create schema if not exists "student_dropout"."main_staging"
    
[0m23:23:30.067788 [debug] [ThreadPool]: On create_student_dropout_main_marts: BEGIN
[0m23:23:30.067967 [debug] [ThreadPool]: SQL status: OK in 0.000 seconds
[0m23:23:30.068139 [debug] [ThreadPool]: Using duckdb connection "create_student_dropout_main_intermediate"
[0m23:23:30.068236 [debug] [ThreadPool]: On create_student_dropout_main_intermediate: /* {"app": "dbt", "dbt_version": "1.11.8", "profile_name": "student_dropout", "target_name": "dev", "connection_name": "create_student_dropout_main_intermediate"} */

    
    
        create schema if not exists "student_dropout"."main_intermediate"
    
[0m23:23:30.068357 [debug] [ThreadPool]: SQL status: OK in 0.000 seconds
[0m23:23:30.068469 [debug] [ThreadPool]: SQL status: OK in 0.000 seconds
[0m23:23:30.068710 [debug] [ThreadPool]: On create_student_dropout_main_staging: COMMIT
[0m23:23:30.068811 [debug] [ThreadPool]: SQL status: OK in 0.000 seconds
[0m23:23:30.068897 [debug] [ThreadPool]: Using duckdb connection "create_student_dropout_main_marts"
[0m23:23:30.069013 [debug] [ThreadPool]: Using duckdb connection "create_student_dropout_main_staging"
[0m23:23:30.069252 [debug] [ThreadPool]: On create_student_dropout_main_intermediate: COMMIT
[0m23:23:30.069352 [debug] [ThreadPool]: On create_student_dropout_main_marts: /* {"app": "dbt", "dbt_version": "1.11.8", "profile_name": "student_dropout", "target_name": "dev", "connection_name": "create_student_dropout_main_marts"} */

    
    
        create schema if not exists "student_dropout"."main_marts"
    
[0m23:23:30.069444 [debug] [ThreadPool]: On create_student_dropout_main_staging: COMMIT
[0m23:23:30.069530 [debug] [ThreadPool]: Using duckdb connection "create_student_dropout_main_intermediate"
[0m23:23:30.069690 [debug] [ThreadPool]: On create_student_dropout_main_intermediate: COMMIT
[0m23:23:30.069821 [debug] [ThreadPool]: SQL status: OK in 0.000 seconds
[0m23:23:30.069930 [debug] [ThreadPool]: SQL status: OK in 0.000 seconds
[0m23:23:30.070182 [debug] [ThreadPool]: On create_student_dropout_main_marts: COMMIT
[0m23:23:30.070291 [debug] [ThreadPool]: On create_student_dropout_main_staging: Close
[0m23:23:30.070385 [debug] [ThreadPool]: SQL status: OK in 0.001 seconds
[0m23:23:30.070477 [debug] [ThreadPool]: Using duckdb connection "create_student_dropout_main_marts"
[0m23:23:30.070588 [debug] [ThreadPool]: On create_student_dropout_main_intermediate: Close
[0m23:23:30.070776 [debug] [ThreadPool]: On create_student_dropout_main_marts: COMMIT
[0m23:23:30.070992 [debug] [ThreadPool]: SQL status: OK in 0.000 seconds
[0m23:23:30.071088 [debug] [ThreadPool]: On create_student_dropout_main_marts: Close
[0m23:23:30.071523 [debug] [ThreadPool]: Re-using an available connection from the pool (formerly create_student_dropout_main_staging, now list_student_dropout_main_staging)
[0m23:23:30.071685 [debug] [ThreadPool]: Re-using an available connection from the pool (formerly create_student_dropout_main_marts, now list_student_dropout_main_intermediate)
[0m23:23:30.071837 [debug] [ThreadPool]: Re-using an available connection from the pool (formerly create_student_dropout_main_intermediate, now list_student_dropout_main_marts)
[0m23:23:30.073694 [debug] [ThreadPool]: Using duckdb connection "list_student_dropout_main_staging"
[0m23:23:30.074343 [debug] [ThreadPool]: Using duckdb connection "list_student_dropout_main_intermediate"
[0m23:23:30.075502 [debug] [ThreadPool]: Using duckdb connection "list_student_dropout_main_marts"
[0m23:23:30.075601 [debug] [ThreadPool]: On list_student_dropout_main_staging: BEGIN
[0m23:23:30.075691 [debug] [ThreadPool]: On list_student_dropout_main_intermediate: BEGIN
[0m23:23:30.075778 [debug] [ThreadPool]: On list_student_dropout_main_marts: BEGIN
[0m23:23:30.075867 [debug] [ThreadPool]: Opening a new connection, currently in state closed
[0m23:23:30.075962 [debug] [ThreadPool]: Opening a new connection, currently in state closed
[0m23:23:30.076054 [debug] [ThreadPool]: Opening a new connection, currently in state closed
[0m23:23:30.076330 [debug] [ThreadPool]: SQL status: OK in 0.000 seconds
[0m23:23:30.076429 [debug] [ThreadPool]: Using duckdb connection "list_student_dropout_main_staging"
[0m23:23:30.076521 [debug] [ThreadPool]: On list_student_dropout_main_staging: /* {"app": "dbt", "dbt_version": "1.11.8", "profile_name": "student_dropout", "target_name": "dev", "connection_name": "list_student_dropout_main_staging"} */
select
      'student_dropout' as database,
      table_name as name,
      table_schema as schema,
      CASE table_type
        WHEN 'BASE TABLE' THEN 'table'
        WHEN 'VIEW' THEN 'view'
        WHEN 'LOCAL TEMPORARY' THEN 'table'
        END as type
    from system.information_schema.tables
    where lower(table_schema) = 'main_staging'
    and lower(table_catalog) = 'student_dropout'
  
[0m23:23:30.076633 [debug] [ThreadPool]: SQL status: OK in 0.001 seconds
[0m23:23:30.076825 [debug] [ThreadPool]: SQL status: OK in 0.001 seconds
[0m23:23:30.076921 [debug] [ThreadPool]: Using duckdb connection "list_student_dropout_main_intermediate"
[0m23:23:30.077017 [debug] [ThreadPool]: Using duckdb connection "list_student_dropout_main_marts"
[0m23:23:30.077122 [debug] [ThreadPool]: On list_student_dropout_main_intermediate: /* {"app": "dbt", "dbt_version": "1.11.8", "profile_name": "student_dropout", "target_name": "dev", "connection_name": "list_student_dropout_main_intermediate"} */
select
      'student_dropout' as database,
      table_name as name,
      table_schema as schema,
      CASE table_type
        WHEN 'BASE TABLE' THEN 'table'
        WHEN 'VIEW' THEN 'view'
        WHEN 'LOCAL TEMPORARY' THEN 'table'
        END as type
    from system.information_schema.tables
    where lower(table_schema) = 'main_intermediate'
    and lower(table_catalog) = 'student_dropout'
  
[0m23:23:30.077233 [debug] [ThreadPool]: On list_student_dropout_main_marts: /* {"app": "dbt", "dbt_version": "1.11.8", "profile_name": "student_dropout", "target_name": "dev", "connection_name": "list_student_dropout_main_marts"} */
select
      'student_dropout' as database,
      table_name as name,
      table_schema as schema,
      CASE table_type
        WHEN 'BASE TABLE' THEN 'table'
        WHEN 'VIEW' THEN 'view'
        WHEN 'LOCAL TEMPORARY' THEN 'table'
        END as type
    from system.information_schema.tables
    where lower(table_schema) = 'main_marts'
    and lower(table_catalog) = 'student_dropout'
  
[0m23:23:30.078132 [debug] [ThreadPool]: SQL status: OK in 0.001 seconds
[0m23:23:30.078378 [debug] [ThreadPool]: SQL status: OK in 0.001 seconds
[0m23:23:30.078492 [debug] [ThreadPool]: SQL status: OK in 0.001 seconds
[0m23:23:30.078919 [debug] [ThreadPool]: On list_student_dropout_main_staging: ROLLBACK
[0m23:23:30.079335 [debug] [ThreadPool]: On list_student_dropout_main_intermediate: ROLLBACK
[0m23:23:30.079772 [debug] [ThreadPool]: On list_student_dropout_main_marts: ROLLBACK
[0m23:23:30.080257 [debug] [ThreadPool]: Failed to rollback 'list_student_dropout_main_intermediate'
[0m23:23:30.080634 [debug] [ThreadPool]: Failed to rollback 'list_student_dropout_main_staging'
[0m23:23:30.080733 [debug] [ThreadPool]: On list_student_dropout_main_intermediate: Close
[0m23:23:30.081044 [debug] [ThreadPool]: Failed to rollback 'list_student_dropout_main_marts'
[0m23:23:30.081159 [debug] [ThreadPool]: On list_student_dropout_main_staging: Close
[0m23:23:30.081303 [debug] [ThreadPool]: On list_student_dropout_main_marts: Close
[0m23:23:30.081810 [debug] [MainThread]: Sending event: {'category': 'dbt', 'action': 'runnable_timing', 'label': 'be9ec988-c67a-42a0-8ad7-c2daef6b3a33', 'context': [<snowplow_tracker.self_describing_json.SelfDescribingJson object at 0x10c074cb0>]}
[0m23:23:30.081973 [debug] [MainThread]: Using duckdb connection "master"
[0m23:23:30.082076 [debug] [MainThread]: On master: BEGIN
[0m23:23:30.082179 [debug] [MainThread]: Opening a new connection, currently in state init
[0m23:23:30.082363 [debug] [MainThread]: SQL status: OK in 0.000 seconds
[0m23:23:30.082462 [debug] [MainThread]: On master: COMMIT
[0m23:23:30.082548 [debug] [MainThread]: Using duckdb connection "master"
[0m23:23:30.082628 [debug] [MainThread]: On master: COMMIT
[0m23:23:30.082759 [debug] [MainThread]: SQL status: OK in 0.000 seconds
[0m23:23:30.082846 [debug] [MainThread]: On master: Close
[0m23:23:30.083689 [debug] [Thread-1 (]: Began running node model.student_dropout.stg_students
[0m23:23:30.083872 [info ] [Thread-1 (]: 1 of 5 START sql view model main_staging.stg_students .......................... [RUN]
[0m23:23:30.084028 [debug] [Thread-1 (]: Re-using an available connection from the pool (formerly list_student_dropout_main_staging, now model.student_dropout.stg_students)
[0m23:23:30.084137 [debug] [Thread-1 (]: Began compiling node model.student_dropout.stg_students
[0m23:23:30.086498 [debug] [Thread-1 (]: Writing injected SQL for node "model.student_dropout.stg_students"
[0m23:23:30.086775 [debug] [Thread-1 (]: Began executing node model.student_dropout.stg_students
[0m23:23:30.097279 [debug] [Thread-1 (]: Writing runtime sql for node "model.student_dropout.stg_students"
[0m23:23:30.097652 [debug] [Thread-1 (]: Using duckdb connection "model.student_dropout.stg_students"
[0m23:23:30.097782 [debug] [Thread-1 (]: On model.student_dropout.stg_students: BEGIN
[0m23:23:30.097897 [debug] [Thread-1 (]: Opening a new connection, currently in state closed
[0m23:23:30.098138 [debug] [Thread-1 (]: SQL status: OK in 0.000 seconds
[0m23:23:30.098250 [debug] [Thread-1 (]: Using duckdb connection "model.student_dropout.stg_students"
[0m23:23:30.098422 [debug] [Thread-1 (]: On model.student_dropout.stg_students: /* {"app": "dbt", "dbt_version": "1.11.8", "profile_name": "student_dropout", "target_name": "dev", "node_id": "model.student_dropout.stg_students"} */

  
  create view "student_dropout"."main_staging"."stg_students__dbt_tmp" as (
    -- stg_students.sql
-- Staging layer: rename columns to snake_case, cast types, no business logic.
-- Source: data_clean.csv -- BOM and trailing tab stripped via Python prep script.
-- See data/raw/data_clean.csv for the cleaned source file.

with source as (
    select * from read_csv(
        '../data/raw/data_clean.csv',
        header = true,
        delim = ';'
    )
),

renamed as (
    select
        -- enrollment & program
        "Marital status"                                    as marital_status,
        "Application mode"                                  as application_mode,
        "Application order"                                 as application_order,
        "Course"                                            as course_id,
        "Daytime/evening attendance"                        as attendance_type,

        -- prior academic background
        "Previous qualification"                            as previous_qualification,
        "Previous qualification (grade)"                    as previous_qualification_grade,
        "Admission grade"                                   as admission_grade,

        -- student demographics
        "Nacionality"                                       as nationality,
        "Gender"                                            as gender,
        "Age at enrollment"                                 as age_at_enrollment,
        "International"                                     as is_international,
        "Displaced"                                         as is_displaced,

        -- household background
        "Mother's qualification"                            as mothers_qualification,
        "Father's qualification"                            as fathers_qualification,
        "Mother's occupation"                               as mothers_occupation,
        "Father's occupation"                               as fathers_occupation,

        -- financial & support
        "Scholarship holder"                                as is_scholarship_holder,
        "Tuition fees up to date"                           as tuition_fees_up_to_date,
        "Debtor"                                            as is_debtor,
        "Educational special needs"                         as has_special_needs,

        -- semester 1 academic performance
        "Curricular units 1st sem (credited)"               as sem1_units_credited,
        "Curricular units 1st sem (enrolled)"               as sem1_units_enrolled,
        "Curricular units 1st sem (evaluations)"            as sem1_evaluations,
        "Curricular units 1st sem (approved)"               as sem1_units_approved,
        "Curricular units 1st sem (grade)"                  as sem1_grade,
        "Curricular units 1st sem (without evaluations)"    as sem1_units_no_eval,

        -- semester 2 academic performance
        "Curricular units 2nd sem (credited)"               as sem2_units_credited,
        "Curricular units 2nd sem (enrolled)"               as sem2_units_enrolled,
        "Curricular units 2nd sem (evaluations)"            as sem2_evaluations,
        "Curricular units 2nd sem (approved)"               as sem2_units_approved,
        "Curricular units 2nd sem (grade)"                  as sem2_grade,
        "Curricular units 2nd sem (without evaluations)"    as sem2_units_no_eval,

        -- macroeconomic context
        "Unemployment rate"                                 as unemployment_rate,
        "Inflation rate"                                    as inflation_rate,
        "GDP"                                               as gdp,

        -- target
        "Target"                                            as outcome

    from source
)

select * from renamed
  );

[0m23:23:30.127151 [debug] [Thread-1 (]: SQL status: OK in 0.029 seconds
[0m23:23:30.129518 [debug] [Thread-1 (]: Using duckdb connection "model.student_dropout.stg_students"
[0m23:23:30.129650 [debug] [Thread-1 (]: On model.student_dropout.stg_students: /* {"app": "dbt", "dbt_version": "1.11.8", "profile_name": "student_dropout", "target_name": "dev", "node_id": "model.student_dropout.stg_students"} */
alter view "student_dropout"."main_staging"."stg_students" rename to "stg_students__dbt_backup"
[0m23:23:30.129886 [debug] [Thread-1 (]: SQL status: OK in 0.000 seconds
[0m23:23:30.130856 [debug] [Thread-1 (]: Using duckdb connection "model.student_dropout.stg_students"
[0m23:23:30.130981 [debug] [Thread-1 (]: On model.student_dropout.stg_students: /* {"app": "dbt", "dbt_version": "1.11.8", "profile_name": "student_dropout", "target_name": "dev", "node_id": "model.student_dropout.stg_students"} */
alter view "student_dropout"."main_staging"."stg_students__dbt_tmp" rename to "stg_students"
[0m23:23:30.131187 [debug] [Thread-1 (]: SQL status: OK in 0.000 seconds
[0m23:23:30.135805 [debug] [Thread-1 (]: On model.student_dropout.stg_students: COMMIT
[0m23:23:30.135943 [debug] [Thread-1 (]: Using duckdb connection "model.student_dropout.stg_students"
[0m23:23:30.136051 [debug] [Thread-1 (]: On model.student_dropout.stg_students: COMMIT
[0m23:23:30.136550 [debug] [Thread-1 (]: SQL status: OK in 0.000 seconds
[0m23:23:30.138417 [debug] [Thread-1 (]: Using duckdb connection "model.student_dropout.stg_students"
[0m23:23:30.138548 [debug] [Thread-1 (]: On model.student_dropout.stg_students: /* {"app": "dbt", "dbt_version": "1.11.8", "profile_name": "student_dropout", "target_name": "dev", "node_id": "model.student_dropout.stg_students"} */

      drop view if exists "student_dropout"."main_staging"."stg_students__dbt_backup" cascade
    
[0m23:23:30.138834 [debug] [Thread-1 (]: SQL status: OK in 0.000 seconds
[0m23:23:30.139603 [debug] [Thread-1 (]: On model.student_dropout.stg_students: Close
[0m23:23:30.140169 [debug] [Thread-1 (]: Sending event: {'category': 'dbt', 'action': 'run_model', 'label': 'be9ec988-c67a-42a0-8ad7-c2daef6b3a33', 'context': [<snowplow_tracker.self_describing_json.SelfDescribingJson object at 0x10a41e420>]}
[0m23:23:30.140391 [info ] [Thread-1 (]: 1 of 5 OK created sql view model main_staging.stg_students ..................... [[32mOK[0m in 0.06s]
[0m23:23:30.140602 [debug] [Thread-1 (]: Finished running node model.student_dropout.stg_students
[0m23:23:30.140918 [debug] [Thread-3 (]: Began running node model.student_dropout.int_economic_context
[0m23:23:30.141086 [debug] [Thread-4 (]: Began running node model.student_dropout.int_program_context
[0m23:23:30.141407 [debug] [Thread-2 (]: Began running node model.student_dropout.int_student_demographics
[0m23:23:30.141297 [info ] [Thread-3 (]: 2 of 5 START sql view model main_intermediate.int_economic_context ............. [RUN]
[0m23:23:30.141663 [info ] [Thread-4 (]: 3 of 5 START sql view model main_intermediate.int_program_context .............. [RUN]
[0m23:23:30.141849 [info ] [Thread-2 (]: 4 of 5 START sql view model main_intermediate.int_student_demographics ......... [RUN]
[0m23:23:30.142071 [debug] [Thread-3 (]: Re-using an available connection from the pool (formerly list_student_dropout_main_marts, now model.student_dropout.int_economic_context)
[0m23:23:30.142345 [debug] [Thread-4 (]: Acquiring new duckdb connection 'model.student_dropout.int_program_context'
[0m23:23:30.142498 [debug] [Thread-2 (]: Re-using an available connection from the pool (formerly list_student_dropout_main_intermediate, now model.student_dropout.int_student_demographics)
[0m23:23:30.142641 [debug] [Thread-3 (]: Began compiling node model.student_dropout.int_economic_context
[0m23:23:30.142777 [debug] [Thread-4 (]: Began compiling node model.student_dropout.int_program_context
[0m23:23:30.142903 [debug] [Thread-2 (]: Began compiling node model.student_dropout.int_student_demographics
[0m23:23:30.143942 [debug] [Thread-3 (]: Writing injected SQL for node "model.student_dropout.int_economic_context"
[0m23:23:30.144911 [debug] [Thread-4 (]: Writing injected SQL for node "model.student_dropout.int_program_context"
[0m23:23:30.146481 [debug] [Thread-2 (]: Writing injected SQL for node "model.student_dropout.int_student_demographics"
[0m23:23:30.146788 [debug] [Thread-3 (]: Began executing node model.student_dropout.int_economic_context
[0m23:23:30.146924 [debug] [Thread-4 (]: Began executing node model.student_dropout.int_program_context
[0m23:23:30.147058 [debug] [Thread-2 (]: Began executing node model.student_dropout.int_student_demographics
[0m23:23:30.148278 [debug] [Thread-3 (]: Writing runtime sql for node "model.student_dropout.int_economic_context"
[0m23:23:30.149402 [debug] [Thread-4 (]: Writing runtime sql for node "model.student_dropout.int_program_context"
[0m23:23:30.150453 [debug] [Thread-2 (]: Writing runtime sql for node "model.student_dropout.int_student_demographics"
[0m23:23:30.150745 [debug] [Thread-4 (]: Using duckdb connection "model.student_dropout.int_program_context"
[0m23:23:30.150893 [debug] [Thread-3 (]: Using duckdb connection "model.student_dropout.int_economic_context"
[0m23:23:30.151011 [debug] [Thread-4 (]: On model.student_dropout.int_program_context: BEGIN
[0m23:23:30.151147 [debug] [Thread-2 (]: Using duckdb connection "model.student_dropout.int_student_demographics"
[0m23:23:30.151280 [debug] [Thread-3 (]: On model.student_dropout.int_economic_context: BEGIN
[0m23:23:30.151399 [debug] [Thread-4 (]: Opening a new connection, currently in state init
[0m23:23:30.151521 [debug] [Thread-2 (]: On model.student_dropout.int_student_demographics: BEGIN
[0m23:23:30.151637 [debug] [Thread-3 (]: Opening a new connection, currently in state closed
[0m23:23:30.151822 [debug] [Thread-2 (]: Opening a new connection, currently in state closed
[0m23:23:30.151995 [debug] [Thread-4 (]: SQL status: OK in 0.001 seconds
[0m23:23:30.152169 [debug] [Thread-4 (]: Using duckdb connection "model.student_dropout.int_program_context"
[0m23:23:30.152292 [debug] [Thread-3 (]: SQL status: OK in 0.001 seconds
[0m23:23:30.152441 [debug] [Thread-4 (]: On model.student_dropout.int_program_context: /* {"app": "dbt", "dbt_version": "1.11.8", "profile_name": "student_dropout", "target_name": "dev", "node_id": "model.student_dropout.int_program_context"} */

  
  create view "student_dropout"."main_intermediate"."int_program_context__dbt_tmp" as (
    -- int_program_context.sql
-- Extracts course/program attributes from the student-level flat file.
-- Course is a property of the program, not the individual student.

with base as (
    select distinct
        course_id,
        attendance_type,
        md5(
            cast(course_id as varchar) || '|' ||
            cast(attendance_type as varchar)
        ) as program_key
    from "student_dropout"."main_staging"."stg_students"
)

select
    program_key,
    course_id,
    attendance_type,
    case attendance_type
        when 1 then 'Daytime'
        when 0 then 'Evening'
        else 'Unknown'
    end as attendance_label,
    case course_id
        when 33    then 'Biofuel Production Technologies'
        when 171   then 'Animation and Multimedia Design'
        when 8014  then 'Social Service (evening)'
        when 9003  then 'Agronomy'
        when 9070  then 'Communication Design'
        when 9085  then 'Veterinary Nursing'
        when 9119  then 'Informatics Engineering'
        when 9130  then 'Equinculture'
        when 9147  then 'Management'
        when 9238  then 'Social Service'
        when 9254  then 'Tourism'
        when 9500  then 'Nursing'
        when 9556  then 'Oral Hygiene'
        when 9670  then 'Advertising and Marketing Management'
        when 9773  then 'Journalism and Communication'
        when 9853  then 'Basic Education'
        when 9991  then 'Management (evening)'
        else 'Other'
    end as course_name
from base
  );

[0m23:23:30.152591 [debug] [Thread-2 (]: SQL status: OK in 0.001 seconds
[0m23:23:30.152710 [debug] [Thread-3 (]: Using duckdb connection "model.student_dropout.int_economic_context"
[0m23:23:30.152917 [debug] [Thread-2 (]: Using duckdb connection "model.student_dropout.int_student_demographics"
[0m23:23:30.153055 [debug] [Thread-3 (]: On model.student_dropout.int_economic_context: /* {"app": "dbt", "dbt_version": "1.11.8", "profile_name": "student_dropout", "target_name": "dev", "node_id": "model.student_dropout.int_economic_context"} */

  
  create view "student_dropout"."main_intermediate"."int_economic_context__dbt_tmp" as (
    -- int_economic_context.sql
-- Extracts macroeconomic features into their own grain.
-- These are period-level attributes shared across students —
-- keeping them in the fact table would be semantically incorrect
-- and redundant across thousands of rows.

with base as (
    select distinct
        unemployment_rate,
        inflation_rate,
        gdp,
        -- surrogate key: md5 hash of combined macro indicators (DuckDB-native, no dbt_utils needed)
        md5(
            cast(unemployment_rate as varchar) || '|' ||
            cast(inflation_rate as varchar) || '|' ||
            cast(gdp as varchar)
        ) as economic_context_key
    from "student_dropout"."main_staging"."stg_students"
)

select
    economic_context_key,
    unemployment_rate,
    inflation_rate,
    gdp
from base
  );

[0m23:23:30.153222 [debug] [Thread-2 (]: On model.student_dropout.int_student_demographics: /* {"app": "dbt", "dbt_version": "1.11.8", "profile_name": "student_dropout", "target_name": "dev", "node_id": "model.student_dropout.int_student_demographics"} */

  
  create view "student_dropout"."main_intermediate"."int_student_demographics__dbt_tmp" as (
    -- int_student_demographics.sql
-- Isolates student-level demographic and household attributes.
-- These describe the student, not the enrollment event.

with base as (
    select
        -- student identifier (row number as surrogate — no natural key in dataset)
        row_number() over () as student_key,
        nationality,
        gender,
        age_at_enrollment,
        is_international,
        is_displaced,
        has_special_needs,
        marital_status,
        mothers_qualification,
        fathers_qualification,
        mothers_occupation,
        fathers_occupation
    from "student_dropout"."main_staging"."stg_students"
)

select
    student_key,
    nationality,
    gender,
    case gender
        when 1 then 'Male'
        when 0 then 'Female'
        else 'Unknown'
    end as gender_label,
    age_at_enrollment,
    is_international,
    is_displaced,
    has_special_needs,
    marital_status,
    case marital_status
        when 1 then 'Single'
        when 2 then 'Married'
        when 3 then 'Widower'
        when 4 then 'Divorced'
        when 5 then 'Facto union'
        when 6 then 'Legally separated'
        else 'Unknown'
    end as marital_status_label,
    mothers_qualification,
    fathers_qualification,
    mothers_occupation,
    fathers_occupation
from base
  );

[0m23:23:30.181994 [debug] [Thread-4 (]: SQL status: OK in 0.029 seconds
[0m23:23:30.183246 [debug] [Thread-4 (]: Using duckdb connection "model.student_dropout.int_program_context"
[0m23:23:30.183385 [debug] [Thread-4 (]: On model.student_dropout.int_program_context: /* {"app": "dbt", "dbt_version": "1.11.8", "profile_name": "student_dropout", "target_name": "dev", "node_id": "model.student_dropout.int_program_context"} */
alter view "student_dropout"."main_intermediate"."int_program_context" rename to "int_program_context__dbt_backup"
[0m23:23:30.183506 [debug] [Thread-3 (]: SQL status: OK in 0.030 seconds
[0m23:23:30.183690 [debug] [Thread-2 (]: SQL status: OK in 0.030 seconds
[0m23:23:30.184702 [debug] [Thread-3 (]: Using duckdb connection "model.student_dropout.int_economic_context"
[0m23:23:30.184821 [debug] [Thread-4 (]: SQL status: OK in 0.001 seconds
[0m23:23:30.185747 [debug] [Thread-2 (]: Using duckdb connection "model.student_dropout.int_student_demographics"
[0m23:23:30.185871 [debug] [Thread-3 (]: On model.student_dropout.int_economic_context: /* {"app": "dbt", "dbt_version": "1.11.8", "profile_name": "student_dropout", "target_name": "dev", "node_id": "model.student_dropout.int_economic_context"} */
alter view "student_dropout"."main_intermediate"."int_economic_context" rename to "int_economic_context__dbt_backup"
[0m23:23:30.186798 [debug] [Thread-4 (]: Using duckdb connection "model.student_dropout.int_program_context"
[0m23:23:30.186935 [debug] [Thread-2 (]: On model.student_dropout.int_student_demographics: /* {"app": "dbt", "dbt_version": "1.11.8", "profile_name": "student_dropout", "target_name": "dev", "node_id": "model.student_dropout.int_student_demographics"} */
alter view "student_dropout"."main_intermediate"."int_student_demographics" rename to "int_student_demographics__dbt_backup"
[0m23:23:30.187107 [debug] [Thread-4 (]: On model.student_dropout.int_program_context: /* {"app": "dbt", "dbt_version": "1.11.8", "profile_name": "student_dropout", "target_name": "dev", "node_id": "model.student_dropout.int_program_context"} */
alter view "student_dropout"."main_intermediate"."int_program_context__dbt_tmp" rename to "int_program_context"
[0m23:23:30.187302 [debug] [Thread-3 (]: SQL status: OK in 0.000 seconds
[0m23:23:30.188242 [debug] [Thread-3 (]: Using duckdb connection "model.student_dropout.int_economic_context"
[0m23:23:30.188370 [debug] [Thread-2 (]: SQL status: OK in 0.001 seconds
[0m23:23:30.188545 [debug] [Thread-3 (]: On model.student_dropout.int_economic_context: /* {"app": "dbt", "dbt_version": "1.11.8", "profile_name": "student_dropout", "target_name": "dev", "node_id": "model.student_dropout.int_economic_context"} */
alter view "student_dropout"."main_intermediate"."int_economic_context__dbt_tmp" rename to "int_economic_context"
[0m23:23:30.189524 [debug] [Thread-2 (]: Using duckdb connection "model.student_dropout.int_student_demographics"
[0m23:23:30.189633 [debug] [Thread-4 (]: SQL status: OK in 0.002 seconds
[0m23:23:30.189784 [debug] [Thread-2 (]: On model.student_dropout.int_student_demographics: /* {"app": "dbt", "dbt_version": "1.11.8", "profile_name": "student_dropout", "target_name": "dev", "node_id": "model.student_dropout.int_student_demographics"} */
alter view "student_dropout"."main_intermediate"."int_student_demographics__dbt_tmp" rename to "int_student_demographics"
[0m23:23:30.190319 [debug] [Thread-4 (]: On model.student_dropout.int_program_context: COMMIT
[0m23:23:30.190455 [debug] [Thread-3 (]: SQL status: OK in 0.001 seconds
[0m23:23:30.190600 [debug] [Thread-4 (]: Using duckdb connection "model.student_dropout.int_program_context"
[0m23:23:30.191064 [debug] [Thread-3 (]: On model.student_dropout.int_economic_context: COMMIT
[0m23:23:30.191191 [debug] [Thread-4 (]: On model.student_dropout.int_program_context: COMMIT
[0m23:23:30.191318 [debug] [Thread-2 (]: SQL status: OK in 0.001 seconds
[0m23:23:30.191432 [debug] [Thread-3 (]: Using duckdb connection "model.student_dropout.int_economic_context"
[0m23:23:30.191995 [debug] [Thread-2 (]: On model.student_dropout.int_student_demographics: COMMIT
[0m23:23:30.192121 [debug] [Thread-3 (]: On model.student_dropout.int_economic_context: COMMIT
[0m23:23:30.192231 [debug] [Thread-4 (]: SQL status: OK in 0.001 seconds
[0m23:23:30.192334 [debug] [Thread-2 (]: Using duckdb connection "model.student_dropout.int_student_demographics"
[0m23:23:30.193743 [debug] [Thread-4 (]: Using duckdb connection "model.student_dropout.int_program_context"
[0m23:23:30.193871 [debug] [Thread-2 (]: On model.student_dropout.int_student_demographics: COMMIT
[0m23:23:30.193988 [debug] [Thread-4 (]: On model.student_dropout.int_program_context: /* {"app": "dbt", "dbt_version": "1.11.8", "profile_name": "student_dropout", "target_name": "dev", "node_id": "model.student_dropout.int_program_context"} */

      drop view if exists "student_dropout"."main_intermediate"."int_program_context__dbt_backup" cascade
    
[0m23:23:30.194095 [debug] [Thread-3 (]: SQL status: OK in 0.002 seconds
[0m23:23:30.194986 [debug] [Thread-3 (]: Using duckdb connection "model.student_dropout.int_economic_context"
[0m23:23:30.195110 [debug] [Thread-3 (]: On model.student_dropout.int_economic_context: /* {"app": "dbt", "dbt_version": "1.11.8", "profile_name": "student_dropout", "target_name": "dev", "node_id": "model.student_dropout.int_economic_context"} */

      drop view if exists "student_dropout"."main_intermediate"."int_economic_context__dbt_backup" cascade
    
[0m23:23:30.195233 [debug] [Thread-2 (]: SQL status: OK in 0.001 seconds
[0m23:23:30.196064 [debug] [Thread-2 (]: Using duckdb connection "model.student_dropout.int_student_demographics"
[0m23:23:30.196188 [debug] [Thread-4 (]: SQL status: OK in 0.002 seconds
[0m23:23:30.196318 [debug] [Thread-2 (]: On model.student_dropout.int_student_demographics: /* {"app": "dbt", "dbt_version": "1.11.8", "profile_name": "student_dropout", "target_name": "dev", "node_id": "model.student_dropout.int_student_demographics"} */

      drop view if exists "student_dropout"."main_intermediate"."int_student_demographics__dbt_backup" cascade
    
[0m23:23:30.196798 [debug] [Thread-4 (]: On model.student_dropout.int_program_context: Close
[0m23:23:30.196923 [debug] [Thread-3 (]: SQL status: OK in 0.002 seconds
[0m23:23:30.197472 [debug] [Thread-3 (]: On model.student_dropout.int_economic_context: Close
[0m23:23:30.197686 [debug] [Thread-4 (]: Sending event: {'category': 'dbt', 'action': 'run_model', 'label': 'be9ec988-c67a-42a0-8ad7-c2daef6b3a33', 'context': [<snowplow_tracker.self_describing_json.SelfDescribingJson object at 0x10c7251f0>]}
[0m23:23:30.197885 [debug] [Thread-3 (]: Sending event: {'category': 'dbt', 'action': 'run_model', 'label': 'be9ec988-c67a-42a0-8ad7-c2daef6b3a33', 'context': [<snowplow_tracker.self_describing_json.SelfDescribingJson object at 0x10c662d80>]}
[0m23:23:30.198065 [debug] [Thread-2 (]: SQL status: OK in 0.001 seconds
[0m23:23:30.198278 [info ] [Thread-4 (]: 3 of 5 OK created sql view model main_intermediate.int_program_context ......... [[32mOK[0m in 0.06s]
[0m23:23:30.198988 [debug] [Thread-2 (]: On model.student_dropout.int_student_demographics: Close
[0m23:23:30.198489 [info ] [Thread-3 (]: 2 of 5 OK created sql view model main_intermediate.int_economic_context ........ [[32mOK[0m in 0.06s]
[0m23:23:30.199229 [debug] [Thread-4 (]: Finished running node model.student_dropout.int_program_context
[0m23:23:30.199416 [debug] [Thread-3 (]: Finished running node model.student_dropout.int_economic_context
[0m23:23:30.199579 [debug] [Thread-2 (]: Sending event: {'category': 'dbt', 'action': 'run_model', 'label': 'be9ec988-c67a-42a0-8ad7-c2daef6b3a33', 'context': [<snowplow_tracker.self_describing_json.SelfDescribingJson object at 0x10c745760>]}
[0m23:23:30.199882 [info ] [Thread-2 (]: 4 of 5 OK created sql view model main_intermediate.int_student_demographics .... [[32mOK[0m in 0.06s]
[0m23:23:30.200074 [debug] [Thread-2 (]: Finished running node model.student_dropout.int_student_demographics
[0m23:23:30.200295 [debug] [Thread-1 (]: Began running node model.student_dropout.fct_enrollment_outcomes
[0m23:23:30.200451 [info ] [Thread-1 (]: 5 of 5 START sql table model main_marts.fct_enrollment_outcomes ................ [RUN]
[0m23:23:30.200630 [debug] [Thread-1 (]: Re-using an available connection from the pool (formerly model.student_dropout.stg_students, now model.student_dropout.fct_enrollment_outcomes)
[0m23:23:30.200752 [debug] [Thread-1 (]: Began compiling node model.student_dropout.fct_enrollment_outcomes
[0m23:23:30.202029 [debug] [Thread-1 (]: Writing injected SQL for node "model.student_dropout.fct_enrollment_outcomes"
[0m23:23:30.202291 [debug] [Thread-1 (]: Began executing node model.student_dropout.fct_enrollment_outcomes
[0m23:23:30.209175 [debug] [Thread-1 (]: Writing runtime sql for node "model.student_dropout.fct_enrollment_outcomes"
[0m23:23:30.209518 [debug] [Thread-1 (]: Using duckdb connection "model.student_dropout.fct_enrollment_outcomes"
[0m23:23:30.209648 [debug] [Thread-1 (]: On model.student_dropout.fct_enrollment_outcomes: BEGIN
[0m23:23:30.209764 [debug] [Thread-1 (]: Opening a new connection, currently in state closed
[0m23:23:30.210014 [debug] [Thread-1 (]: SQL status: OK in 0.000 seconds
[0m23:23:30.210134 [debug] [Thread-1 (]: Using duckdb connection "model.student_dropout.fct_enrollment_outcomes"
[0m23:23:30.210289 [debug] [Thread-1 (]: On model.student_dropout.fct_enrollment_outcomes: /* {"app": "dbt", "dbt_version": "1.11.8", "profile_name": "student_dropout", "target_name": "dev", "node_id": "model.student_dropout.fct_enrollment_outcomes"} */

  
    
    

    create  table
      "student_dropout"."main_marts"."fct_enrollment_outcomes__dbt_tmp"
  
    as (
      -- fct_enrollment_outcomes.sql
-- Fact table at student grain.
-- Holds academic performance metrics, foreign keys to dimensions,
-- demographic attributes, macroeconomic context, and the outcome target.

with students as (
    select
        row_number() over () as student_key,
        *
    from "student_dropout"."main_staging"."stg_students"
),

program_keys as (
    select * from "student_dropout"."main_intermediate"."int_program_context"
),

economic_keys as (
    select * from "student_dropout"."main_intermediate"."int_economic_context"
),

demographics as (
    select * from "student_dropout"."main_intermediate"."int_student_demographics"
)

select
    -- keys
    s.student_key,
    p.program_key,
    e.economic_context_key,

    -- enrollment context
    s.application_mode,
    s.application_order,
    s.previous_qualification,
    s.previous_qualification_grade,
    s.admission_grade,

    -- financial
    s.is_scholarship_holder,
    s.tuition_fees_up_to_date,
    s.is_debtor,

    -- demographics (from int_student_demographics)
    d.age_at_enrollment,
    d.gender,
    d.gender_label,
    d.nationality,
    d.is_international,
    d.is_displaced,
    d.has_special_needs,
    d.marital_status,
    d.marital_status_label,
    d.mothers_qualification,
    d.fathers_qualification,
    d.mothers_occupation,
    d.fathers_occupation,

    -- macroeconomic context (from int_economic_context)
    e.unemployment_rate,
    e.inflation_rate,
    e.gdp,

    -- semester 1 performance
    s.sem1_units_credited,
    s.sem1_units_enrolled,
    s.sem1_evaluations,
    s.sem1_units_approved,
    s.sem1_grade,
    s.sem1_units_no_eval,

    -- semester 2 performance
    s.sem2_units_credited,
    s.sem2_units_enrolled,
    s.sem2_evaluations,
    s.sem2_units_approved,
    s.sem2_grade,
    s.sem2_units_no_eval,

    -- derived metrics (DuckDB-compatible, no safe_divide)
    case
        when s.sem1_units_enrolled = 0 then null
        else cast(s.sem1_units_approved as double) / s.sem1_units_enrolled
    end as sem1_approval_rate,
    case
        when s.sem2_units_enrolled = 0 then null
        else cast(s.sem2_units_approved as double) / s.sem2_units_enrolled
    end as sem2_approval_rate,

    -- target
    s.outcome

from students s
left join program_keys p
    on p.course_id = s.course_id
    and p.attendance_type = s.attendance_type
left join economic_keys e
    on e.unemployment_rate = s.unemployment_rate
    and e.inflation_rate = s.inflation_rate
    and e.gdp = s.gdp
left join demographics d
    on d.student_key = s.student_key
    );
  
  
[0m23:23:30.331685 [debug] [Thread-1 (]: SQL status: OK in 0.121 seconds
[0m23:23:30.333720 [debug] [Thread-1 (]: Using duckdb connection "model.student_dropout.fct_enrollment_outcomes"
[0m23:23:30.333870 [debug] [Thread-1 (]: On model.student_dropout.fct_enrollment_outcomes: /* {"app": "dbt", "dbt_version": "1.11.8", "profile_name": "student_dropout", "target_name": "dev", "node_id": "model.student_dropout.fct_enrollment_outcomes"} */

    SELECT index_name
    FROM duckdb_indexes()
    WHERE schema_name = 'main_marts'
      AND table_name = 'fct_enrollment_outcomes'
  
[0m23:23:30.334208 [debug] [Thread-1 (]: SQL status: OK in 0.000 seconds
[0m23:23:30.334616 [debug] [Thread-1 (]: Using duckdb connection "model.student_dropout.fct_enrollment_outcomes"
[0m23:23:30.334736 [debug] [Thread-1 (]: On model.student_dropout.fct_enrollment_outcomes: /* {"app": "dbt", "dbt_version": "1.11.8", "profile_name": "student_dropout", "target_name": "dev", "node_id": "model.student_dropout.fct_enrollment_outcomes"} */

    SELECT COUNT(*) as remaining_indexes
    FROM duckdb_indexes()
    WHERE schema_name = 'main_marts'
      AND table_name = 'fct_enrollment_outcomes'
  
[0m23:23:30.335018 [debug] [Thread-1 (]: SQL status: OK in 0.000 seconds
[0m23:23:30.336163 [debug] [Thread-1 (]: Using duckdb connection "model.student_dropout.fct_enrollment_outcomes"
[0m23:23:30.336273 [debug] [Thread-1 (]: On model.student_dropout.fct_enrollment_outcomes: /* {"app": "dbt", "dbt_version": "1.11.8", "profile_name": "student_dropout", "target_name": "dev", "node_id": "model.student_dropout.fct_enrollment_outcomes"} */
alter table "student_dropout"."main_marts"."fct_enrollment_outcomes" rename to "fct_enrollment_outcomes__dbt_backup"
[0m23:23:30.336474 [debug] [Thread-1 (]: SQL status: OK in 0.000 seconds
[0m23:23:30.337425 [debug] [Thread-1 (]: Using duckdb connection "model.student_dropout.fct_enrollment_outcomes"
[0m23:23:30.337555 [debug] [Thread-1 (]: On model.student_dropout.fct_enrollment_outcomes: /* {"app": "dbt", "dbt_version": "1.11.8", "profile_name": "student_dropout", "target_name": "dev", "node_id": "model.student_dropout.fct_enrollment_outcomes"} */
alter table "student_dropout"."main_marts"."fct_enrollment_outcomes__dbt_tmp" rename to "fct_enrollment_outcomes"
[0m23:23:30.337742 [debug] [Thread-1 (]: SQL status: OK in 0.000 seconds
[0m23:23:30.339423 [debug] [Thread-1 (]: On model.student_dropout.fct_enrollment_outcomes: COMMIT
[0m23:23:30.339547 [debug] [Thread-1 (]: Using duckdb connection "model.student_dropout.fct_enrollment_outcomes"
[0m23:23:30.339654 [debug] [Thread-1 (]: On model.student_dropout.fct_enrollment_outcomes: COMMIT
[0m23:23:30.341268 [debug] [Thread-1 (]: SQL status: OK in 0.002 seconds
[0m23:23:30.342054 [debug] [Thread-1 (]: Using duckdb connection "model.student_dropout.fct_enrollment_outcomes"
[0m23:23:30.342169 [debug] [Thread-1 (]: On model.student_dropout.fct_enrollment_outcomes: /* {"app": "dbt", "dbt_version": "1.11.8", "profile_name": "student_dropout", "target_name": "dev", "node_id": "model.student_dropout.fct_enrollment_outcomes"} */

      drop table if exists "student_dropout"."main_marts"."fct_enrollment_outcomes__dbt_backup" cascade
    
[0m23:23:30.342547 [debug] [Thread-1 (]: SQL status: OK in 0.000 seconds
[0m23:23:30.342943 [debug] [Thread-1 (]: On model.student_dropout.fct_enrollment_outcomes: Close
[0m23:23:30.343154 [debug] [Thread-1 (]: Sending event: {'category': 'dbt', 'action': 'run_model', 'label': 'be9ec988-c67a-42a0-8ad7-c2daef6b3a33', 'context': [<snowplow_tracker.self_describing_json.SelfDescribingJson object at 0x10c683c20>]}
[0m23:23:30.343363 [info ] [Thread-1 (]: 5 of 5 OK created sql table model main_marts.fct_enrollment_outcomes ........... [[32mOK[0m in 0.14s]
[0m23:23:30.343554 [debug] [Thread-1 (]: Finished running node model.student_dropout.fct_enrollment_outcomes
[0m23:23:30.344050 [debug] [MainThread]: Using duckdb connection "master"
[0m23:23:30.344154 [debug] [MainThread]: On master: BEGIN
[0m23:23:30.344246 [debug] [MainThread]: Opening a new connection, currently in state closed
[0m23:23:30.344417 [debug] [MainThread]: SQL status: OK in 0.000 seconds
[0m23:23:30.344507 [debug] [MainThread]: On master: COMMIT
[0m23:23:30.344591 [debug] [MainThread]: Using duckdb connection "master"
[0m23:23:30.344686 [debug] [MainThread]: On master: COMMIT
[0m23:23:30.344814 [debug] [MainThread]: SQL status: OK in 0.000 seconds
[0m23:23:30.344908 [debug] [MainThread]: On master: Close
[0m23:23:30.345028 [debug] [MainThread]: Connection 'master' was properly closed.
[0m23:23:30.345119 [debug] [MainThread]: Connection 'model.student_dropout.fct_enrollment_outcomes' was properly closed.
[0m23:23:30.345197 [debug] [MainThread]: Connection 'model.student_dropout.int_student_demographics' was properly closed.
[0m23:23:30.345269 [debug] [MainThread]: Connection 'model.student_dropout.int_economic_context' was properly closed.
[0m23:23:30.345343 [debug] [MainThread]: Connection 'model.student_dropout.int_program_context' was properly closed.
[0m23:23:30.345465 [info ] [MainThread]: 
[0m23:23:30.345591 [info ] [MainThread]: Finished running 1 table model, 4 view models in 0 hours 0 minutes and 0.31 seconds (0.31s).
[0m23:23:30.345935 [debug] [MainThread]: Command end result
[0m23:23:30.357256 [debug] [MainThread]: Wrote artifact WritableManifest to /Users/ogdata-mpb16/Documents/DataScienceProjects/student-dropout-retention-predictor/dbt/target/manifest.json
[0m23:23:30.357907 [debug] [MainThread]: Wrote artifact SemanticManifest to /Users/ogdata-mpb16/Documents/DataScienceProjects/student-dropout-retention-predictor/dbt/target/semantic_manifest.json
[0m23:23:30.360007 [debug] [MainThread]: Wrote artifact RunExecutionResult to /Users/ogdata-mpb16/Documents/DataScienceProjects/student-dropout-retention-predictor/dbt/target/run_results.json
[0m23:23:30.360125 [info ] [MainThread]: 
[0m23:23:30.360264 [info ] [MainThread]: [32mCompleted successfully[0m
[0m23:23:30.360370 [info ] [MainThread]: 
[0m23:23:30.360494 [info ] [MainThread]: Done. PASS=5 WARN=0 ERROR=0 SKIP=0 NO-OP=0 TOTAL=5
[0m23:23:30.361693 [debug] [MainThread]: Resource report: {"command_name": "run", "command_success": true, "command_wall_clock_time": 0.7345581, "process_in_blocks": "0", "process_kernel_time": 0.13237, "process_mem_max_rss": "212418560", "process_out_blocks": "0", "process_user_time": 1.225951}
[0m23:23:30.361874 [debug] [MainThread]: Command `dbt run` succeeded at 23:23:30.361841 after 0.73 seconds
[0m23:23:30.362006 [debug] [MainThread]: Sending event: {'category': 'dbt', 'action': 'invocation', 'label': 'end', 'context': [<snowplow_tracker.self_describing_json.SelfDescribingJson object at 0x10a482a20>, <snowplow_tracker.self_describing_json.SelfDescribingJson object at 0x10bba5940>, <snowplow_tracker.self_describing_json.SelfDescribingJson object at 0x10b556e10>]}
[0m23:23:30.362124 [debug] [MainThread]: Flushing usage events
[0m23:23:30.738823 [debug] [MainThread]: An error was encountered while trying to flush usage events
[0m23:23:33.425014 [debug] [MainThread]: Sending event: {'category': 'dbt', 'action': 'invocation', 'label': 'start', 'context': [<snowplow_tracker.self_describing_json.SelfDescribingJson object at 0x1016076e0>, <snowplow_tracker.self_describing_json.SelfDescribingJson object at 0x1056fe090>, <snowplow_tracker.self_describing_json.SelfDescribingJson object at 0x1056fde20>]}


============================== 23:23:33.426568 | f09e9d0f-0f1b-4d62-bd9f-24be85afc692 ==============================
[0m23:23:33.426568 [info ] [MainThread]: Running with dbt=1.11.8
[0m23:23:33.426818 [debug] [MainThread]: running dbt with arguments {'log_format': 'default', 'empty': 'None', 'quiet': 'False', 'target_path': 'None', 'use_experimental_parser': 'False', 'write_json': 'True', 'log_cache_events': 'False', 'warn_error': 'None', 'send_anonymous_usage_stats': 'True', 'partial_parse': 'True', 'indirect_selection': 'eager', 'printer_width': '80', 'profiles_dir': '/Users/ogdata-mpb16/Documents/DataScienceProjects/student-dropout-retention-predictor/dbt', 'no_print': 'None', 'version_check': 'True', 'use_colors': 'True', 'cache_selected_only': 'False', 'fail_fast': 'False', 'log_path': '/Users/ogdata-mpb16/Documents/DataScienceProjects/student-dropout-retention-predictor/dbt/logs', 'static_parser': 'True', 'debug': 'False', 'warn_error_options': 'WarnErrorOptionsV2(error=[], warn=[], silence=[])', 'introspect': 'True', 'invocation_command': 'dbt test'}
[0m23:23:33.499087 [debug] [MainThread]: Sending event: {'category': 'dbt', 'action': 'project_id', 'label': 'f09e9d0f-0f1b-4d62-bd9f-24be85afc692', 'context': [<snowplow_tracker.self_describing_json.SelfDescribingJson object at 0x10572c2f0>]}
[0m23:23:33.519137 [debug] [MainThread]: Sending event: {'category': 'dbt', 'action': 'adapter_info', 'label': 'f09e9d0f-0f1b-4d62-bd9f-24be85afc692', 'context': [<snowplow_tracker.self_describing_json.SelfDescribingJson object at 0x1054cbfe0>]}
[0m23:23:33.519832 [info ] [MainThread]: Registered adapter: duckdb=1.10.1
[0m23:23:33.561953 [debug] [MainThread]: checksum: 7d524ac048c2100769df89d592e662e060a73ca564e31bd9c2a37efdfe8d8ab6, vars: {}, profile: , target: , version: 1.11.8
[0m23:23:33.604117 [debug] [MainThread]: Partial parsing enabled: 0 files deleted, 0 files added, 0 files changed.
[0m23:23:33.604294 [debug] [MainThread]: Nothing changed, skipping partial parsing.
[0m23:23:33.604402 [debug] [MainThread]: Partial parsing enabled, no changes found, skipping parsing
[0m23:23:33.620834 [debug] [MainThread]: Sending event: {'category': 'dbt', 'action': 'load_project', 'label': 'f09e9d0f-0f1b-4d62-bd9f-24be85afc692', 'context': [<snowplow_tracker.self_describing_json.SelfDescribingJson object at 0x1064b9b20>]}
[0m23:23:33.654207 [debug] [MainThread]: Wrote artifact WritableManifest to /Users/ogdata-mpb16/Documents/DataScienceProjects/student-dropout-retention-predictor/dbt/target/manifest.json
[0m23:23:33.655067 [debug] [MainThread]: Wrote artifact SemanticManifest to /Users/ogdata-mpb16/Documents/DataScienceProjects/student-dropout-retention-predictor/dbt/target/semantic_manifest.json
[0m23:23:33.661647 [debug] [MainThread]: Sending event: {'category': 'dbt', 'action': 'resource_counts', 'label': 'f09e9d0f-0f1b-4d62-bd9f-24be85afc692', 'context': [<snowplow_tracker.self_describing_json.SelfDescribingJson object at 0x107273d70>]}
[0m23:23:33.661834 [info ] [MainThread]: Found 5 models, 12 data tests, 1 source, 475 macros
[0m23:23:33.661973 [debug] [MainThread]: Sending event: {'category': 'dbt', 'action': 'runnable_timing', 'label': 'f09e9d0f-0f1b-4d62-bd9f-24be85afc692', 'context': [<snowplow_tracker.self_describing_json.SelfDescribingJson object at 0x1064d7e30>]}
[0m23:23:33.662768 [info ] [MainThread]: 
[0m23:23:33.662909 [info ] [MainThread]: Concurrency: 4 threads (target='dev')
[0m23:23:33.663022 [info ] [MainThread]: 
[0m23:23:33.663238 [debug] [MainThread]: Acquiring new duckdb connection 'master'
[0m23:23:33.664895 [debug] [ThreadPool]: Acquiring new duckdb connection 'list_student_dropout_main_intermediate'
[0m23:23:33.669279 [debug] [ThreadPool]: Acquiring new duckdb connection 'list_student_dropout_main_staging'
[0m23:23:33.669530 [debug] [ThreadPool]: Acquiring new duckdb connection 'list_student_dropout_main_marts'
[0m23:23:33.685512 [debug] [ThreadPool]: Using duckdb connection "list_student_dropout_main_intermediate"
[0m23:23:33.685755 [debug] [ThreadPool]: Using duckdb connection "list_student_dropout_main_staging"
[0m23:23:33.685909 [debug] [ThreadPool]: Using duckdb connection "list_student_dropout_main_marts"
[0m23:23:33.686032 [debug] [ThreadPool]: On list_student_dropout_main_intermediate: BEGIN
[0m23:23:33.686163 [debug] [ThreadPool]: On list_student_dropout_main_staging: BEGIN
[0m23:23:33.686274 [debug] [ThreadPool]: On list_student_dropout_main_marts: BEGIN
[0m23:23:33.686386 [debug] [ThreadPool]: Opening a new connection, currently in state init
[0m23:23:33.686490 [debug] [ThreadPool]: Opening a new connection, currently in state init
[0m23:23:33.686586 [debug] [ThreadPool]: Opening a new connection, currently in state init
[0m23:23:33.693277 [debug] [ThreadPool]: SQL status: OK in 0.007 seconds
[0m23:23:33.693510 [debug] [ThreadPool]: SQL status: OK in 0.007 seconds
[0m23:23:33.693657 [debug] [ThreadPool]: SQL status: OK in 0.007 seconds
[0m23:23:33.693774 [debug] [ThreadPool]: Using duckdb connection "list_student_dropout_main_intermediate"
[0m23:23:33.693900 [debug] [ThreadPool]: Using duckdb connection "list_student_dropout_main_staging"
[0m23:23:33.694093 [debug] [ThreadPool]: Using duckdb connection "list_student_dropout_main_marts"
[0m23:23:33.694299 [debug] [ThreadPool]: On list_student_dropout_main_intermediate: /* {"app": "dbt", "dbt_version": "1.11.8", "profile_name": "student_dropout", "target_name": "dev", "connection_name": "list_student_dropout_main_intermediate"} */
select
      'student_dropout' as database,
      table_name as name,
      table_schema as schema,
      CASE table_type
        WHEN 'BASE TABLE' THEN 'table'
        WHEN 'VIEW' THEN 'view'
        WHEN 'LOCAL TEMPORARY' THEN 'table'
        END as type
    from system.information_schema.tables
    where lower(table_schema) = 'main_intermediate'
    and lower(table_catalog) = 'student_dropout'
  
[0m23:23:33.694522 [debug] [ThreadPool]: On list_student_dropout_main_staging: /* {"app": "dbt", "dbt_version": "1.11.8", "profile_name": "student_dropout", "target_name": "dev", "connection_name": "list_student_dropout_main_staging"} */
select
      'student_dropout' as database,
      table_name as name,
      table_schema as schema,
      CASE table_type
        WHEN 'BASE TABLE' THEN 'table'
        WHEN 'VIEW' THEN 'view'
        WHEN 'LOCAL TEMPORARY' THEN 'table'
        END as type
    from system.information_schema.tables
    where lower(table_schema) = 'main_staging'
    and lower(table_catalog) = 'student_dropout'
  
[0m23:23:33.694753 [debug] [ThreadPool]: On list_student_dropout_main_marts: /* {"app": "dbt", "dbt_version": "1.11.8", "profile_name": "student_dropout", "target_name": "dev", "connection_name": "list_student_dropout_main_marts"} */
select
      'student_dropout' as database,
      table_name as name,
      table_schema as schema,
      CASE table_type
        WHEN 'BASE TABLE' THEN 'table'
        WHEN 'VIEW' THEN 'view'
        WHEN 'LOCAL TEMPORARY' THEN 'table'
        END as type
    from system.information_schema.tables
    where lower(table_schema) = 'main_marts'
    and lower(table_catalog) = 'student_dropout'
  
[0m23:23:33.696601 [debug] [ThreadPool]: SQL status: OK in 0.002 seconds
[0m23:23:33.696827 [debug] [ThreadPool]: SQL status: OK in 0.002 seconds
[0m23:23:33.697051 [debug] [ThreadPool]: SQL status: OK in 0.002 seconds
[0m23:23:33.697640 [debug] [ThreadPool]: On list_student_dropout_main_intermediate: ROLLBACK
[0m23:23:33.698218 [debug] [ThreadPool]: On list_student_dropout_main_marts: ROLLBACK
[0m23:23:33.698852 [debug] [ThreadPool]: On list_student_dropout_main_staging: ROLLBACK
[0m23:23:33.699479 [debug] [ThreadPool]: Failed to rollback 'list_student_dropout_main_intermediate'
[0m23:23:33.699810 [debug] [ThreadPool]: Failed to rollback 'list_student_dropout_main_staging'
[0m23:23:33.699950 [debug] [ThreadPool]: On list_student_dropout_main_intermediate: Close
[0m23:23:33.700251 [debug] [ThreadPool]: Failed to rollback 'list_student_dropout_main_marts'
[0m23:23:33.700363 [debug] [ThreadPool]: On list_student_dropout_main_staging: Close
[0m23:23:33.700508 [debug] [ThreadPool]: On list_student_dropout_main_marts: Close
[0m23:23:33.701422 [debug] [MainThread]: Sending event: {'category': 'dbt', 'action': 'runnable_timing', 'label': 'f09e9d0f-0f1b-4d62-bd9f-24be85afc692', 'context': [<snowplow_tracker.self_describing_json.SelfDescribingJson object at 0x1057d2a80>]}
[0m23:23:33.701641 [debug] [MainThread]: Using duckdb connection "master"
[0m23:23:33.701750 [debug] [MainThread]: On master: BEGIN
[0m23:23:33.701841 [debug] [MainThread]: Opening a new connection, currently in state init
[0m23:23:33.702146 [debug] [MainThread]: SQL status: OK in 0.000 seconds
[0m23:23:33.702246 [debug] [MainThread]: On master: COMMIT
[0m23:23:33.702333 [debug] [MainThread]: Using duckdb connection "master"
[0m23:23:33.702500 [debug] [MainThread]: On master: COMMIT
[0m23:23:33.702695 [debug] [MainThread]: SQL status: OK in 0.000 seconds
[0m23:23:33.702798 [debug] [MainThread]: On master: Close
[0m23:23:33.703887 [debug] [Thread-1 (]: Began running node test.student_dropout.accepted_values_fct_enrollment_outcomes_outcome__Dropout__Enrolled__Graduate.6f5acbe8d3
[0m23:23:33.704084 [debug] [Thread-2 (]: Began running node test.student_dropout.accepted_values_stg_students_outcome__Dropout__Enrolled__Graduate.b6987725e8
[0m23:23:33.704435 [debug] [Thread-3 (]: Began running node test.student_dropout.not_null_fct_enrollment_outcomes_outcome.5dc63d9a92
[0m23:23:33.704287 [info ] [Thread-1 (]: 1 of 12 START test accepted_values_fct_enrollment_outcomes_outcome__Dropout__Enrolled__Graduate  [RUN]
[0m23:23:33.704753 [debug] [Thread-4 (]: Began running node test.student_dropout.not_null_fct_enrollment_outcomes_student_key.dcd4a8c056
[0m23:23:33.704610 [info ] [Thread-2 (]: 2 of 12 START test accepted_values_stg_students_outcome__Dropout__Enrolled__Graduate  [RUN]
[0m23:23:33.704959 [info ] [Thread-3 (]: 3 of 12 START test not_null_fct_enrollment_outcomes_outcome .................... [RUN]
[0m23:23:33.705188 [debug] [Thread-1 (]: Re-using an available connection from the pool (formerly list_student_dropout_main_intermediate, now test.student_dropout.accepted_values_fct_enrollment_outcomes_outcome__Dropout__Enrolled__Graduate.6f5acbe8d3)
[0m23:23:33.705339 [info ] [Thread-4 (]: 4 of 12 START test not_null_fct_enrollment_outcomes_student_key ................ [RUN]
[0m23:23:33.705697 [debug] [Thread-2 (]: Re-using an available connection from the pool (formerly list_student_dropout_main_staging, now test.student_dropout.accepted_values_stg_students_outcome__Dropout__Enrolled__Graduate.b6987725e8)
[0m23:23:33.705893 [debug] [Thread-3 (]: Re-using an available connection from the pool (formerly list_student_dropout_main_marts, now test.student_dropout.not_null_fct_enrollment_outcomes_outcome.5dc63d9a92)
[0m23:23:33.706059 [debug] [Thread-1 (]: Began compiling node test.student_dropout.accepted_values_fct_enrollment_outcomes_outcome__Dropout__Enrolled__Graduate.6f5acbe8d3
[0m23:23:33.706236 [debug] [Thread-4 (]: Acquiring new duckdb connection 'test.student_dropout.not_null_fct_enrollment_outcomes_student_key.dcd4a8c056'
[0m23:23:33.706375 [debug] [Thread-2 (]: Began compiling node test.student_dropout.accepted_values_stg_students_outcome__Dropout__Enrolled__Graduate.b6987725e8
[0m23:23:33.706504 [debug] [Thread-3 (]: Began compiling node test.student_dropout.not_null_fct_enrollment_outcomes_outcome.5dc63d9a92
[0m23:23:33.712992 [debug] [Thread-1 (]: Writing injected SQL for node "test.student_dropout.accepted_values_fct_enrollment_outcomes_outcome__Dropout__Enrolled__Graduate.6f5acbe8d3"
[0m23:23:33.713192 [debug] [Thread-4 (]: Began compiling node test.student_dropout.not_null_fct_enrollment_outcomes_student_key.dcd4a8c056
[0m23:23:33.714772 [debug] [Thread-2 (]: Writing injected SQL for node "test.student_dropout.accepted_values_stg_students_outcome__Dropout__Enrolled__Graduate.b6987725e8"
[0m23:23:33.717576 [debug] [Thread-3 (]: Writing injected SQL for node "test.student_dropout.not_null_fct_enrollment_outcomes_outcome.5dc63d9a92"
[0m23:23:33.719694 [debug] [Thread-4 (]: Writing injected SQL for node "test.student_dropout.not_null_fct_enrollment_outcomes_student_key.dcd4a8c056"
[0m23:23:33.720122 [debug] [Thread-4 (]: Began executing node test.student_dropout.not_null_fct_enrollment_outcomes_student_key.dcd4a8c056
[0m23:23:33.720276 [debug] [Thread-2 (]: Began executing node test.student_dropout.accepted_values_stg_students_outcome__Dropout__Enrolled__Graduate.b6987725e8
[0m23:23:33.720398 [debug] [Thread-1 (]: Began executing node test.student_dropout.accepted_values_fct_enrollment_outcomes_outcome__Dropout__Enrolled__Graduate.6f5acbe8d3
[0m23:23:33.745437 [debug] [Thread-3 (]: Began executing node test.student_dropout.not_null_fct_enrollment_outcomes_outcome.5dc63d9a92
[0m23:23:33.746318 [debug] [Thread-4 (]: Writing runtime sql for node "test.student_dropout.not_null_fct_enrollment_outcomes_student_key.dcd4a8c056"
[0m23:23:33.747193 [debug] [Thread-2 (]: Writing runtime sql for node "test.student_dropout.accepted_values_stg_students_outcome__Dropout__Enrolled__Graduate.b6987725e8"
[0m23:23:33.747986 [debug] [Thread-1 (]: Writing runtime sql for node "test.student_dropout.accepted_values_fct_enrollment_outcomes_outcome__Dropout__Enrolled__Graduate.6f5acbe8d3"
[0m23:23:33.748737 [debug] [Thread-3 (]: Writing runtime sql for node "test.student_dropout.not_null_fct_enrollment_outcomes_outcome.5dc63d9a92"
[0m23:23:33.749191 [debug] [Thread-2 (]: Using duckdb connection "test.student_dropout.accepted_values_stg_students_outcome__Dropout__Enrolled__Graduate.b6987725e8"
[0m23:23:33.749369 [debug] [Thread-1 (]: Using duckdb connection "test.student_dropout.accepted_values_fct_enrollment_outcomes_outcome__Dropout__Enrolled__Graduate.6f5acbe8d3"
[0m23:23:33.749564 [debug] [Thread-3 (]: Using duckdb connection "test.student_dropout.not_null_fct_enrollment_outcomes_outcome.5dc63d9a92"
[0m23:23:33.749688 [debug] [Thread-2 (]: On test.student_dropout.accepted_values_stg_students_outcome__Dropout__Enrolled__Graduate.b6987725e8: BEGIN
[0m23:23:33.749808 [debug] [Thread-4 (]: Using duckdb connection "test.student_dropout.not_null_fct_enrollment_outcomes_student_key.dcd4a8c056"
[0m23:23:33.749923 [debug] [Thread-1 (]: On test.student_dropout.accepted_values_fct_enrollment_outcomes_outcome__Dropout__Enrolled__Graduate.6f5acbe8d3: BEGIN
[0m23:23:33.750031 [debug] [Thread-3 (]: On test.student_dropout.not_null_fct_enrollment_outcomes_outcome.5dc63d9a92: BEGIN
[0m23:23:33.750142 [debug] [Thread-2 (]: Opening a new connection, currently in state closed
[0m23:23:33.750248 [debug] [Thread-4 (]: On test.student_dropout.not_null_fct_enrollment_outcomes_student_key.dcd4a8c056: BEGIN
[0m23:23:33.750351 [debug] [Thread-1 (]: Opening a new connection, currently in state closed
[0m23:23:33.750452 [debug] [Thread-3 (]: Opening a new connection, currently in state closed
[0m23:23:33.750667 [debug] [Thread-4 (]: Opening a new connection, currently in state init
[0m23:23:33.750932 [debug] [Thread-2 (]: SQL status: OK in 0.001 seconds
[0m23:23:33.751082 [debug] [Thread-1 (]: SQL status: OK in 0.001 seconds
[0m23:23:33.751239 [debug] [Thread-3 (]: SQL status: OK in 0.001 seconds
[0m23:23:33.751373 [debug] [Thread-2 (]: Using duckdb connection "test.student_dropout.accepted_values_stg_students_outcome__Dropout__Enrolled__Graduate.b6987725e8"
[0m23:23:33.751494 [debug] [Thread-1 (]: Using duckdb connection "test.student_dropout.accepted_values_fct_enrollment_outcomes_outcome__Dropout__Enrolled__Graduate.6f5acbe8d3"
[0m23:23:33.751604 [debug] [Thread-4 (]: SQL status: OK in 0.001 seconds
[0m23:23:33.751702 [debug] [Thread-3 (]: Using duckdb connection "test.student_dropout.not_null_fct_enrollment_outcomes_outcome.5dc63d9a92"
[0m23:23:33.751824 [debug] [Thread-2 (]: On test.student_dropout.accepted_values_stg_students_outcome__Dropout__Enrolled__Graduate.b6987725e8: /* {"app": "dbt", "dbt_version": "1.11.8", "profile_name": "student_dropout", "target_name": "dev", "node_id": "test.student_dropout.accepted_values_stg_students_outcome__Dropout__Enrolled__Graduate.b6987725e8"} */

    
    select
      count(*) as failures,
      count(*) != 0 as should_warn,
      count(*) != 0 as should_error
    from (
      
    
  
    
    

with all_values as (

    select
        outcome as value_field,
        count(*) as n_records

    from "student_dropout"."main_staging"."stg_students"
    group by outcome

)

select *
from all_values
where value_field not in (
    'Dropout','Enrolled','Graduate'
)



  
  
      
    ) dbt_internal_test
[0m23:23:33.751945 [debug] [Thread-1 (]: On test.student_dropout.accepted_values_fct_enrollment_outcomes_outcome__Dropout__Enrolled__Graduate.6f5acbe8d3: /* {"app": "dbt", "dbt_version": "1.11.8", "profile_name": "student_dropout", "target_name": "dev", "node_id": "test.student_dropout.accepted_values_fct_enrollment_outcomes_outcome__Dropout__Enrolled__Graduate.6f5acbe8d3"} */

    
    select
      count(*) as failures,
      count(*) != 0 as should_warn,
      count(*) != 0 as should_error
    from (
      
    
  
    
    

with all_values as (

    select
        outcome as value_field,
        count(*) as n_records

    from "student_dropout"."main_marts"."fct_enrollment_outcomes"
    group by outcome

)

select *
from all_values
where value_field not in (
    'Dropout','Enrolled','Graduate'
)



  
  
      
    ) dbt_internal_test
[0m23:23:33.752055 [debug] [Thread-4 (]: Using duckdb connection "test.student_dropout.not_null_fct_enrollment_outcomes_student_key.dcd4a8c056"
[0m23:23:33.752170 [debug] [Thread-3 (]: On test.student_dropout.not_null_fct_enrollment_outcomes_outcome.5dc63d9a92: /* {"app": "dbt", "dbt_version": "1.11.8", "profile_name": "student_dropout", "target_name": "dev", "node_id": "test.student_dropout.not_null_fct_enrollment_outcomes_outcome.5dc63d9a92"} */

    
    select
      count(*) as failures,
      count(*) != 0 as should_warn,
      count(*) != 0 as should_error
    from (
      
    
  
    
    



select outcome
from "student_dropout"."main_marts"."fct_enrollment_outcomes"
where outcome is null



  
  
      
    ) dbt_internal_test
[0m23:23:33.752425 [debug] [Thread-4 (]: On test.student_dropout.not_null_fct_enrollment_outcomes_student_key.dcd4a8c056: /* {"app": "dbt", "dbt_version": "1.11.8", "profile_name": "student_dropout", "target_name": "dev", "node_id": "test.student_dropout.not_null_fct_enrollment_outcomes_student_key.dcd4a8c056"} */

    
    select
      count(*) as failures,
      count(*) != 0 as should_warn,
      count(*) != 0 as should_error
    from (
      
    
  
    
    



select student_key
from "student_dropout"."main_marts"."fct_enrollment_outcomes"
where student_key is null



  
  
      
    ) dbt_internal_test
[0m23:23:33.752868 [debug] [Thread-3 (]: SQL status: OK in 0.000 seconds
[0m23:23:33.753057 [debug] [Thread-1 (]: SQL status: OK in 0.001 seconds
[0m23:23:33.753188 [debug] [Thread-4 (]: SQL status: OK in 0.001 seconds
[0m23:23:33.754707 [debug] [Thread-3 (]: On test.student_dropout.not_null_fct_enrollment_outcomes_outcome.5dc63d9a92: ROLLBACK
[0m23:23:33.755229 [debug] [Thread-1 (]: On test.student_dropout.accepted_values_fct_enrollment_outcomes_outcome__Dropout__Enrolled__Graduate.6f5acbe8d3: ROLLBACK
[0m23:23:33.755717 [debug] [Thread-4 (]: On test.student_dropout.not_null_fct_enrollment_outcomes_student_key.dcd4a8c056: ROLLBACK
[0m23:23:33.756055 [debug] [Thread-3 (]: Failed to rollback 'test.student_dropout.not_null_fct_enrollment_outcomes_outcome.5dc63d9a92'
[0m23:23:33.756399 [debug] [Thread-1 (]: Failed to rollback 'test.student_dropout.accepted_values_fct_enrollment_outcomes_outcome__Dropout__Enrolled__Graduate.6f5acbe8d3'
[0m23:23:33.756531 [debug] [Thread-3 (]: On test.student_dropout.not_null_fct_enrollment_outcomes_outcome.5dc63d9a92: Close
[0m23:23:33.756826 [debug] [Thread-4 (]: Failed to rollback 'test.student_dropout.not_null_fct_enrollment_outcomes_student_key.dcd4a8c056'
[0m23:23:33.756957 [debug] [Thread-1 (]: On test.student_dropout.accepted_values_fct_enrollment_outcomes_outcome__Dropout__Enrolled__Graduate.6f5acbe8d3: Close
[0m23:23:33.757092 [debug] [Thread-4 (]: On test.student_dropout.not_null_fct_enrollment_outcomes_student_key.dcd4a8c056: Close
[0m23:23:33.757298 [info ] [Thread-3 (]: 3 of 12 PASS not_null_fct_enrollment_outcomes_outcome .......................... [[32mPASS[0m in 0.05s]
[0m23:23:33.757513 [info ] [Thread-1 (]: 1 of 12 PASS accepted_values_fct_enrollment_outcomes_outcome__Dropout__Enrolled__Graduate  [[32mPASS[0m in 0.05s]
[0m23:23:33.757705 [info ] [Thread-4 (]: 4 of 12 PASS not_null_fct_enrollment_outcomes_student_key ...................... [[32mPASS[0m in 0.05s]
[0m23:23:33.757922 [debug] [Thread-3 (]: Finished running node test.student_dropout.not_null_fct_enrollment_outcomes_outcome.5dc63d9a92
[0m23:23:33.758122 [debug] [Thread-1 (]: Finished running node test.student_dropout.accepted_values_fct_enrollment_outcomes_outcome__Dropout__Enrolled__Graduate.6f5acbe8d3
[0m23:23:33.758297 [debug] [Thread-4 (]: Finished running node test.student_dropout.not_null_fct_enrollment_outcomes_student_key.dcd4a8c056
[0m23:23:33.758439 [debug] [Thread-3 (]: Began running node test.student_dropout.not_null_int_economic_context_economic_context_key.a874d0de9a
[0m23:23:33.758607 [debug] [Thread-1 (]: Began running node test.student_dropout.not_null_int_program_context_program_key.fd59564871
[0m23:23:33.758760 [debug] [Thread-4 (]: Began running node test.student_dropout.not_null_int_student_demographics_student_key.2d69200948
[0m23:23:33.758888 [info ] [Thread-3 (]: 5 of 12 START test not_null_int_economic_context_economic_context_key .......... [RUN]
[0m23:23:33.759046 [info ] [Thread-1 (]: 6 of 12 START test not_null_int_program_context_program_key .................... [RUN]
[0m23:23:33.759156 [info ] [Thread-4 (]: 7 of 12 START test not_null_int_student_demographics_student_key ............... [RUN]
[0m23:23:33.759365 [debug] [Thread-3 (]: Re-using an available connection from the pool (formerly test.student_dropout.not_null_fct_enrollment_outcomes_outcome.5dc63d9a92, now test.student_dropout.not_null_int_economic_context_economic_context_key.a874d0de9a)
[0m23:23:33.759519 [debug] [Thread-1 (]: Re-using an available connection from the pool (formerly test.student_dropout.accepted_values_fct_enrollment_outcomes_outcome__Dropout__Enrolled__Graduate.6f5acbe8d3, now test.student_dropout.not_null_int_program_context_program_key.fd59564871)
[0m23:23:33.759665 [debug] [Thread-4 (]: Re-using an available connection from the pool (formerly test.student_dropout.not_null_fct_enrollment_outcomes_student_key.dcd4a8c056, now test.student_dropout.not_null_int_student_demographics_student_key.2d69200948)
[0m23:23:33.759795 [debug] [Thread-3 (]: Began compiling node test.student_dropout.not_null_int_economic_context_economic_context_key.a874d0de9a
[0m23:23:33.759916 [debug] [Thread-1 (]: Began compiling node test.student_dropout.not_null_int_program_context_program_key.fd59564871
[0m23:23:33.760043 [debug] [Thread-4 (]: Began compiling node test.student_dropout.not_null_int_student_demographics_student_key.2d69200948
[0m23:23:33.761550 [debug] [Thread-3 (]: Writing injected SQL for node "test.student_dropout.not_null_int_economic_context_economic_context_key.a874d0de9a"
[0m23:23:33.762898 [debug] [Thread-1 (]: Writing injected SQL for node "test.student_dropout.not_null_int_program_context_program_key.fd59564871"
[0m23:23:33.764424 [debug] [Thread-4 (]: Writing injected SQL for node "test.student_dropout.not_null_int_student_demographics_student_key.2d69200948"
[0m23:23:33.764772 [debug] [Thread-4 (]: Began executing node test.student_dropout.not_null_int_student_demographics_student_key.2d69200948
[0m23:23:33.764913 [debug] [Thread-1 (]: Began executing node test.student_dropout.not_null_int_program_context_program_key.fd59564871
[0m23:23:33.765797 [debug] [Thread-4 (]: Writing runtime sql for node "test.student_dropout.not_null_int_student_demographics_student_key.2d69200948"
[0m23:23:33.765924 [debug] [Thread-3 (]: Began executing node test.student_dropout.not_null_int_economic_context_economic_context_key.a874d0de9a
[0m23:23:33.766727 [debug] [Thread-1 (]: Writing runtime sql for node "test.student_dropout.not_null_int_program_context_program_key.fd59564871"
[0m23:23:33.768217 [debug] [Thread-3 (]: Writing runtime sql for node "test.student_dropout.not_null_int_economic_context_economic_context_key.a874d0de9a"
[0m23:23:33.768459 [debug] [Thread-4 (]: Using duckdb connection "test.student_dropout.not_null_int_student_demographics_student_key.2d69200948"
[0m23:23:33.768606 [debug] [Thread-4 (]: On test.student_dropout.not_null_int_student_demographics_student_key.2d69200948: BEGIN
[0m23:23:33.768779 [debug] [Thread-4 (]: Opening a new connection, currently in state closed
[0m23:23:33.768920 [debug] [Thread-1 (]: Using duckdb connection "test.student_dropout.not_null_int_program_context_program_key.fd59564871"
[0m23:23:33.769121 [debug] [Thread-3 (]: Using duckdb connection "test.student_dropout.not_null_int_economic_context_economic_context_key.a874d0de9a"
[0m23:23:33.769257 [debug] [Thread-1 (]: On test.student_dropout.not_null_int_program_context_program_key.fd59564871: BEGIN
[0m23:23:33.769382 [debug] [Thread-4 (]: SQL status: OK in 0.001 seconds
[0m23:23:33.769496 [debug] [Thread-3 (]: On test.student_dropout.not_null_int_economic_context_economic_context_key.a874d0de9a: BEGIN
[0m23:23:33.769615 [debug] [Thread-1 (]: Opening a new connection, currently in state closed
[0m23:23:33.769732 [debug] [Thread-4 (]: Using duckdb connection "test.student_dropout.not_null_int_student_demographics_student_key.2d69200948"
[0m23:23:33.769845 [debug] [Thread-3 (]: Opening a new connection, currently in state closed
[0m23:23:33.770008 [debug] [Thread-4 (]: On test.student_dropout.not_null_int_student_demographics_student_key.2d69200948: /* {"app": "dbt", "dbt_version": "1.11.8", "profile_name": "student_dropout", "target_name": "dev", "node_id": "test.student_dropout.not_null_int_student_demographics_student_key.2d69200948"} */

    
    select
      count(*) as failures,
      count(*) != 0 as should_warn,
      count(*) != 0 as should_error
    from (
      
    
  
    
    



select student_key
from "student_dropout"."main_intermediate"."int_student_demographics"
where student_key is null



  
  
      
    ) dbt_internal_test
[0m23:23:33.770174 [debug] [Thread-1 (]: SQL status: OK in 0.001 seconds
[0m23:23:33.770347 [debug] [Thread-1 (]: Using duckdb connection "test.student_dropout.not_null_int_program_context_program_key.fd59564871"
[0m23:23:33.770471 [debug] [Thread-3 (]: SQL status: OK in 0.001 seconds
[0m23:23:33.770595 [debug] [Thread-1 (]: On test.student_dropout.not_null_int_program_context_program_key.fd59564871: /* {"app": "dbt", "dbt_version": "1.11.8", "profile_name": "student_dropout", "target_name": "dev", "node_id": "test.student_dropout.not_null_int_program_context_program_key.fd59564871"} */

    
    select
      count(*) as failures,
      count(*) != 0 as should_warn,
      count(*) != 0 as should_error
    from (
      
    
  
    
    



select program_key
from "student_dropout"."main_intermediate"."int_program_context"
where program_key is null



  
  
      
    ) dbt_internal_test
[0m23:23:33.770721 [debug] [Thread-3 (]: Using duckdb connection "test.student_dropout.not_null_int_economic_context_economic_context_key.a874d0de9a"
[0m23:23:33.770894 [debug] [Thread-3 (]: On test.student_dropout.not_null_int_economic_context_economic_context_key.a874d0de9a: /* {"app": "dbt", "dbt_version": "1.11.8", "profile_name": "student_dropout", "target_name": "dev", "node_id": "test.student_dropout.not_null_int_economic_context_economic_context_key.a874d0de9a"} */

    
    select
      count(*) as failures,
      count(*) != 0 as should_warn,
      count(*) != 0 as should_error
    from (
      
    
  
    
    



select economic_context_key
from "student_dropout"."main_intermediate"."int_economic_context"
where economic_context_key is null



  
  
      
    ) dbt_internal_test
[0m23:23:33.784029 [debug] [Thread-2 (]: SQL status: OK in 0.032 seconds
[0m23:23:33.784726 [debug] [Thread-2 (]: On test.student_dropout.accepted_values_stg_students_outcome__Dropout__Enrolled__Graduate.b6987725e8: ROLLBACK
[0m23:23:33.785116 [debug] [Thread-2 (]: Failed to rollback 'test.student_dropout.accepted_values_stg_students_outcome__Dropout__Enrolled__Graduate.b6987725e8'
[0m23:23:33.785243 [debug] [Thread-2 (]: On test.student_dropout.accepted_values_stg_students_outcome__Dropout__Enrolled__Graduate.b6987725e8: Close
[0m23:23:33.785467 [info ] [Thread-2 (]: 2 of 12 PASS accepted_values_stg_students_outcome__Dropout__Enrolled__Graduate . [[32mPASS[0m in 0.08s]
[0m23:23:33.785667 [debug] [Thread-2 (]: Finished running node test.student_dropout.accepted_values_stg_students_outcome__Dropout__Enrolled__Graduate.b6987725e8
[0m23:23:33.785803 [debug] [Thread-2 (]: Began running node test.student_dropout.not_null_stg_students_outcome.eb621094c6
[0m23:23:33.785922 [info ] [Thread-2 (]: 8 of 12 START test not_null_stg_students_outcome ............................... [RUN]
[0m23:23:33.786104 [debug] [Thread-2 (]: Re-using an available connection from the pool (formerly test.student_dropout.accepted_values_stg_students_outcome__Dropout__Enrolled__Graduate.b6987725e8, now test.student_dropout.not_null_stg_students_outcome.eb621094c6)
[0m23:23:33.786248 [debug] [Thread-2 (]: Began compiling node test.student_dropout.not_null_stg_students_outcome.eb621094c6
[0m23:23:33.787947 [debug] [Thread-2 (]: Writing injected SQL for node "test.student_dropout.not_null_stg_students_outcome.eb621094c6"
[0m23:23:33.788229 [debug] [Thread-2 (]: Began executing node test.student_dropout.not_null_stg_students_outcome.eb621094c6
[0m23:23:33.789132 [debug] [Thread-2 (]: Writing runtime sql for node "test.student_dropout.not_null_stg_students_outcome.eb621094c6"
[0m23:23:33.789367 [debug] [Thread-2 (]: Using duckdb connection "test.student_dropout.not_null_stg_students_outcome.eb621094c6"
[0m23:23:33.789485 [debug] [Thread-2 (]: On test.student_dropout.not_null_stg_students_outcome.eb621094c6: BEGIN
[0m23:23:33.789597 [debug] [Thread-2 (]: Opening a new connection, currently in state closed
[0m23:23:33.789820 [debug] [Thread-2 (]: SQL status: OK in 0.000 seconds
[0m23:23:33.789931 [debug] [Thread-2 (]: Using duckdb connection "test.student_dropout.not_null_stg_students_outcome.eb621094c6"
[0m23:23:33.790046 [debug] [Thread-2 (]: On test.student_dropout.not_null_stg_students_outcome.eb621094c6: /* {"app": "dbt", "dbt_version": "1.11.8", "profile_name": "student_dropout", "target_name": "dev", "node_id": "test.student_dropout.not_null_stg_students_outcome.eb621094c6"} */

    
    select
      count(*) as failures,
      count(*) != 0 as should_warn,
      count(*) != 0 as should_error
    from (
      
    
  
    
    



select outcome
from "student_dropout"."main_staging"."stg_students"
where outcome is null



  
  
      
    ) dbt_internal_test
[0m23:23:33.801115 [debug] [Thread-4 (]: SQL status: OK in 0.031 seconds
[0m23:23:33.801716 [debug] [Thread-4 (]: On test.student_dropout.not_null_int_student_demographics_student_key.2d69200948: ROLLBACK
[0m23:23:33.802080 [debug] [Thread-4 (]: Failed to rollback 'test.student_dropout.not_null_int_student_demographics_student_key.2d69200948'
[0m23:23:33.802204 [debug] [Thread-4 (]: On test.student_dropout.not_null_int_student_demographics_student_key.2d69200948: Close
[0m23:23:33.802417 [info ] [Thread-4 (]: 7 of 12 PASS not_null_int_student_demographics_student_key ..................... [[32mPASS[0m in 0.04s]
[0m23:23:33.802618 [debug] [Thread-4 (]: Finished running node test.student_dropout.not_null_int_student_demographics_student_key.2d69200948
[0m23:23:33.802749 [debug] [Thread-4 (]: Began running node test.student_dropout.unique_fct_enrollment_outcomes_student_key.46f567e1cb
[0m23:23:33.802885 [debug] [Thread-1 (]: SQL status: OK in 0.032 seconds
[0m23:23:33.803039 [info ] [Thread-4 (]: 9 of 12 START test unique_fct_enrollment_outcomes_student_key .................. [RUN]
[0m23:23:33.803263 [debug] [Thread-4 (]: Re-using an available connection from the pool (formerly test.student_dropout.not_null_int_student_demographics_student_key.2d69200948, now test.student_dropout.unique_fct_enrollment_outcomes_student_key.46f567e1cb)
[0m23:23:33.803397 [debug] [Thread-4 (]: Began compiling node test.student_dropout.unique_fct_enrollment_outcomes_student_key.46f567e1cb
[0m23:23:33.803912 [debug] [Thread-1 (]: On test.student_dropout.not_null_int_program_context_program_key.fd59564871: ROLLBACK
[0m23:23:33.806172 [debug] [Thread-4 (]: Writing injected SQL for node "test.student_dropout.unique_fct_enrollment_outcomes_student_key.46f567e1cb"
[0m23:23:33.806352 [debug] [Thread-3 (]: SQL status: OK in 0.035 seconds
[0m23:23:33.806696 [debug] [Thread-1 (]: Failed to rollback 'test.student_dropout.not_null_int_program_context_program_key.fd59564871'
[0m23:23:33.806846 [debug] [Thread-1 (]: On test.student_dropout.not_null_int_program_context_program_key.fd59564871: Close
[0m23:23:33.807309 [debug] [Thread-3 (]: On test.student_dropout.not_null_int_economic_context_economic_context_key.a874d0de9a: ROLLBACK
[0m23:23:33.807806 [debug] [Thread-3 (]: Failed to rollback 'test.student_dropout.not_null_int_economic_context_economic_context_key.a874d0de9a'
[0m23:23:33.807494 [info ] [Thread-1 (]: 6 of 12 PASS not_null_int_program_context_program_key .......................... [[32mPASS[0m in 0.05s]
[0m23:23:33.807977 [debug] [Thread-3 (]: On test.student_dropout.not_null_int_economic_context_economic_context_key.a874d0de9a: Close
[0m23:23:33.808175 [debug] [Thread-1 (]: Finished running node test.student_dropout.not_null_int_program_context_program_key.fd59564871
[0m23:23:33.808307 [debug] [Thread-4 (]: Began executing node test.student_dropout.unique_fct_enrollment_outcomes_student_key.46f567e1cb
[0m23:23:33.808598 [debug] [Thread-1 (]: Began running node test.student_dropout.unique_int_economic_context_economic_context_key.cea4eb238f
[0m23:23:33.808478 [info ] [Thread-3 (]: 5 of 12 PASS not_null_int_economic_context_economic_context_key ................ [[32mPASS[0m in 0.05s]
[0m23:23:33.809615 [debug] [Thread-4 (]: Writing runtime sql for node "test.student_dropout.unique_fct_enrollment_outcomes_student_key.46f567e1cb"
[0m23:23:33.809749 [info ] [Thread-1 (]: 10 of 12 START test unique_int_economic_context_economic_context_key ........... [RUN]
[0m23:23:33.809935 [debug] [Thread-3 (]: Finished running node test.student_dropout.not_null_int_economic_context_economic_context_key.a874d0de9a
[0m23:23:33.810124 [debug] [Thread-1 (]: Re-using an available connection from the pool (formerly test.student_dropout.not_null_int_program_context_program_key.fd59564871, now test.student_dropout.unique_int_economic_context_economic_context_key.cea4eb238f)
[0m23:23:33.810278 [debug] [Thread-3 (]: Began running node test.student_dropout.unique_int_program_context_program_key.998275a591
[0m23:23:33.810424 [debug] [Thread-1 (]: Began compiling node test.student_dropout.unique_int_economic_context_economic_context_key.cea4eb238f
[0m23:23:33.810583 [debug] [Thread-4 (]: Using duckdb connection "test.student_dropout.unique_fct_enrollment_outcomes_student_key.46f567e1cb"
[0m23:23:33.810708 [info ] [Thread-3 (]: 11 of 12 START test unique_int_program_context_program_key ..................... [RUN]
[0m23:23:33.812203 [debug] [Thread-1 (]: Writing injected SQL for node "test.student_dropout.unique_int_economic_context_economic_context_key.cea4eb238f"
[0m23:23:33.812420 [debug] [Thread-4 (]: On test.student_dropout.unique_fct_enrollment_outcomes_student_key.46f567e1cb: BEGIN
[0m23:23:33.812628 [debug] [Thread-3 (]: Re-using an available connection from the pool (formerly test.student_dropout.not_null_int_economic_context_economic_context_key.a874d0de9a, now test.student_dropout.unique_int_program_context_program_key.998275a591)
[0m23:23:33.812804 [debug] [Thread-4 (]: Opening a new connection, currently in state closed
[0m23:23:33.812944 [debug] [Thread-3 (]: Began compiling node test.student_dropout.unique_int_program_context_program_key.998275a591
[0m23:23:33.814416 [debug] [Thread-3 (]: Writing injected SQL for node "test.student_dropout.unique_int_program_context_program_key.998275a591"
[0m23:23:33.814571 [debug] [Thread-4 (]: SQL status: OK in 0.002 seconds
[0m23:23:33.814724 [debug] [Thread-4 (]: Using duckdb connection "test.student_dropout.unique_fct_enrollment_outcomes_student_key.46f567e1cb"
[0m23:23:33.814859 [debug] [Thread-4 (]: On test.student_dropout.unique_fct_enrollment_outcomes_student_key.46f567e1cb: /* {"app": "dbt", "dbt_version": "1.11.8", "profile_name": "student_dropout", "target_name": "dev", "node_id": "test.student_dropout.unique_fct_enrollment_outcomes_student_key.46f567e1cb"} */

    
    select
      count(*) as failures,
      count(*) != 0 as should_warn,
      count(*) != 0 as should_error
    from (
      
    
  
    
    

select
    student_key as unique_field,
    count(*) as n_records

from "student_dropout"."main_marts"."fct_enrollment_outcomes"
where student_key is not null
group by student_key
having count(*) > 1



  
  
      
    ) dbt_internal_test
[0m23:23:33.815089 [debug] [Thread-1 (]: Began executing node test.student_dropout.unique_int_economic_context_economic_context_key.cea4eb238f
[0m23:23:33.816019 [debug] [Thread-1 (]: Writing runtime sql for node "test.student_dropout.unique_int_economic_context_economic_context_key.cea4eb238f"
[0m23:23:33.816184 [debug] [Thread-3 (]: Began executing node test.student_dropout.unique_int_program_context_program_key.998275a591
[0m23:23:33.816329 [debug] [Thread-4 (]: SQL status: OK in 0.001 seconds
[0m23:23:33.817248 [debug] [Thread-3 (]: Writing runtime sql for node "test.student_dropout.unique_int_program_context_program_key.998275a591"
[0m23:23:33.817481 [debug] [Thread-1 (]: Using duckdb connection "test.student_dropout.unique_int_economic_context_economic_context_key.cea4eb238f"
[0m23:23:33.817610 [debug] [Thread-1 (]: On test.student_dropout.unique_int_economic_context_economic_context_key.cea4eb238f: BEGIN
[0m23:23:33.818126 [debug] [Thread-4 (]: On test.student_dropout.unique_fct_enrollment_outcomes_student_key.46f567e1cb: ROLLBACK
[0m23:23:33.818254 [debug] [Thread-1 (]: Opening a new connection, currently in state closed
[0m23:23:33.818630 [debug] [Thread-4 (]: Failed to rollback 'test.student_dropout.unique_fct_enrollment_outcomes_student_key.46f567e1cb'
[0m23:23:33.818837 [debug] [Thread-4 (]: On test.student_dropout.unique_fct_enrollment_outcomes_student_key.46f567e1cb: Close
[0m23:23:33.819057 [info ] [Thread-4 (]: 9 of 12 PASS unique_fct_enrollment_outcomes_student_key ........................ [[32mPASS[0m in 0.02s]
[0m23:23:33.819243 [debug] [Thread-3 (]: Using duckdb connection "test.student_dropout.unique_int_program_context_program_key.998275a591"
[0m23:23:33.819393 [debug] [Thread-1 (]: SQL status: OK in 0.001 seconds
[0m23:23:33.819570 [debug] [Thread-4 (]: Finished running node test.student_dropout.unique_fct_enrollment_outcomes_student_key.46f567e1cb
[0m23:23:33.819714 [debug] [Thread-3 (]: On test.student_dropout.unique_int_program_context_program_key.998275a591: BEGIN
[0m23:23:33.819840 [debug] [Thread-1 (]: Using duckdb connection "test.student_dropout.unique_int_economic_context_economic_context_key.cea4eb238f"
[0m23:23:33.819981 [debug] [Thread-4 (]: Began running node test.student_dropout.unique_int_student_demographics_student_key.21c7995cdb
[0m23:23:33.820138 [debug] [Thread-3 (]: Opening a new connection, currently in state closed
[0m23:23:33.820271 [debug] [Thread-1 (]: On test.student_dropout.unique_int_economic_context_economic_context_key.cea4eb238f: /* {"app": "dbt", "dbt_version": "1.11.8", "profile_name": "student_dropout", "target_name": "dev", "node_id": "test.student_dropout.unique_int_economic_context_economic_context_key.cea4eb238f"} */

    
    select
      count(*) as failures,
      count(*) != 0 as should_warn,
      count(*) != 0 as should_error
    from (
      
    
  
    
    

select
    economic_context_key as unique_field,
    count(*) as n_records

from "student_dropout"."main_intermediate"."int_economic_context"
where economic_context_key is not null
group by economic_context_key
having count(*) > 1



  
  
      
    ) dbt_internal_test
[0m23:23:33.820410 [info ] [Thread-4 (]: 12 of 12 START test unique_int_student_demographics_student_key ................ [RUN]
[0m23:23:33.820619 [debug] [Thread-2 (]: SQL status: OK in 0.030 seconds
[0m23:23:33.820801 [debug] [Thread-4 (]: Re-using an available connection from the pool (formerly test.student_dropout.unique_fct_enrollment_outcomes_student_key.46f567e1cb, now test.student_dropout.unique_int_student_demographics_student_key.21c7995cdb)
[0m23:23:33.820950 [debug] [Thread-3 (]: SQL status: OK in 0.001 seconds
[0m23:23:33.821123 [debug] [Thread-4 (]: Began compiling node test.student_dropout.unique_int_student_demographics_student_key.21c7995cdb
[0m23:23:33.821569 [debug] [Thread-2 (]: On test.student_dropout.not_null_stg_students_outcome.eb621094c6: ROLLBACK
[0m23:23:33.821698 [debug] [Thread-3 (]: Using duckdb connection "test.student_dropout.unique_int_program_context_program_key.998275a591"
[0m23:23:33.823183 [debug] [Thread-4 (]: Writing injected SQL for node "test.student_dropout.unique_int_student_demographics_student_key.21c7995cdb"
[0m23:23:33.823359 [debug] [Thread-3 (]: On test.student_dropout.unique_int_program_context_program_key.998275a591: /* {"app": "dbt", "dbt_version": "1.11.8", "profile_name": "student_dropout", "target_name": "dev", "node_id": "test.student_dropout.unique_int_program_context_program_key.998275a591"} */

    
    select
      count(*) as failures,
      count(*) != 0 as should_warn,
      count(*) != 0 as should_error
    from (
      
    
  
    
    

select
    program_key as unique_field,
    count(*) as n_records

from "student_dropout"."main_intermediate"."int_program_context"
where program_key is not null
group by program_key
having count(*) > 1



  
  
      
    ) dbt_internal_test
[0m23:23:33.823688 [debug] [Thread-2 (]: Failed to rollback 'test.student_dropout.not_null_stg_students_outcome.eb621094c6'
[0m23:23:33.823908 [debug] [Thread-2 (]: On test.student_dropout.not_null_stg_students_outcome.eb621094c6: Close
[0m23:23:33.824211 [debug] [Thread-4 (]: Began executing node test.student_dropout.unique_int_student_demographics_student_key.21c7995cdb
[0m23:23:33.824103 [info ] [Thread-2 (]: 8 of 12 PASS not_null_stg_students_outcome ..................................... [[32mPASS[0m in 0.04s]
[0m23:23:33.825261 [debug] [Thread-4 (]: Writing runtime sql for node "test.student_dropout.unique_int_student_demographics_student_key.21c7995cdb"
[0m23:23:33.825475 [debug] [Thread-2 (]: Finished running node test.student_dropout.not_null_stg_students_outcome.eb621094c6
[0m23:23:33.825740 [debug] [Thread-4 (]: Using duckdb connection "test.student_dropout.unique_int_student_demographics_student_key.21c7995cdb"
[0m23:23:33.825869 [debug] [Thread-4 (]: On test.student_dropout.unique_int_student_demographics_student_key.21c7995cdb: BEGIN
[0m23:23:33.825983 [debug] [Thread-4 (]: Opening a new connection, currently in state closed
[0m23:23:33.826184 [debug] [Thread-4 (]: SQL status: OK in 0.000 seconds
[0m23:23:33.826300 [debug] [Thread-4 (]: Using duckdb connection "test.student_dropout.unique_int_student_demographics_student_key.21c7995cdb"
[0m23:23:33.826423 [debug] [Thread-4 (]: On test.student_dropout.unique_int_student_demographics_student_key.21c7995cdb: /* {"app": "dbt", "dbt_version": "1.11.8", "profile_name": "student_dropout", "target_name": "dev", "node_id": "test.student_dropout.unique_int_student_demographics_student_key.21c7995cdb"} */

    
    select
      count(*) as failures,
      count(*) != 0 as should_warn,
      count(*) != 0 as should_error
    from (
      
    
  
    
    

select
    student_key as unique_field,
    count(*) as n_records

from "student_dropout"."main_intermediate"."int_student_demographics"
where student_key is not null
group by student_key
having count(*) > 1



  
  
      
    ) dbt_internal_test
[0m23:23:33.854938 [debug] [Thread-1 (]: SQL status: OK in 0.034 seconds
[0m23:23:33.855936 [debug] [Thread-1 (]: On test.student_dropout.unique_int_economic_context_economic_context_key.cea4eb238f: ROLLBACK
[0m23:23:33.856315 [debug] [Thread-1 (]: Failed to rollback 'test.student_dropout.unique_int_economic_context_economic_context_key.cea4eb238f'
[0m23:23:33.856440 [debug] [Thread-1 (]: On test.student_dropout.unique_int_economic_context_economic_context_key.cea4eb238f: Close
[0m23:23:33.856682 [info ] [Thread-1 (]: 10 of 12 PASS unique_int_economic_context_economic_context_key ................. [[32mPASS[0m in 0.05s]
[0m23:23:33.856940 [debug] [Thread-1 (]: Finished running node test.student_dropout.unique_int_economic_context_economic_context_key.cea4eb238f
[0m23:23:33.857134 [debug] [Thread-3 (]: SQL status: OK in 0.033 seconds
[0m23:23:33.857744 [debug] [Thread-3 (]: On test.student_dropout.unique_int_program_context_program_key.998275a591: ROLLBACK
[0m23:23:33.858106 [debug] [Thread-3 (]: Failed to rollback 'test.student_dropout.unique_int_program_context_program_key.998275a591'
[0m23:23:33.858220 [debug] [Thread-3 (]: On test.student_dropout.unique_int_program_context_program_key.998275a591: Close
[0m23:23:33.858335 [debug] [Thread-4 (]: SQL status: OK in 0.032 seconds
[0m23:23:33.858523 [info ] [Thread-3 (]: 11 of 12 PASS unique_int_program_context_program_key ........................... [[32mPASS[0m in 0.05s]
[0m23:23:33.858736 [debug] [Thread-3 (]: Finished running node test.student_dropout.unique_int_program_context_program_key.998275a591
[0m23:23:33.859221 [debug] [Thread-4 (]: On test.student_dropout.unique_int_student_demographics_student_key.21c7995cdb: ROLLBACK
[0m23:23:33.859514 [debug] [Thread-4 (]: Failed to rollback 'test.student_dropout.unique_int_student_demographics_student_key.21c7995cdb'
[0m23:23:33.859625 [debug] [Thread-4 (]: On test.student_dropout.unique_int_student_demographics_student_key.21c7995cdb: Close
[0m23:23:33.859794 [info ] [Thread-4 (]: 12 of 12 PASS unique_int_student_demographics_student_key ...................... [[32mPASS[0m in 0.04s]
[0m23:23:33.859971 [debug] [Thread-4 (]: Finished running node test.student_dropout.unique_int_student_demographics_student_key.21c7995cdb
[0m23:23:33.860466 [debug] [MainThread]: Using duckdb connection "master"
[0m23:23:33.860568 [debug] [MainThread]: On master: BEGIN
[0m23:23:33.860654 [debug] [MainThread]: Opening a new connection, currently in state closed
[0m23:23:33.860843 [debug] [MainThread]: SQL status: OK in 0.000 seconds
[0m23:23:33.860955 [debug] [MainThread]: On master: COMMIT
[0m23:23:33.861043 [debug] [MainThread]: Using duckdb connection "master"
[0m23:23:33.861123 [debug] [MainThread]: On master: COMMIT
[0m23:23:33.861255 [debug] [MainThread]: SQL status: OK in 0.000 seconds
[0m23:23:33.861349 [debug] [MainThread]: On master: Close
[0m23:23:33.861457 [debug] [MainThread]: Connection 'master' was properly closed.
[0m23:23:33.861540 [debug] [MainThread]: Connection 'test.student_dropout.unique_int_economic_context_economic_context_key.cea4eb238f' was properly closed.
[0m23:23:33.861617 [debug] [MainThread]: Connection 'test.student_dropout.not_null_stg_students_outcome.eb621094c6' was properly closed.
[0m23:23:33.861692 [debug] [MainThread]: Connection 'test.student_dropout.unique_int_program_context_program_key.998275a591' was properly closed.
[0m23:23:33.861766 [debug] [MainThread]: Connection 'test.student_dropout.unique_int_student_demographics_student_key.21c7995cdb' was properly closed.
[0m23:23:33.861864 [info ] [MainThread]: 
[0m23:23:33.861969 [info ] [MainThread]: Finished running 12 data tests in 0 hours 0 minutes and 0.20 seconds (0.20s).
[0m23:23:33.862614 [debug] [MainThread]: Command end result
[0m23:23:33.874653 [debug] [MainThread]: Wrote artifact WritableManifest to /Users/ogdata-mpb16/Documents/DataScienceProjects/student-dropout-retention-predictor/dbt/target/manifest.json
[0m23:23:33.875333 [debug] [MainThread]: Wrote artifact SemanticManifest to /Users/ogdata-mpb16/Documents/DataScienceProjects/student-dropout-retention-predictor/dbt/target/semantic_manifest.json
[0m23:23:33.877796 [debug] [MainThread]: Wrote artifact RunExecutionResult to /Users/ogdata-mpb16/Documents/DataScienceProjects/student-dropout-retention-predictor/dbt/target/run_results.json
[0m23:23:33.877922 [info ] [MainThread]: 
[0m23:23:33.878069 [info ] [MainThread]: [32mCompleted successfully[0m
[0m23:23:33.878192 [info ] [MainThread]: 
[0m23:23:33.878313 [info ] [MainThread]: Done. PASS=12 WARN=0 ERROR=0 SKIP=0 NO-OP=0 TOTAL=12
[0m23:23:33.879480 [debug] [MainThread]: Resource report: {"command_name": "test", "command_success": true, "command_wall_clock_time": 0.47931716, "process_in_blocks": "0", "process_kernel_time": 0.122895, "process_mem_max_rss": "190152704", "process_out_blocks": "0", "process_user_time": 1.121257}
[0m23:23:33.879635 [debug] [MainThread]: Command `dbt test` succeeded at 23:23:33.879606 after 0.48 seconds
[0m23:23:33.879759 [debug] [MainThread]: Sending event: {'category': 'dbt', 'action': 'invocation', 'label': 'end', 'context': [<snowplow_tracker.self_describing_json.SelfDescribingJson object at 0x104d9d430>, <snowplow_tracker.self_describing_json.SelfDescribingJson object at 0x1071c7fe0>, <snowplow_tracker.self_describing_json.SelfDescribingJson object at 0x1082fe390>]}
[0m23:23:33.879881 [debug] [MainThread]: Flushing usage events
[0m23:23:34.220784 [debug] [MainThread]: An error was encountered while trying to flush usage events
